incident_id,date,time,crime_category,area,district,latitude,longitude,location_type,description
SYN-2024-03509,2024-01-01,07:40:44,Vandalism,Downtown Central,District 1,37.776799,-122.407704,Park / Public Space,Reported Vandalism at Park / Public Space
SYN-2024-03055,2024-01-01,09:12:26,Narcotics,South Rail Corridor,District 4,37.748462,-122.384592,Parking Facility,Reported Narcotics at Parking Facility
SYN-2024-00040,2024-01-01,10:50:37,Motor Vehicle Theft,Westside Arts,District 5,37.775922,-122.43103,,Reported Motor Vehicle Theft at Parking Facility
SYN-2024-04433,2024-01-02,01:29:30,Narcotics,Westside Arts,District 5,37.776208,-122.433908,Residential Apartment,Reported Narcotics at Residential Apartment
SYN-2024-02228,2024-01-02,12:25:58,Public Disorder,Downtown Central,District 1,37.780464,-122.419041,Bar / Restaurant,Reported Public Disorder at Bar / Restaurant
SYN-2024-00302,2024-01-02,14:26:10,Burglary,Waterfront Marina,District 2,37.796142,-122.431167,Commercial Retail,Reported Burglary at Commercial Retail
SYN-2024-00823,2024-01-02,17:12:54,Burglary,Mission Commercial,District 3,37.761902,-122.419838,Commercial Retail,Reported Burglary at Commercial Retail
SYN-2024-02945,2024-01-02,20:12:43,Narcotics,South Rail Corridor,District 4,37.751411,-122.398008,Street / Sidewalk,Reported Narcotics at Street / Sidewalk
SYN-2024-04014,2024-01-03,12:01:50,Motor Vehicle Theft,Westside Arts,District 5,37.772695,-122.436955,Street / Sidewalk,Reported Motor Vehicle Theft at Street / Sidewalk
SYN-2024-03553,2024-01-03,12:39:58,Fraud,South Rail Corridor,District 4,37.747016,-122.39301,Parking Facility,Reported Fraud at Parking Facility
SYN-2024-04256,2024-01-03,17:01:50,Robbery,Waterfront Marina,District 2,37.796215,-122.443579,Parking Facility,Reported Robbery at Parking Facility
SYN-2024-02486,2024-01-03,18:32:47,Vandalism,Downtown Central,District 1,37.776274,-122.422313,Residential Apartment,Reported Vandalism at Residential Apartment
SYN-2024-00030,2024-01-04,08:16:10,Fraud,Westside Arts,District 5,37.781616,-122.429394,Bar / Restaurant,Reported Fraud at Bar / Restaurant
SYN-2024-01367,2024-01-04,12:37:55,Burglary,Mission Commercial,District 3,37.762353,-122.422357,Residential Apartment,Reported Burglary at Residential Apartment
SYN-2024-03946,2024-01-04,17:56:50,Robbery,Westside Arts,District 5,37.764705,-122.43679,Residential Apartment,Reported Robbery at Residential Apartment
SYN-2024-01675,2024-01-04,19:21:47,Burglary,Mission Commercial,District 3,37.761007,-122.419704,Residential Apartment,Reported Burglary at Residential Apartment
SYN-2024-04313,2024-01-04,23:08:25,Burglary,Westside Arts,District 5,37.752668,-122.389242,Commercial Retail,Reported Burglary at Commercial Retail
SYN-2024-01417,2024-01-05,02:52:28,Theft / Larceny,Downtown Central,District 1,37.780241,-122.420632,Street / Sidewalk,Reported Theft / Larceny at Street / Sidewalk
SYN-2024-02619,2024-01-05,14:56:51,Theft / Larceny,Downtown Central,District 1,37.778853,-122.410732,Transit Station,Reported Theft / Larceny at Transit Station
SYN-2024-02395,2024-01-05,18:11:16,Public Disorder,Downtown Central,District 1,37.782412,-122.419859,Street / Sidewalk,Reported Public Disorder at Street / Sidewalk
SYN-2024-01728,2024-01-05,18:36:06,Assault,Mission Commercial,District 3,37.757498,-122.414603,Bar / Restaurant,Reported Assault at Bar / Restaurant
SYN-2024-02841,2024-01-05,20:20:21,Public Disorder,Mission Commercial,District 3,37.763639,-122.417907,Street / Sidewalk,Reported Public Disorder at Street / Sidewalk
SYN-2024-04143,2024-01-05,20:24:31,Public Disorder,Westside Arts,District 5,37.770463,-122.427088,Park / Public Space,Reported Public Disorder at Park / Public Space
SYN-2024-03971,2024-01-05,21:20:11,Theft / Larceny,Waterfront Marina,District 2,37.802677,-122.438339,Alleyway,Reported Theft / Larceny at Alleyway
SYN-2024-03753,2024-01-05,21:21:14,Burglary,Mission Commercial,District 3,37.761555,-122.418686,Residential Apartment,Reported Burglary at Residential Apartment
SYN-2024-03337,2024-01-05,23:52:54,Assault,Mission Commercial,District 3,37.754264,-122.424397,Park / Public Space,Reported Assault at Park / Public Space
SYN-2024-03788,2024-01-06,00:07:41,Motor Vehicle Theft,South Rail Corridor,District 4,37.754183,-122.395458,Parking Facility,Reported Motor Vehicle Theft at Parking Facility
SYN-2024-01072,2024-01-06,10:35:50,Burglary,Mission Commercial,District 3,37.758771,-122.423648,Residential Apartment,Reported Burglary at Residential Apartment
SYN-2024-03906,2024-01-06,13:34:05,Theft / Larceny,Mission Commercial,District 3,37.762298,-122.420633,Bar / Restaurant,Reported Theft / Larceny at Bar / Restaurant
SYN-2024-00383,2024-01-06,13:35:05,Assault,Downtown Central,District 1,37.773099,-122.413392,Park / Public Space,Reported Assault at Park / Public Space
SYN-2024-01564,2024-01-06,15:33:13,Motor Vehicle Theft,Westside Arts,District 5,37.774377,-122.432122,Street / Sidewalk,Reported Motor Vehicle Theft at Street / Sidewalk
SYN-2024-03326,2024-01-06,18:35:23,Theft / Larceny,Westside Arts,District 5,37.775492,-122.430628,Alleyway,Reported Theft / Larceny at Alleyway
SYN-2024-00410,2024-01-06,19:52:09,Theft / Larceny,Mission Commercial,District 3,37.760972,-122.418465,Transit Station,Reported Theft / Larceny at Transit Station
SYN-2024-04384,2024-01-06,20:16:58,Theft / Larceny,Downtown Central,District 1,37.774692,-122.41087,Street / Sidewalk,Reported Theft / Larceny at Street / Sidewalk
SYN-2024-02314,2024-01-06,23:52:22,Burglary,Westside Arts,District 5,37.771947,-122.435002,Residential Apartment,Reported Burglary at Residential Apartment
SYN-2024-02008,2024-01-07,01:33:53,Theft / Larceny,Westside Arts,District 5,37.774558,-122.44402,Residential Apartment,Reported Theft / Larceny at Residential Apartment
SYN-2024-00188,2024-01-07,11:15:28,Narcotics,Westside Arts,District 5,37.772485,-122.436239,Transit Station,Reported Narcotics at Transit Station
SYN-2024-00508,2024-01-07,12:25:46,Narcotics,Mission Commercial,District 3,37.764545,-122.426816,Parking Facility,Reported Narcotics at Parking Facility
SYN-2024-02079,2024-01-07,20:19:39,Assault,Downtown Central,District 1,37.777002,-122.422599,Bar / Restaurant,Reported Assault at Bar / Restaurant
SYN-2024-01458,2024-01-07,21:31:52,Robbery,South Rail Corridor,District 4,37.737949,-122.398338,Commercial Retail,Reported Robbery at Commercial Retail
SYN-2024-00406,2024-01-08,08:00:24,Assault,Westside Arts,District 5,37.777974,-122.432645,Street / Sidewalk,Reported Assault at Street / Sidewalk
SYN-2024-01924,2024-01-08,11:01:03,Fraud,Westside Arts,District 5,37.775622,-122.432208,Transit Station,Reported Fraud at Transit Station
SYN-2024-01643,2024-01-08,17:41:36,Public Disorder,Downtown Central,District 1,37.778998,-122.415511,Park / Public Space,Reported Public Disorder at Park / Public Space
SYN-2024-04076,2024-01-08,20:13:44,Robbery,Westside Arts,District 5,37.775227,-122.434185,Residential Apartment,Reported Robbery at Residential Apartment
SYN-2024-00535,2024-01-08,20:15:45,Burglary,Mission Commercial,District 3,37.733408,-122.421339,Commercial Retail,Reported Burglary at Commercial Retail
SYN-2024-00917,2024-01-09,07:24:10,Public Disorder,Mission Commercial,District 3,37.758277,-122.418584,Bar / Restaurant,Reported Public Disorder at Bar / Restaurant
SYN-2024-02137,2024-01-09,08:33:56,Burglary,Westside Arts,District 5,37.779512,-122.434773,Commercial Retail,Reported Burglary at Commercial Retail
SYN-2024-01378,2024-01-09,09:17:32,Burglary,Waterfront Marina,District 2,37.804467,-122.432707,Residential Apartment,Reported Burglary at Residential Apartment
SYN-2024-04102,2024-01-09,12:21:48,Vandalism,Waterfront Marina,District 2,37.801669,-122.436428,Parking Facility,Reported Vandalism at Parking Facility
SYN-2024-02848,2024-01-09,12:34:52,Robbery,Downtown Central,District 1,37.776874,-122.417662,Alleyway,Reported Robbery at Alleyway
SYN-2024-01719,2024-01-09,17:53:00,Public Disorder,Downtown Central,District 1,37.782273,-122.413514,Street / Sidewalk,Reported Public Disorder at Street / Sidewalk
SYN-2024-03940,2024-01-09,19:13:15,Assault,Waterfront Marina,District 2,37.802434,-122.430539,Park / Public Space,Reported Assault at Park / Public Space
SYN-2024-03338,2024-01-10,09:42:29,Robbery,Downtown Central,District 1,37.781179,-122.423476,Commercial Retail,Reported Robbery at Commercial Retail
SYN-2024-00374,2024-01-10,12:15:57,Fraud,Westside Arts,District 5,37.773698,-122.437887,Residential Apartment,Reported Fraud at Residential Apartment
SYN-2024-01888,2024-01-10,16:11:20,Motor Vehicle Theft,Westside Arts,District 5,37.773902,-122.431992,Street / Sidewalk,Reported Motor Vehicle Theft at Street / Sidewalk
SYN-2024-02440,2024-01-10,16:42:43,Fraud,Downtown Central,District 1,37.778522,-122.423482,Alleyway,Reported Fraud at Alleyway
SYN-2024-02775,2024-01-10,20:16:23,Assault,Downtown Central,District 1,37.775543,-122.415527,Bar / Restaurant,Reported Assault at Bar / Restaurant
SYN-2024-03484,2024-01-11,13:06:48,Fraud,Westside Arts,District 5,37.780226,-122.435125,Bar / Restaurant,Reported Fraud at Bar / Restaurant
SYN-2024-00743,2024-01-11,15:27:56,Burglary,Westside Arts,District 5,37.773889,-122.432924,Residential Apartment,Reported Burglary at Residential Apartment
SYN-2024-01334,2024-01-11,18:19:21,Motor Vehicle Theft,Mission Commercial,District 3,37.76497,-122.421751,Parking Facility,Reported Motor Vehicle Theft at Parking Facility
SYN-2024-03571,2024-01-11,18:22:25,Robbery,Mission Commercial,District 3,37.756486,-122.419669,Transit Station,Reported Robbery at Transit Station
SYN-2024-01015,2024-01-11,19:56:51,Burglary,Waterfront Marina,District 2,37.802001,-122.435494,Residential Apartment,Reported Burglary at Residential Apartment
SYN-2024-03233,2024-01-12,08:01:17,Assault,Downtown Central,District 1,37.778338,-122.421055,Street / Sidewalk,Reported Assault at Street / Sidewalk
SYN-2024-01192,2024-01-12,15:22:12,Public Disorder,Westside Arts,District 5,37.778951,-122.435181,Park / Public Space,Reported Public Disorder at Park / Public Space
SYN-2024-00538,2024-01-12,15:30:36,Motor Vehicle Theft,Westside Arts,District 5,37.782949,-122.433206,Parking Facility,Reported Motor Vehicle Theft at Parking Facility
SYN-2024-04367,2024-01-12,15:57:08,Theft / Larceny,Downtown Central,District 1,37.785405,-122.413307,Residential Apartment,Reported Theft / Larceny at Residential Apartment
SYN-2024-04081,2024-01-12,16:06:25,Vandalism,Downtown Central,District 1,37.794203,-122.425558,Park / Public Space,Reported Vandalism at Park / Public Space
SYN-2024-02267,2024-01-12,20:16:32,Theft / Larceny,Waterfront Marina,District 2,37.793712,-122.432,Commercial Retail,Reported Theft / Larceny at Commercial Retail
SYN-2024-03196,2024-01-13,12:38:51,Vandalism,South Rail Corridor,District 4,37.75415,-122.396881,Bar / Restaurant,Reported Vandalism at Bar / Restaurant
SYN-2024-00225,2024-01-13,13:05:46,Fraud,South Rail Corridor,District 4,37.751654,-122.387203,Residential Apartment,Reported Fraud at Residential Apartment
SYN-2024-02186,2024-01-13,14:04:52,Theft / Larceny,Westside Arts,District 5,37.773444,-122.424182,Alleyway,Reported Theft / Larceny at Alleyway
SYN-2024-03345,2024-01-13,15:06:42,Motor Vehicle Theft,Mission Commercial,District 3,37.760489,-122.409822,Parking Facility,Reported Motor Vehicle Theft at Parking Facility
SYN-2024-00545,2024-01-13,19:24:43,Fraud,Downtown Central,District 1,37.771199,-122.426125,Commercial Retail,Reported Fraud at Commercial Retail
SYN-2024-03042,2024-01-13,22:24:45,Robbery,Downtown Central,District 1,37.787267,-122.418736,Parking Facility,Reported Robbery at Parking Facility
SYN-2024-04276,2024-01-14,00:21:44,Burglary,Westside Arts,District 5,37.778233,-122.430409,Residential Apartment,Reported Burglary at Residential Apartment
SYN-2024-03528,2024-01-14,00:28:31,Theft / Larceny,Mission Commercial,District 3,37.755169,-122.422377,Parking Facility,Reported Theft / Larceny at Parking Facility
SYN-2024-00608,2024-01-14,11:49:31,Fraud,Mission Commercial,District 3,37.761596,-122.416666,Parking Facility,Reported Fraud at Parking Facility
SYN-2024-02397,2024-01-14,15:53:40,Assault,Downtown Central,District 1,37.785992,-122.415984,Park / Public Space,Reported Assault at Park / Public Space
SYN-2024-01603,2024-01-14,19:42:23,Assault,Mission Commercial,District 3,37.759221,-122.417817,Park / Public Space,Reported Assault at Park / Public Space
SYN-2024-03056,2024-01-14,20:33:25,Motor Vehicle Theft,Downtown Central,District 1,37.778735,-122.41789,Parking Facility,Reported Motor Vehicle Theft at Parking Facility
SYN-2024-01772,2024-01-15,09:06:22,Fraud,Westside Arts,District 5,37.770691,-122.436652,Residential Apartment,Reported Fraud at Residential Apartment
SYN-2024-04043,2024-01-15,10:31:15,Assault,Downtown Central,District 1,37.786949,-122.40611,Bar / Restaurant,Reported Assault at Bar / Restaurant
SYN-2024-03660,2024-01-15,18:00:00,Burglary,Westside Arts,District 5,37.77272,-122.434766,Commercial Retail,Reported Burglary at Commercial Retail
SYN-2024-01869,2024-01-15,22:50:23,Motor Vehicle Theft,South Rail Corridor,District 4,37.761042,-122.42877,Street / Sidewalk,Reported Motor Vehicle Theft at Street / Sidewalk
SYN-2024-03976,2024-01-16,09:23:44,Vandalism,Mission Commercial,District 3,37.753036,-122.424027,Alleyway,Reported Vandalism at Alleyway
SYN-2024-00206,2024-01-16,09:47:07,Motor Vehicle Theft,Westside Arts,District 5,37.773964,-122.438467,Street / Sidewalk,Reported Motor Vehicle Theft at Street / Sidewalk
SYN-2024-01994,2024-01-16,10:09:06,Theft / Larceny,Mission Commercial,District 3,37.760542,-122.425308,Alleyway,Reported Theft / Larceny at Alleyway
SYN-2024-00444,2024-01-16,12:19:50,Narcotics,Waterfront Marina,District 2,37.803764,-122.436644,Alleyway,Reported Narcotics at Alleyway
SYN-2024-02077,2024-01-16,15:51:37,Motor Vehicle Theft,Mission Commercial,District 3,37.755468,-122.421017,Street / Sidewalk,Reported Motor Vehicle Theft at Street / Sidewalk
SYN-2024-02033,2024-01-16,17:55:17,Fraud,Westside Arts,District 5,37.776627,-122.435144,Alleyway,Reported Fraud at Alleyway
SYN-2024-00199,2024-01-17,04:38:02,Burglary,Mission Commercial,District 3,37.764136,-122.41782,Residential Apartment,Reported Burglary at Residential Apartment
SYN-2024-00579,2024-01-17,15:19:10,Robbery,Westside Arts,District 5,37.773084,-122.434556,Street / Sidewalk,Reported Robbery at Street / Sidewalk
SYN-2024-01418,2024-01-17,15:46:50,Vandalism,Waterfront Marina,District 2,37.797237,-122.439625,Street / Sidewalk,Reported Vandalism at Street / Sidewalk
SYN-2024-00256,2024-01-17,20:28:29,Fraud,Downtown Central,District 1,37.787361,-122.42235,Residential Apartment,Reported Fraud at Residential Apartment
SYN-2024-01118,2024-01-18,12:02:38,Assault,Downtown Central,District 1,37.779017,-122.414989,Park / Public Space,Reported Assault at Park / Public Space
SYN-2024-00897,2024-01-18,15:08:58,Robbery,Downtown Central,District 1,37.784943,-122.423591,Park / Public Space,Reported Robbery at Park / Public Space
SYN-2024-01438,2024-01-18,18:08:10,Public Disorder,Westside Arts,District 5,37.77537,-122.435024,Park / Public Space,Reported Public Disorder at Park / Public Space
SYN-2024-03710,2024-01-18,22:39:14,Assault,Westside Arts,District 5,37.777602,-122.431524,Bar / Restaurant,Reported Assault at Bar / Restaurant
SYN-2024-03291,2024-01-19,03:09:11,Theft / Larceny,Downtown Central,District 1,37.783445,-122.410313,Alleyway,Reported Theft / Larceny at Alleyway
SYN-2024-02830,2024-01-19,06:38:05,Narcotics,South Rail Corridor,District 4,37.748588,-122.392058,Transit Station,Reported Narcotics at Transit Station
SYN-2024-03641,2024-01-19,13:48:36,Vandalism,Downtown Central,District 1,37.776354,-122.401881,Park / Public Space,Reported Vandalism at Park / Public Space
SYN-2024-01960,2024-01-19,20:25:07,Theft / Larceny,Waterfront Marina,District 2,37.80159,-122.43251,Parking Facility,Reported Theft / Larceny at Parking Facility
SYN-2024-02707,2024-01-19,23:17:06,Narcotics,Mission Commercial,District 3,37.759098,-122.412356,Bar / Restaurant,Reported Narcotics at Bar / Restaurant
SYN-2024-00717,2024-01-20,10:53:45,Theft / Larceny,Waterfront Marina,District 2,37.798508,-122.439775,Commercial Retail,Reported Theft / Larceny at Commercial Retail
SYN-2024-02926,2024-01-20,11:52:33,Fraud,Westside Arts,District 5,37.781397,-122.436591,Residential Apartment,Reported Fraud at Residential Apartment
SYN-2024-02591,2024-01-20,12:43:01,Burglary,Westside Arts,District 5,37.778453,-122.434222,Residential Apartment,Reported Burglary at Residential Apartment
SYN-2024-00443,2024-01-20,23:01:11,Assault,South Rail Corridor,District 4,37.751432,-122.391875,Park / Public Space,Reported Assault at Park / Public Space
SYN-2024-00341,2024-01-21,08:28:24,Assault,Downtown Central,District 1,37.776714,-122.423374,Park / Public Space,Reported Assault at Park / Public Space
SYN-2024-03920,2024-01-21,11:39:28,Fraud,Mission Commercial,District 3,37.766614,-122.423434,Residential Apartment,Reported Fraud at Residential Apartment
SYN-2024-00048,2024-01-21,20:48:36,Public Disorder,Mission Commercial,District 3,37.765995,-122.426886,Street / Sidewalk,Reported Public Disorder at Street / Sidewalk
SYN-2024-04084,2024-01-22,08:10:00,Narcotics,Downtown Central,District 1,37.772756,-122.418923,Commercial Retail,Reported Narcotics at Commercial Retail
SYN-2024-02369,2024-01-22,11:42:15,Motor Vehicle Theft,Mission Commercial,District 3,37.758749,-122.420523,Parking Facility,Reported Motor Vehicle Theft at Parking Facility
SYN-2024-00102,2024-01-22,12:08:50,Theft / Larceny,Mission Commercial,District 3,37.761124,-122.421688,Residential Apartment,Reported Theft / Larceny at Residential Apartment
SYN-2024-00976,2024-01-22,14:14:42,Vandalism,South Rail Corridor,District 4,37.748149,-122.40705,Street / Sidewalk,Reported Vandalism at Street / Sidewalk
SYN-2024-00647,2024-01-22,17:57:38,Assault,Downtown Central,District 1,37.779858,-122.420448,Bar / Restaurant,Reported Assault at Bar / Restaurant
SYN-2024-04274,2024-01-22,21:18:55,Motor Vehicle Theft,Downtown Central,District 1,37.776234,-122.42346,Parking Facility,Reported Motor Vehicle Theft at Parking Facility
SYN-2024-03077,2024-01-23,11:13:56,Public Disorder,Downtown Central,District 1,37.784553,-122.418941,Street / Sidewalk,Reported Public Disorder at Street / Sidewalk
SYN-2024-04401,2024-01-23,15:38:51,Theft / Larceny,South Rail Corridor,District 4,37.746754,-122.398366,Transit Station,Reported Theft / Larceny at Transit Station
SYN-2024-03782,2024-01-23,16:12:23,Burglary,Waterfront Marina,District 2,37.801585,-122.43575,Commercial Retail,Reported Burglary at Commercial Retail
SYN-2024-02025,2024-01-23,16:42:45,Narcotics,South Rail Corridor,District 4,37.753852,-122.383688,Parking Facility,Reported Narcotics at Parking Facility
SYN-2024-02576,2024-01-23,20:53:21,Motor Vehicle Theft,Downtown Central,District 1,37.784067,-122.41482,Street / Sidewalk,Reported Motor Vehicle Theft at Street / Sidewalk
SYN-2024-02024,2024-01-24,00:54:34,Vandalism,Mission Commercial,District 3,37.766689,-122.419264,Bar / Restaurant,Reported Vandalism at Bar / Restaurant
SYN-2024-04029,2024-01-24,01:57:28,Vandalism,Mission Commercial,District 3,37.759495,-122.412161,Transit Station,Reported Vandalism at Transit Station
SYN-2024-04402,2024-01-24,03:45:48,Theft / Larceny,Westside Arts,District 5,37.774465,-122.431892,Residential Apartment,Reported Theft / Larceny at Residential Apartment
SYN-2024-02873,2024-01-24,09:16:02,Narcotics,Waterfront Marina,District 2,37.800865,-122.432621,Park / Public Space,Reported Narcotics at Park / Public Space
SYN-2024-04441,2024-01-24,11:55:37,Robbery,Downtown Central,District 1,37.786636,-122.412182,Parking Facility,Reported Robbery at Parking Facility
SYN-2024-01533,2024-01-24,15:44:37,Theft / Larceny,Mission Commercial,District 3,37.764395,-122.419153,Bar / Restaurant,Reported Theft / Larceny at Bar / Restaurant
SYN-2024-00516,2024-01-24,16:19:40,Public Disorder,Waterfront Marina,District 2,37.79458,-122.438526,Bar / Restaurant,Reported Public Disorder at Bar / Restaurant
SYN-2024-00476,2024-01-24,18:13:13,Motor Vehicle Theft,Mission Commercial,District 3,37.766158,-122.419298,Parking Facility,Reported Motor Vehicle Theft at Parking Facility
SYN-2024-01948,2024-01-24,20:05:24,Assault,Mission Commercial,District 3,37.763004,-122.415421,Bar / Restaurant,Reported Assault at Bar / Restaurant
SYN-2024-02374,2024-01-24,20:05:31,Public Disorder,Westside Arts,District 5,37.77764,-122.43154,Street / Sidewalk,Reported Public Disorder at Street / Sidewalk
SYN-2024-00889,2024-01-25,10:24:09,Vandalism,Mission Commercial,District 3,37.758113,-122.427405,Bar / Restaurant,Reported Vandalism at Bar / Restaurant
SYN-2024-01333,2024-01-25,12:13:11,Assault,Waterfront Marina,District 2,37.80639,-122.438396,Bar / Restaurant,Reported Assault at Bar / Restaurant
SYN-2024-00739,2024-01-25,17:21:53,Theft / Larceny,Downtown Central,District 1,37.783417,-122.424741,Residential Apartment,Reported Theft / Larceny at Residential Apartment
SYN-2024-02273,2024-01-26,02:19:41,Vandalism,Waterfront Marina,District 2,37.793586,-122.440443,Street / Sidewalk,Reported Vandalism at Street / Sidewalk
SYN-2024-02388,2024-01-26,06:41:25,Vandalism,Waterfront Marina,District 2,37.7972,-122.433582,Parking Facility,Reported Vandalism at Parking Facility
SYN-2024-03931,2024-01-26,07:18:06,Narcotics,Downtown Central,District 1,37.778053,-122.418033,Street / Sidewalk,Reported Narcotics at Street / Sidewalk
SYN-2024-02512,2024-01-26,09:55:30,Vandalism,Mission Commercial,District 3,37.758009,-122.416287,Transit Station,Reported Vandalism at Transit Station
SYN-2024-02447,2024-01-26,15:29:06,Public Disorder,Downtown Central,District 1,37.775575,-122.402326,Park / Public Space,Reported Public Disorder at Park / Public Space
SYN-2024-03540,2024-01-26,16:41:17,Motor Vehicle Theft,Mission Commercial,District 3,37.770097,-122.412046,Street / Sidewalk,Reported Motor Vehicle Theft at Street / Sidewalk
SYN-2024-01726,2024-01-26,18:08:00,Public Disorder,South Rail Corridor,District 4,37.749008,-122.39262,Bar / Restaurant,Reported Public Disorder at Bar / Restaurant
SYN-2024-02599,2024-01-26,23:21:11,Burglary,South Rail Corridor,District 4,37.75728,-122.394924,Commercial Retail,Reported Burglary at Commercial Retail
SYN-2024-00042,2024-01-26,23:39:54,Robbery,Waterfront Marina,District 2,37.798685,-122.434039,Residential Apartment,Reported Robbery at Residential Apartment
SYN-2024-01519,2024-01-27,02:04:24,Assault,Mission Commercial,District 3,37.758932,-122.420136,Street / Sidewalk,Reported Assault at Street / Sidewalk
SYN-2024-03369,2024-01-27,14:41:42,Vandalism,Mission Commercial,District 3,37.750868,-122.417129,Street / Sidewalk,Reported Vandalism at Street / Sidewalk
SYN-2024-04098,2024-01-27,19:48:56,Theft / Larceny,South Rail Corridor,District 4,37.754905,-122.392912,Bar / Restaurant,Reported Theft / Larceny at Bar / Restaurant
SYN-2024-01110,2024-01-28,17:49:15,Vandalism,Mission Commercial,District 3,37.760094,-122.427872,Street / Sidewalk,Reported Vandalism at Street / Sidewalk
SYN-2024-00138,2024-01-29,07:45:41,Public Disorder,Downtown Central,District 1,37.782559,-122.423497,Bar / Restaurant,Reported Public Disorder at Bar / Restaurant
SYN-2024-03382,2024-01-29,10:32:48,Theft / Larceny,Mission Commercial,District 3,37.761863,-122.417657,Parking Facility,Reported Theft / Larceny at Parking Facility
SYN-2024-01865,2024-01-29,12:50:38,Theft / Larceny,Downtown Central,District 1,37.777638,-122.414396,Bar / Restaurant,Reported Theft / Larceny at Bar / Restaurant
SYN-2024-01926,2024-01-29,18:30:09,Narcotics,Westside Arts,District 5,37.775639,-122.433696,Bar / Restaurant,Reported Narcotics at Bar / Restaurant
SYN-2024-01705,2024-01-29,18:38:06,Theft / Larceny,Waterfront Marina,District 2,37.796906,-122.435784,Commercial Retail,Reported Theft / Larceny at Commercial Retail
SYN-2024-00036,2024-01-29,23:11:37,Burglary,South Rail Corridor,District 4,37.743434,-122.383885,,Reported Burglary at Residential Apartment
SYN-2024-02411,2024-01-30,08:35:22,Theft / Larceny,Downtown Central,District 1,37.776339,-122.420058,Parking Facility,Reported Theft / Larceny at Parking Facility
SYN-2024-03253,2024-01-30,08:53:24,Vandalism,Westside Arts,District 5,37.774737,-122.428431,Alleyway,Reported Vandalism at Alleyway
SYN-2024-00113,2024-01-30,18:19:58,Theft / Larceny,Downtown Central,District 1,37.776844,-122.41545,Parking Facility,Reported Theft / Larceny at Parking Facility
SYN-2024-02226,2024-01-30,19:27:54,Narcotics,Westside Arts,District 5,37.772841,-122.437813,Street / Sidewalk,Reported Narcotics at Street / Sidewalk
SYN-2024-02309,2024-01-30,20:36:51,Motor Vehicle Theft,Mission Commercial,District 3,37.772544,-122.413902,Street / Sidewalk,Reported Motor Vehicle Theft at Street / Sidewalk
SYN-2024-02878,2024-01-30,20:57:10,Robbery,Downtown Central,District 1,37.771305,-122.422077,Park / Public Space,Reported Robbery at Park / Public Space
SYN-2024-02967,2024-01-31,00:27:27,Motor Vehicle Theft,Waterfront Marina,District 2,37.802488,-122.441444,Parking Facility,Reported Motor Vehicle Theft at Parking Facility
SYN-2024-00945,2024-01-31,10:46:44,Burglary,South Rail Corridor,District 4,37.756361,-122.3872,Commercial Retail,Reported Burglary at Commercial Retail
SYN-2024-04130,2024-02-01,06:30:34,Robbery,Downtown Central,District 1,37.774653,-122.42185,Residential Apartment,Reported Robbery at Residential Apartment
SYN-2024-03004,2024-02-01,07:09:48,Public Disorder,Downtown Central,District 1,37.74102,-122.397118,Street / Sidewalk,Reported Public Disorder at Street / Sidewalk
SYN-2024-03825,2024-02-01,15:00:00,Public Disorder,Downtown Central,District 1,37.784441,-122.419024,Street / Sidewalk,Reported Public Disorder at Street / Sidewalk
SYN-2024-01511,2024-02-01,17:11:47,Robbery,Downtown Central,District 1,37.780322,-122.409974,Residential Apartment,Reported Robbery at Residential Apartment
SYN-2024-02991,2024-02-01,20:51:22,Theft / Larceny,Waterfront Marina,District 2,37.797957,-122.43857,Commercial Retail,Reported Theft / Larceny at Commercial Retail
SYN-2024-01866,2024-02-02,08:29:02,Vandalism,Mission Commercial,District 3,37.778993,-122.438355,Street / Sidewalk,Reported Vandalism at Street / Sidewalk
SYN-2024-00902,2024-02-02,09:10:00,Burglary,Mission Commercial,District 3,37.764298,-122.426875,Commercial Retail,Reported Burglary at Commercial Retail
SYN-2024-03418,2024-02-02,11:23:51,Motor Vehicle Theft,Westside Arts,District 5,37.780794,-122.441073,Parking Facility,Reported Motor Vehicle Theft at Parking Facility
SYN-2024-01609,2024-02-02,11:26:27,Narcotics,Downtown Central,District 1,37.779432,-122.418485,Street / Sidewalk,Reported Narcotics at Street / Sidewalk
SYN-2024-00983,2024-02-02,13:51:43,Motor Vehicle Theft,Westside Arts,District 5,37.779256,-122.437333,Street / Sidewalk,Reported Motor Vehicle Theft at Street / Sidewalk
SYN-2024-03585,2024-02-02,18:10:51,Theft / Larceny,Downtown Central,District 1,37.781312,-122.42384,Alleyway,Reported Theft / Larceny at Alleyway
SYN-2024-03154,2024-02-03,17:09:06,Theft / Larceny,Waterfront Marina,District 2,37.804147,-122.435194,Transit Station,Reported Theft / Larceny at Transit Station
SYN-2024-02999,2024-02-03,21:24:37,Assault,South Rail Corridor,District 4,37.747435,-122.395014,Street / Sidewalk,Reported Assault at Street / Sidewalk
SYN-2024-00321,2024-02-03,21:45:12,Robbery,Downtown Central,District 1,37.779282,-122.411447,Commercial Retail,Reported Robbery at Commercial Retail
SYN-2024-03896,2024-02-03,22:21:03,Assault,Downtown Central,District 1,37.775153,-122.418875,Bar / Restaurant,Reported Assault at Bar / Restaurant
SYN-2024-01101,2024-02-04,07:22:55,Burglary,South Rail Corridor,District 4,37.74746,-122.394062,Commercial Retail,Reported Burglary at Commercial Retail
SYN-2024-04232,2024-02-04,10:10:42,Burglary,Westside Arts,District 5,37.774703,-122.435596,Residential Apartment,Reported Burglary at Residential Apartment
SYN-2024-02568,2024-02-04,11:50:13,Assault,Downtown Central,District 1,37.80689,-122.390363,Bar / Restaurant,Reported Assault at Bar / Restaurant
SYN-2024-03017,2024-02-04,12:53:33,Public Disorder,Waterfront Marina,District 2,37.799989,-122.436383,Street / Sidewalk,Reported Public Disorder at Street / Sidewalk
SYN-2024-02927,2024-02-04,14:51:31,Vandalism,South Rail Corridor,District 4,37.756272,-122.384809,Park / Public Space,Reported Vandalism at Park / Public Space
SYN-2024-00093,2024-02-04,16:46:08,Assault,Downtown Central,District 1,37.781567,-122.408965,Park / Public Space,Reported Assault at Park / Public Space
SYN-2024-00741,2024-02-04,21:44:04,Public Disorder,Waterfront Marina,District 2,37.800861,-122.438156,Bar / Restaurant,Reported Public Disorder at Bar / Restaurant
SYN-2024-01932,2024-02-05,09:05:06,Vandalism,Downtown Central,District 1,37.777125,-122.416674,Street / Sidewalk,Reported Vandalism at Street / Sidewalk
SYN-2024-01305,2024-02-05,12:48:36,Robbery,Downtown Central,District 1,37.781363,-122.418168,Parking Facility,Reported Robbery at Parking Facility
SYN-2024-03836,2024-02-05,15:52:42,Motor Vehicle Theft,South Rail Corridor,District 4,37.753867,-122.392761,Street / Sidewalk,Reported Motor Vehicle Theft at Street / Sidewalk
SYN-2024-03151,2024-02-05,20:41:57,Assault,Downtown Central,District 1,37.779397,-122.41915,Park / Public Space,Reported Assault at Park / Public Space
SYN-2024-01011,2024-02-06,05:26:38,Fraud,Westside Arts,District 5,37.774865,-122.433957,Alleyway,Reported Fraud at Alleyway
SYN-2024-01012,2024-02-06,10:22:27,Motor Vehicle Theft,Mission Commercial,District 3,37.734982,-122.398111,Street / Sidewalk,Reported Motor Vehicle Theft at Street / Sidewalk
SYN-2024-02348,2024-02-06,11:40:04,Theft / Larceny,Downtown Central,District 1,37.76651,-122.38851,Residential Apartment,Reported Theft / Larceny at Residential Apartment
SYN-2024-00274,2024-02-06,21:47:41,Vandalism,Mission Commercial,District 3,37.756818,-122.41223,Bar / Restaurant,Reported Vandalism at Bar / Restaurant
SYN-2024-02070,2024-02-07,11:17:58,Assault,Mission Commercial,District 3,37.773474,-122.424797,Bar / Restaurant,Reported Assault at Bar / Restaurant
SYN-2024-02298,2024-02-07,17:43:35,Burglary,South Rail Corridor,District 4,37.740171,-122.378894,Commercial Retail,Reported Burglary at Commercial Retail
SYN-2024-02947,2024-02-07,20:48:45,Narcotics,Downtown Central,District 1,37.778629,-122.414244,Residential Apartment,Reported Narcotics at Residential Apartment
SYN-2024-01970,2024-02-07,22:51:32,Robbery,Downtown Central,District 1,37.781932,-122.414048,Transit Station,Reported Robbery at Transit Station
SYN-2024-03449,2024-02-08,03:16:48,Robbery,Downtown Central,District 1,37.777981,-122.412136,Commercial Retail,Reported Robbery at Commercial Retail
SYN-2024-04388,2024-02-08,13:47:54,Theft / Larceny,Downtown Central,District 1,37.777704,-122.41468,Bar / Restaurant,Reported Theft / Larceny at Bar / Restaurant
SYN-2024-01887,2024-02-08,15:56:11,Burglary,Waterfront Marina,District 2,37.797043,-122.436371,Commercial Retail,Reported Burglary at Commercial Retail
SYN-2024-02379,2024-02-08,16:38:37,Robbery,Downtown Central,District 1,37.78051,-122.420847,Commercial Retail,Reported Robbery at Commercial Retail
SYN-2024-00792,2024-02-08,18:28:47,Theft / Larceny,Waterfront Marina,District 2,37.802352,-122.442326,Park / Public Space,Reported Theft / Larceny at Park / Public Space
SYN-2024-04305,2024-02-08,19:21:09,Assault,Downtown Central,District 1,37.77406,-122.422959,Bar / Restaurant,Reported Assault at Bar / Restaurant
SYN-2024-02219,2024-02-08,20:21:35,Burglary,Mission Commercial,District 3,37.762868,-122.419073,Commercial Retail,Reported Burglary at Commercial Retail
SYN-2024-00632,2024-02-08,20:36:32,Burglary,South Rail Corridor,District 4,37.754433,-122.392487,Commercial Retail,Reported Burglary at Commercial Retail
SYN-2024-03730,2024-02-09,10:22:04,Vandalism,Waterfront Marina,District 2,37.796617,-122.444114,Parking Facility,Reported Vandalism at Parking Facility
SYN-2024-00171,2024-02-09,12:30:33,Assault,Mission Commercial,District 3,37.763182,-122.420464,Park / Public Space,Reported Assault at Park / Public Space
SYN-2024-02892,2024-02-09,13:53:42,Vandalism,Downtown Central,District 1,37.780039,-122.41658,Park / Public Space,Reported Vandalism at Park / Public Space
SYN-2024-03408,2024-02-09,19:28:27,Public Disorder,Downtown Central,District 1,37.788654,-122.414513,Street / Sidewalk,Reported Public Disorder at Street / Sidewalk
SYN-2024-03632,2024-02-10,08:46:45,Robbery,South Rail Corridor,District 4,37.750996,-122.389869,Residential Apartment,Reported Robbery at Residential Apartment
SYN-2024-00371,2024-02-10,09:20:38,Fraud,Downtown Central,District 1,37.774943,-122.418993,Transit Station,Reported Fraud at Transit Station
SYN-2024-01270,2024-02-10,13:24:30,Theft / Larceny,Downtown Central,District 1,37.776381,-122.418546,Park / Public Space,Reported Theft / Larceny at Park / Public Space
SYN-2024-02125,2024-02-10,13:52:34,Burglary,Mission Commercial,District 3,37.759713,-122.419773,Commercial Retail,Reported Burglary at Commercial Retail
SYN-2024-00127,2024-02-10,14:28:33,Motor Vehicle Theft,Mission Commercial,District 3,37.754753,-122.414514,Parking Facility,Reported Motor Vehicle Theft at Parking Facility
SYN-2024-04325,2024-02-10,17:25:15,Vandalism,Waterfront Marina,District 2,37.811151,-122.440074,Street / Sidewalk,Reported Vandalism at Street / Sidewalk
SYN-2024-02953,2024-02-10,18:14:21,Public Disorder,Downtown Central,District 1,37.774574,-122.413772,Bar / Restaurant,Reported Public Disorder at Bar / Restaurant
SYN-2024-01140,2024-02-10,18:32:40,Burglary,Westside Arts,District 5,37.775236,-122.439735,Residential Apartment,Reported Burglary at Residential Apartment
SYN-2024-01403,2024-02-10,20:12:50,Public Disorder,Downtown Central,District 1,37.776648,-122.408168,Bar / Restaurant,Reported Public Disorder at Bar / Restaurant
SYN-2024-02847,2024-02-10,21:09:42,Public Disorder,Waterfront Marina,District 2,37.79179,-122.436701,Park / Public Space,Reported Public Disorder at Park / Public Space
SYN-2024-01583,2024-02-11,11:19:15,Burglary,South Rail Corridor,District 4,37.758722,-122.387691,Commercial Retail,Reported Burglary at Commercial Retail
SYN-2024-01503,2024-02-11,12:35:00,Narcotics,Waterfront Marina,District 2,37.802692,-122.428257,Residential Apartment,Reported Narcotics at Residential Apartment
SYN-2024-00565,2024-02-11,19:40:39,Public Disorder,Mission Commercial,District 3,37.746147,-122.452869,Bar / Restaurant,Reported Public Disorder at Bar / Restaurant
SYN-2024-04379,2024-02-11,20:21:41,Theft / Larceny,Waterfront Marina,District 2,37.810101,-122.440228,Alleyway,Reported Theft / Larceny at Alleyway
SYN-2024-01391,2024-02-12,00:08:12,Motor Vehicle Theft,Mission Commercial,District 3,37.748906,-122.424067,Street / Sidewalk,Reported Motor Vehicle Theft at Street / Sidewalk
SYN-2024-04094,2024-02-12,10:00:28,Vandalism,Downtown Central,District 1,37.745611,-122.446416,Bar / Restaurant,Reported Vandalism at Bar / Restaurant
SYN-2024-00811,2024-02-12,16:00:24,Narcotics,Westside Arts,District 5,37.771782,-122.434454,Transit Station,Reported Narcotics at Transit Station
SYN-2024-02399,2024-02-12,22:40:12,Public Disorder,Downtown Central,District 1,37.784755,-122.420927,Street / Sidewalk,Reported Public Disorder at Street / Sidewalk
SYN-2024-03934,2024-02-13,09:23:11,Theft / Larceny,Waterfront Marina,District 2,37.800036,-122.434827,Bar / Restaurant,Reported Theft / Larceny at Bar / Restaurant
SYN-2024-03133,2024-02-13,09:43:32,Vandalism,Mission Commercial,District 3,37.761972,-122.416698,Commercial Retail,Reported Vandalism at Commercial Retail
SYN-2024-01612,2024-02-13,11:38:32,Robbery,Downtown Central,District 1,37.773823,-122.412984,Alleyway,Reported Robbery at Alleyway
SYN-2024-00560,2024-02-13,13:13:51,Fraud,Westside Arts,District 5,37.775149,-122.433616,Parking Facility,Reported Fraud at Parking Facility
SYN-2024-00749,2024-02-13,15:58:00,Assault,Westside Arts,District 5,37.775404,-122.42915,Street / Sidewalk,Reported Assault at Street / Sidewalk
SYN-2024-03902,2024-02-13,16:25:31,Motor Vehicle Theft,Westside Arts,District 5,37.774535,-122.429159,Parking Facility,Reported Motor Vehicle Theft at Parking Facility
SYN-2024-01804,2024-02-13,16:54:19,Theft / Larceny,Mission Commercial,District 3,37.760978,-122.420981,Residential Apartment,Reported Theft / Larceny at Residential Apartment
SYN-2024-00449,2024-02-13,18:44:38,Motor Vehicle Theft,Downtown Central,District 1,37.784596,-122.413379,Street / Sidewalk,Reported Motor Vehicle Theft at Street / Sidewalk
SYN-2024-04072,2024-02-13,21:04:29,Public Disorder,Westside Arts,District 5,37.765726,-122.409021,Street / Sidewalk,Reported Public Disorder at Street / Sidewalk
SYN-2024-02765,2024-02-13,22:02:47,Assault,South Rail Corridor,District 4,37.736551,-122.404973,Park / Public Space,Reported Assault at Park / Public Space
SYN-2024-00891,2024-02-14,09:33:21,Burglary,Mission Commercial,District 3,37.757846,-122.42417,Residential Apartment,Reported Burglary at Residential Apartment
SYN-2024-04000,2024-02-14,09:33:27,Robbery,Downtown Central,District 1,37.782113,-122.423438,Park / Public Space,Reported Robbery at Park / Public Space
SYN-2024-02437,2024-02-15,11:35:42,Public Disorder,Downtown Central,District 1,37.777605,-122.413695,Bar / Restaurant,Reported Public Disorder at Bar / Restaurant
SYN-2024-04364,2024-02-15,14:41:11,Assault,Mission Commercial,District 3,37.756693,-122.421254,Park / Public Space,Reported Assault at Park / Public Space
SYN-2024-01243,2024-02-15,21:06:29,Robbery,South Rail Corridor,District 4,37.748325,-122.443461,Park / Public Space,Reported Robbery at Park / Public Space
SYN-2024-01322,2024-02-15,22:56:17,Motor Vehicle Theft,Westside Arts,District 5,37.777835,-122.434562,Street / Sidewalk,Reported Motor Vehicle Theft at Street / Sidewalk
SYN-2024-01182,2024-02-16,08:15:11,Motor Vehicle Theft,Mission Commercial,District 3,37.758892,-122.418787,Street / Sidewalk,Reported Motor Vehicle Theft at Street / Sidewalk
SYN-2024-03935,2024-02-16,09:53:52,Vandalism,Waterfront Marina,District 2,37.801454,-122.435209,Residential Apartment,Reported Vandalism at Residential Apartment
SYN-2024-04205,2024-02-16,11:50:57,Theft / Larceny,Mission Commercial,District 3,37.760214,-122.418207,Alleyway,Reported Theft / Larceny at Alleyway
SYN-2024-00564,2024-02-16,12:07:17,Vandalism,Downtown Central,District 1,37.768859,-122.412886,Park / Public Space,Reported Vandalism at Park / Public Space
SYN-2024-01845,2024-02-16,17:34:13,Theft / Larceny,Waterfront Marina,District 2,37.806946,-122.43984,Alleyway,Reported Theft / Larceny at Alleyway
SYN-2024-03833,2024-02-16,19:25:11,Assault,Waterfront Marina,District 2,37.792496,-122.440686,Bar / Restaurant,Reported Assault at Bar / Restaurant
SYN-2024-02785,2024-02-16,19:36:26,Assault,Mission Commercial,District 3,37.76165,-122.414955,Bar / Restaurant,Reported Assault at Bar / Restaurant
SYN-2024-01043,2024-02-16,21:28:58,Public Disorder,Mission Commercial,District 3,37.757994,-122.425188,Street / Sidewalk,Reported Public Disorder at Street / Sidewalk
SYN-2024-00718,2024-02-16,22:21:27,Theft / Larceny,Downtown Central,District 1,37.790274,-122.409743,Park / Public Space,Reported Theft / Larceny at Park / Public Space
SYN-2024-02757,2024-02-17,01:45:33,Robbery,Downtown Central,District 1,37.775238,-122.410542,Alleyway,Reported Robbery at Alleyway
SYN-2024-01499,2024-02-17,07:47:08,Public Disorder,Mission Commercial,District 3,37.760954,-122.419956,Bar / Restaurant,Reported Public Disorder at Bar / Restaurant
SYN-2024-02932,2024-02-17,14:29:35,Motor Vehicle Theft,South Rail Corridor,District 4,37.746008,-122.387141,Parking Facility,Reported Motor Vehicle Theft at Parking Facility
SYN-2024-01324,2024-02-18,06:23:29,Burglary,Waterfront Marina,District 2,37.798156,-122.432971,Commercial Retail,Reported Burglary at Commercial Retail
SYN-2024-02508,2024-02-18,10:07:56,Vandalism,Mission Commercial,District 3,37.761861,-122.420617,Park / Public Space,Reported Vandalism at Park / Public Space
SYN-2024-02463,2024-02-18,10:52:00,Burglary,Mission Commercial,District 3,37.761734,-122.424921,Commercial Retail,Reported Burglary at Commercial Retail
SYN-2024-02536,2024-02-18,17:56:47,Assault,Mission Commercial,District 3,37.7583,-122.414922,Street / Sidewalk,Reported Assault at Street / Sidewalk
SYN-2024-00368,2024-02-18,21:24:26,Vandalism,South Rail Corridor,District 4,37.752621,-122.410355,Street / Sidewalk,Reported Vandalism at Street / Sidewalk
SYN-2024-03270,2024-02-19,13:34:55,Motor Vehicle Theft,Mission Commercial,District 3,37.764627,-122.41432,Parking Facility,Reported Motor Vehicle Theft at Parking Facility
SYN-2024-00519,2024-02-21,03:27:25,Robbery,Downtown Central,District 1,37.775615,-122.40882,Alleyway,Reported Robbery at Alleyway
SYN-2024-02565,2024-02-21,10:47:32,Theft / Larceny,Waterfront Marina,District 2,37.802437,-122.435862,Commercial Retail,Reported Theft / Larceny at Commercial Retail
SYN-2024-03693,2024-02-21,12:10:07,Burglary,Westside Arts,District 5,37.777549,-122.432266,Residential Apartment,Reported Burglary at Residential Apartment
SYN-2024-04032,2024-02-21,17:52:59,Robbery,Mission Commercial,District 3,37.767447,-122.414862,Transit Station,Reported Robbery at Transit Station
SYN-2024-02442,2024-02-21,22:58:00,Burglary,Mission Commercial,District 3,37.760654,-122.419684,Commercial Retail,Reported Burglary at Commercial Retail
SYN-2024-04310,2024-02-22,01:23:26,Robbery,Mission Commercial,District 3,37.757494,-122.416192,Residential Apartment,Reported Robbery at Residential Apartment
SYN-2024-00685,2024-02-22,07:54:45,Burglary,Mission Commercial,District 3,37.755809,-122.42188,Commercial Retail,Reported Burglary at Commercial Retail
SYN-2024-01036,2024-02-22,17:33:28,Public Disorder,Downtown Central,District 1,37.779134,-122.41342,Park / Public Space,Reported Public Disorder at Park / Public Space
SYN-2024-02834,2024-02-22,18:03:52,Robbery,Downtown Central,District 1,37.745895,-122.430222,Park / Public Space,Reported Robbery at Park / Public Space
SYN-2024-03584,2024-02-22,19:18:51,Burglary,Downtown Central,District 1,37.772524,-122.424742,Commercial Retail,Reported Burglary at Commercial Retail
SYN-2024-00111,2024-02-22,22:38:19,Assault,Mission Commercial,District 3,37.752294,-122.418134,Bar / Restaurant,Reported Assault at Bar / Restaurant
SYN-2024-03193,2024-02-22,23:22:06,Vandalism,Mission Commercial,District 3,37.760133,-122.420685,Commercial Retail,Reported Vandalism at Commercial Retail
SYN-2024-00721,2024-02-23,19:37:15,Burglary,Mission Commercial,District 3,37.757886,-122.414384,Residential Apartment,Reported Burglary at Residential Apartment
SYN-2024-04374,2024-02-24,02:40:39,Theft / Larceny,Downtown Central,District 1,37.783568,-122.417691,Street / Sidewalk,Reported Theft / Larceny at Street / Sidewalk
SYN-2024-01955,2024-02-24,16:17:56,Burglary,Westside Arts,District 5,37.773469,-122.435384,Residential Apartment,Reported Burglary at Residential Apartment
SYN-2024-01648,2024-02-24,22:27:10,Assault,Waterfront Marina,District 2,37.802365,-122.441812,Street / Sidewalk,Reported Assault at Street / Sidewalk
SYN-2024-03674,2024-02-25,06:16:03,Burglary,Mission Commercial,District 3,37.762511,-122.422996,Residential Apartment,Reported Burglary at Residential Apartment
SYN-2024-01581,2024-02-25,09:56:02,Robbery,Downtown Central,District 1,37.772777,-122.417231,Alleyway,Reported Robbery at Alleyway
SYN-2024-00570,2024-02-25,11:27:16,Vandalism,Downtown Central,District 1,37.796638,-122.386011,Alleyway,Reported Vandalism at Alleyway
SYN-2024-00307,2024-02-25,14:18:52,Theft / Larceny,Westside Arts,District 5,37.776372,-122.430053,Residential Apartment,Reported Theft / Larceny at Residential Apartment
SYN-2024-03765,2024-02-25,16:29:05,Motor Vehicle Theft,South Rail Corridor,District 4,37.760832,-122.391255,Street / Sidewalk,Reported Motor Vehicle Theft at Street / Sidewalk
SYN-2024-01961,2024-02-25,16:33:09,Theft / Larceny,Mission Commercial,District 3,37.764268,-122.421937,Parking Facility,Reported Theft / Larceny at Parking Facility
SYN-2024-00475,2024-02-25,17:09:55,Public Disorder,Waterfront Marina,District 2,37.805683,-122.433903,Street / Sidewalk,Reported Public Disorder at Street / Sidewalk
SYN-2024-02798,2024-02-25,17:50:36,Vandalism,South Rail Corridor,District 4,37.749503,-122.404637,Park / Public Space,Reported Vandalism at Park / Public Space
SYN-2024-03456,2024-02-25,18:40:38,Public Disorder,South Rail Corridor,District 4,37.747996,-122.400443,Park / Public Space,Reported Public Disorder at Park / Public Space
SYN-2024-02083,2024-02-25,18:50:55,Burglary,Westside Arts,District 5,37.766755,-122.435104,Residential Apartment,Reported Burglary at Residential Apartment
SYN-2024-03981,2024-02-25,20:30:29,Motor Vehicle Theft,Downtown Central,District 1,37.770618,-122.415985,Parking Facility,Reported Motor Vehicle Theft at Parking Facility
SYN-2024-03913,2024-02-25,21:43:36,Theft / Larceny,Downtown Central,District 1,37.776439,-122.423246,Transit Station,Reported Theft / Larceny at Transit Station
SYN-2024-02435,2024-02-26,12:25:28,Theft / Larceny,Waterfront Marina,District 2,37.796451,-122.441282,Street / Sidewalk,Reported Theft / Larceny at Street / Sidewalk
SYN-2024-02053,2024-02-26,15:27:55,Assault,Downtown Central,District 1,37.779642,-122.417257,Park / Public Space,Reported Assault at Park / Public Space
SYN-2024-02735,2024-02-26,18:37:37,Theft / Larceny,Downtown Central,District 1,37.777239,-122.415465,Park / Public Space,Reported Theft / Larceny at Park / Public Space
SYN-2024-02709,2024-02-27,00:08:15,Public Disorder,Downtown Central,District 1,37.764402,-122.422552,Street / Sidewalk,Reported Public Disorder at Street / Sidewalk
SYN-2024-03018,2024-02-27,09:40:23,Robbery,South Rail Corridor,District 4,37.756603,-122.38733,Park / Public Space,Reported Robbery at Park / Public Space
SYN-2024-03357,2024-02-27,10:34:48,Theft / Larceny,Mission Commercial,District 3,37.764779,-122.422495,Street / Sidewalk,Reported Theft / Larceny at Street / Sidewalk
SYN-2024-00216,2024-02-27,18:05:31,Burglary,Waterfront Marina,District 2,37.803236,-122.438534,Commercial Retail,Reported Burglary at Commercial Retail
SYN-2024-04018,2024-02-27,20:03:27,Burglary,Mission Commercial,District 3,37.762549,-122.422633,Residential Apartment,Reported Burglary at Residential Apartment
SYN-2024-01016,2024-02-28,09:02:20,Theft / Larceny,Downtown Central,District 1,37.782316,-122.413482,Residential Apartment,Reported Theft / Larceny at Residential Apartment
SYN-2024-01817,2024-02-28,09:41:23,Theft / Larceny,Downtown Central,District 1,37.778413,-122.42309,Parking Facility,Reported Theft / Larceny at Parking Facility
SYN-2024-00858,2024-02-28,17:21:19,Theft / Larceny,Mission Commercial,District 3,37.76424,-122.418764,Parking Facility,Reported Theft / Larceny at Parking Facility
SYN-2024-02890,2024-02-28,18:43:54,Assault,Downtown Central,District 1,37.7787,-122.420916,Bar / Restaurant,Reported Assault at Bar / Restaurant
SYN-2024-02091,2024-02-28,19:59:26,Robbery,Downtown Central,District 1,37.78071,-122.408518,Transit Station,Reported Robbery at Transit Station
SYN-2024-01820,2024-02-29,14:56:46,Vandalism,Mission Commercial,District 3,37.767295,-122.420949,Alleyway,Reported Vandalism at Alleyway
SYN-2024-01495,2024-02-29,17:51:07,Burglary,Waterfront Marina,District 2,37.801163,-122.43392,Commercial Retail,Reported Burglary at Commercial Retail
SYN-2024-01299,2024-03-01,10:00:20,Assault,Mission Commercial,District 3,37.759499,-122.415523,Park / Public Space,Reported Assault at Park / Public Space
SYN-2024-00250,2024-03-01,16:38:34,Narcotics,Downtown Central,District 1,37.777969,-122.407572,Transit Station,Reported Narcotics at Transit Station
SYN-2024-00211,2024-03-01,16:53:54,Vandalism,Downtown Central,District 1,37.771134,-122.412172,Street / Sidewalk,Reported Vandalism at Street / Sidewalk
SYN-2024-02028,2024-03-01,21:14:21,Burglary,Downtown Central,District 1,37.7743,-122.413798,Residential Apartment,Reported Burglary at Residential Apartment
SYN-2024-02012,2024-03-02,09:41:09,Theft / Larceny,Mission Commercial,District 3,37.762801,-122.424085,Commercial Retail,Reported Theft / Larceny at Commercial Retail
SYN-2024-03845,2024-03-02,10:02:44,Vandalism,Mission Commercial,District 3,37.757556,-122.41911,Commercial Retail,Reported Vandalism at Commercial Retail
SYN-2024-01931,2024-03-02,11:21:51,Theft / Larceny,Mission Commercial,District 3,37.757483,-122.418379,Alleyway,Reported Theft / Larceny at Alleyway
SYN-2024-03185,2024-03-02,19:04:01,Motor Vehicle Theft,Downtown Central,District 1,37.78036,-122.413369,Parking Facility,Reported Motor Vehicle Theft at Parking Facility
SYN-2024-00552,2024-03-02,19:11:28,Public Disorder,Downtown Central,District 1,37.776328,-122.416867,Street / Sidewalk,Reported Public Disorder at Street / Sidewalk
SYN-2024-02728,2024-03-03,11:33:25,Vandalism,Mission Commercial,District 3,37.75517,-122.424559,Bar / Restaurant,Reported Vandalism at Bar / Restaurant
SYN-2024-02946,2024-03-03,15:46:26,Assault,South Rail Corridor,District 4,37.752708,-122.393489,Street / Sidewalk,Reported Assault at Street / Sidewalk
SYN-2024-00176,2024-03-04,15:35:20,Narcotics,South Rail Corridor,District 4,37.754732,-122.381061,Bar / Restaurant,Reported Narcotics at Bar / Restaurant
SYN-2024-01307,2024-03-04,17:25:44,Vandalism,Downtown Central,District 1,37.786917,-122.409999,Residential Apartment,Reported Vandalism at Residential Apartment
SYN-2024-00189,2024-03-04,18:29:19,Burglary,Downtown Central,District 1,37.771658,-122.425731,Commercial Retail,Reported Burglary at Commercial Retail
SYN-2024-03102,2024-03-04,18:42:09,Motor Vehicle Theft,Mission Commercial,District 3,37.762903,-122.423814,Parking Facility,Reported Motor Vehicle Theft at Parking Facility
SYN-2024-03923,2024-03-04,19:53:41,Burglary,Westside Arts,District 5,37.771538,-122.431901,Commercial Retail,Reported Burglary at Commercial Retail
SYN-2024-01631,2024-03-05,05:53:07,Motor Vehicle Theft,Mission Commercial,District 3,37.760187,-122.424409,Street / Sidewalk,Reported Motor Vehicle Theft at Street / Sidewalk
SYN-2024-01295,2024-03-05,13:15:13,Assault,South Rail Corridor,District 4,37.754195,-122.395683,Street / Sidewalk,Reported Assault at Street / Sidewalk
SYN-2024-01671,2024-03-05,13:27:24,Robbery,Downtown Central,District 1,37.783363,-122.412814,Alleyway,Reported Robbery at Alleyway
SYN-2024-00240,2024-03-05,19:34:11,Motor Vehicle Theft,Mission Commercial,District 3,37.763185,-122.422723,Street / Sidewalk,Reported Motor Vehicle Theft at Street / Sidewalk
SYN-2024-03763,2024-03-06,01:39:30,Theft / Larceny,Westside Arts,District 5,37.771963,-122.43329,Bar / Restaurant,Reported Theft / Larceny at Bar / Restaurant
SYN-2024-01226,2024-03-06,04:46:17,Fraud,Mission Commercial,District 3,37.753767,-122.41864,Street / Sidewalk,Reported Fraud at Street / Sidewalk
SYN-2024-00692,2024-03-06,08:14:07,Burglary,Mission Commercial,District 3,37.760833,-122.425808,Commercial Retail,Reported Burglary at Commercial Retail
SYN-2024-04328,2024-03-06,09:10:10,Public Disorder,Downtown Central,District 1,37.781516,-122.409758,Park / Public Space,Reported Public Disorder at Park / Public Space
SYN-2024-04169,2024-03-06,12:29:52,Fraud,Westside Arts,District 5,37.765297,-122.432272,Transit Station,Reported Fraud at Transit Station
SYN-2024-02427,2024-03-06,12:37:01,Burglary,Westside Arts,District 5,37.769408,-122.435754,Residential Apartment,Reported Burglary at Residential Apartment
SYN-2024-02562,2024-03-06,18:18:33,Robbery,Mission Commercial,District 3,37.759101,-122.417185,Parking Facility,Reported Robbery at Parking Facility
SYN-2024-00105,2024-03-06,19:32:37,Robbery,Downtown Central,District 1,37.784914,-122.420819,Street / Sidewalk,Reported Robbery at Street / Sidewalk
SYN-2024-01753,2024-03-06,21:08:05,Assault,Downtown Central,District 1,37.784248,-122.420412,Bar / Restaurant,Reported Assault at Bar / Restaurant
SYN-2024-03607,2024-03-07,01:39:55,Burglary,South Rail Corridor,District 4,37.749246,-122.393875,Residential Apartment,Reported Burglary at Residential Apartment
SYN-2024-00066,2024-03-07,05:40:43,Public Disorder,Downtown Central,District 1,37.782119,-122.415151,Park / Public Space,Reported Public Disorder at Park / Public Space
SYN-2024-00754,2024-03-07,08:56:59,Public Disorder,Downtown Central,District 1,37.77443,-122.412387,Park / Public Space,Reported Public Disorder at Park / Public Space
SYN-2024-01092,2024-03-07,10:48:32,Assault,Downtown Central,District 1,37.77849,-122.413846,Bar / Restaurant,Reported Assault at Bar / Restaurant
SYN-2024-01975,2024-03-07,11:51:26,Narcotics,Mission Commercial,District 3,37.760558,-122.422653,Bar / Restaurant,Reported Narcotics at Bar / Restaurant
SYN-2024-04030,2024-03-07,12:38:48,Assault,Downtown Central,District 1,37.77705,-122.417838,Bar / Restaurant,Reported Assault at Bar / Restaurant
SYN-2024-03163,2024-03-07,14:55:55,Theft / Larceny,Downtown Central,District 1,37.785948,-122.416859,Residential Apartment,Reported Theft / Larceny at Residential Apartment
SYN-2024-04036,2024-03-07,15:26:05,Assault,Mission Commercial,District 3,37.760884,-122.425026,Park / Public Space,Reported Assault at Park / Public Space
SYN-2024-01600,2024-03-07,17:49:22,Burglary,Mission Commercial,District 3,37.759938,-122.411322,Residential Apartment,Reported Burglary at Residential Apartment
SYN-2024-03361,2024-03-07,19:47:12,Vandalism,Downtown Central,District 1,37.786949,-122.418368,Alleyway,Reported Vandalism at Alleyway
SYN-2024-03698,2024-03-07,21:15:54,Motor Vehicle Theft,Mission Commercial,District 3,37.756808,-122.41853,Parking Facility,Reported Motor Vehicle Theft at Parking Facility
SYN-2024-02202,2024-03-08,04:31:38,Robbery,Downtown Central,District 1,37.773118,-122.421775,Park / Public Space,Reported Robbery at Park / Public Space
SYN-2024-00586,2024-03-08,09:56:29,Vandalism,Downtown Central,District 1,37.781225,-122.417622,Parking Facility,Reported Vandalism at Parking Facility
SYN-2024-00969,2024-03-08,11:56:39,Motor Vehicle Theft,Westside Arts,District 5,37.774253,-122.442369,Parking Facility,Reported Motor Vehicle Theft at Parking Facility
SYN-2024-00722,2024-03-08,13:14:58,Vandalism,Waterfront Marina,District 2,37.794734,-122.439601,Commercial Retail,Reported Vandalism at Commercial Retail
SYN-2024-02087,2024-03-08,13:33:10,Motor Vehicle Theft,Westside Arts,District 5,37.77587,-122.441754,Street / Sidewalk,Reported Motor Vehicle Theft at Street / Sidewalk
SYN-2024-03403,2024-03-08,17:53:17,Burglary,Waterfront Marina,District 2,37.79566,-122.43541,Residential Apartment,Reported Burglary at Residential Apartment
SYN-2024-02403,2024-03-08,17:57:35,Burglary,South Rail Corridor,District 4,37.751619,-122.394652,Commercial Retail,Reported Burglary at Commercial Retail
SYN-2024-03973,2024-03-08,20:52:31,Assault,Downtown Central,District 1,37.78,-122.416786,Park / Public Space,Reported Assault at Park / Public Space
SYN-2024-00490,2024-03-08,22:28:55,Robbery,Westside Arts,District 5,37.775808,-122.43986,Residential Apartment,Reported Robbery at Residential Apartment
SYN-2024-01712,2024-03-08,23:18:43,Vandalism,Westside Arts,District 5,37.776444,-122.436088,Street / Sidewalk,Reported Vandalism at Street / Sidewalk
SYN-2024-04344,2024-03-09,10:55:03,Fraud,Westside Arts,District 5,37.770743,-122.428755,Residential Apartment,Reported Fraud at Residential Apartment
SYN-2024-02050,2024-03-09,11:02:01,Theft / Larceny,Westside Arts,District 5,37.777187,-122.433718,Street / Sidewalk,Reported Theft / Larceny at Street / Sidewalk
SYN-2024-03457,2024-03-09,11:26:31,Motor Vehicle Theft,Westside Arts,District 5,37.771122,-122.433944,Parking Facility,Reported Motor Vehicle Theft at Parking Facility
SYN-2024-01740,2024-03-09,13:09:36,Public Disorder,Downtown Central,District 1,37.780621,-122.416857,Bar / Restaurant,Reported Public Disorder at Bar / Restaurant
SYN-2024-00604,2024-03-09,13:30:36,Vandalism,Mission Commercial,District 3,37.761608,-122.422516,Alleyway,Reported Vandalism at Alleyway
SYN-2024-02930,2024-03-09,14:17:19,Theft / Larceny,Mission Commercial,District 3,37.758929,-122.416684,Transit Station,Reported Theft / Larceny at Transit Station
SYN-2024-02233,2024-03-09,19:22:47,Theft / Larceny,South Rail Corridor,District 4,37.749399,-122.399988,Park / Public Space,Reported Theft / Larceny at Park / Public Space
SYN-2024-00548,2024-03-10,07:06:43,Motor Vehicle Theft,Mission Commercial,District 3,37.765433,-122.41782,Parking Facility,Reported Motor Vehicle Theft at Parking Facility
SYN-2024-02600,2024-03-10,15:48:33,Fraud,Mission Commercial,District 3,37.761471,-122.417505,Commercial Retail,Reported Fraud at Commercial Retail
SYN-2024-01923,2024-03-10,17:10:55,Robbery,Waterfront Marina,District 2,37.798971,-122.433151,Street / Sidewalk,Reported Robbery at Street / Sidewalk
SYN-2024-00124,2024-03-10,17:50:17,Vandalism,Mission Commercial,District 3,37.758693,-122.418593,Commercial Retail,Reported Vandalism at Commercial Retail
SYN-2024-00503,2024-03-10,20:04:18,Public Disorder,Mission Commercial,District 3,37.753903,-122.419952,Street / Sidewalk,Reported Public Disorder at Street / Sidewalk
SYN-2024-01349,2024-03-10,23:04:36,Vandalism,Downtown Central,District 1,37.781307,-122.421326,Park / Public Space,Reported Vandalism at Park / Public Space
SYN-2024-02722,2024-03-11,07:51:51,Robbery,Mission Commercial,District 3,37.764806,-122.414185,Transit Station,Reported Robbery at Transit Station
SYN-2024-02895,2024-03-11,17:43:39,Motor Vehicle Theft,Mission Commercial,District 3,37.757785,-122.417709,Parking Facility,Reported Motor Vehicle Theft at Parking Facility
SYN-2024-00024,2024-03-11,18:15:25,Robbery,Downtown Central,District 1,37.780924,-122.416509,Residential Apartment,Reported Robbery at Residential Apartment
SYN-2024-00772,2024-03-11,21:13:08,Public Disorder,Waterfront Marina,District 2,37.805122,-122.432163,Park / Public Space,Reported Public Disorder at Park / Public Space
SYN-2024-03349,2024-03-11,22:06:13,Public Disorder,Waterfront Marina,District 2,37.797727,-122.438991,Bar / Restaurant,Reported Public Disorder at Bar / Restaurant
SYN-2024-03075,2024-03-12,03:05:01,Vandalism,Downtown Central,District 1,37.771892,-122.41851,Street / Sidewalk,Reported Vandalism at Street / Sidewalk
SYN-2024-04137,2024-03-12,10:51:08,Burglary,Waterfront Marina,District 2,37.767441,-122.399354,Commercial Retail,Reported Burglary at Commercial Retail
SYN-2024-00955,2024-03-12,15:53:51,Vandalism,Mission Commercial,District 3,37.755867,-122.416011,Park / Public Space,Reported Vandalism at Park / Public Space
SYN-2024-01930,2024-03-12,16:12:26,Theft / Larceny,South Rail Corridor,District 4,37.744204,-122.391265,Street / Sidewalk,Reported Theft / Larceny at Street / Sidewalk
SYN-2024-04337,2024-03-12,17:19:32,Public Disorder,Waterfront Marina,District 2,37.80058,-122.444222,Street / Sidewalk,Reported Public Disorder at Street / Sidewalk
SYN-2024-02160,2024-03-12,22:07:01,Vandalism,Downtown Central,District 1,37.779634,-122.41429,Transit Station,Reported Vandalism at Transit Station
SYN-2024-00801,2024-03-13,01:58:07,Assault,Mission Commercial,District 3,37.766623,-122.42083,Bar / Restaurant,Reported Assault at Bar / Restaurant
SYN-2024-01229,2024-03-13,16:46:10,Theft / Larceny,Westside Arts,District 5,37.783135,-122.433475,Parking Facility,Reported Theft / Larceny at Parking Facility
SYN-2024-04262,2024-03-13,20:04:57,Burglary,Waterfront Marina,District 2,37.803922,-122.430373,Residential Apartment,Reported Burglary at Residential Apartment
SYN-2024-03522,2024-03-13,21:49:53,Theft / Larceny,Downtown Central,District 1,37.775142,-122.417831,Alleyway,Reported Theft / Larceny at Alleyway
SYN-2024-00070,2024-03-13,21:50:50,Burglary,Westside Arts,District 5,37.770003,-122.436437,Residential Apartment,Reported Burglary at Residential Apartment
SYN-2024-00071,2024-03-14,03:50:19,Vandalism,Mission Commercial,District 3,37.75666,-122.418334,Transit Station,Reported Vandalism at Transit Station
SYN-2024-00432,2024-03-14,12:20:20,Assault,Westside Arts,District 5,37.77448,-122.431129,Park / Public Space,Reported Assault at Park / Public Space
SYN-2024-01005,2024-03-14,18:58:46,Fraud,Westside Arts,District 5,37.771691,-122.434449,Residential Apartment,Reported Fraud at Residential Apartment
SYN-2024-01782,2024-03-14,19:43:21,Assault,Downtown Central,District 1,37.78544,-122.412837,Park / Public Space,Reported Assault at Park / Public Space
SYN-2024-00266,2024-03-15,04:16:13,Theft / Larceny,Downtown Central,District 1,37.775088,-122.421091,Bar / Restaurant,Reported Theft / Larceny at Bar / Restaurant
SYN-2024-03308,2024-03-15,09:15:00,Motor Vehicle Theft,Downtown Central,District 1,37.781888,-122.420381,Parking Facility,Reported Motor Vehicle Theft at Parking Facility
SYN-2024-01002,2024-03-15,13:40:53,Public Disorder,Downtown Central,District 1,37.768653,-122.406989,Bar / Restaurant,Reported Public Disorder at Bar / Restaurant
SYN-2024-02114,2024-03-15,15:39:20,Theft / Larceny,Waterfront Marina,District 2,37.795692,-122.436836,Street / Sidewalk,Reported Theft / Larceny at Street / Sidewalk
SYN-2024-04031,2024-03-15,17:43:10,Public Disorder,Mission Commercial,District 3,37.786127,-122.392489,Park / Public Space,Reported Public Disorder at Park / Public Space
SYN-2024-01826,2024-03-16,02:52:31,Theft / Larceny,Downtown Central,District 1,37.775163,-122.41189,Residential Apartment,Reported Theft / Larceny at Residential Apartment
SYN-2024-04352,2024-03-16,02:54:17,Theft / Larceny,Westside Arts,District 5,37.774661,-122.434642,Street / Sidewalk,Reported Theft / Larceny at Street / Sidewalk
SYN-2024-00232,2024-03-16,14:38:30,Assault,Mission Commercial,District 3,37.770236,-122.416592,Park / Public Space,Reported Assault at Park / Public Space
SYN-2024-01468,2024-03-16,16:21:33,Vandalism,Mission Commercial,District 3,37.760566,-122.420059,Park / Public Space,Reported Vandalism at Park / Public Space
SYN-2024-03610,2024-03-16,18:23:35,Theft / Larceny,Waterfront Marina,District 2,37.799293,-122.436178,Street / Sidewalk,Reported Theft / Larceny at Street / Sidewalk
SYN-2024-01142,2024-03-16,18:48:15,Theft / Larceny,Westside Arts,District 5,37.772353,-122.434147,Alleyway,Reported Theft / Larceny at Alleyway
SYN-2024-02115,2024-03-16,23:03:14,Motor Vehicle Theft,Mission Commercial,District 3,37.76218,-122.416131,Street / Sidewalk,Reported Motor Vehicle Theft at Street / Sidewalk
SYN-2024-02933,2024-03-17,10:54:17,Vandalism,Waterfront Marina,District 2,37.810375,-122.431695,Transit Station,Reported Vandalism at Transit Station
SYN-2024-01164,2024-03-17,12:30:46,Fraud,Mission Commercial,District 3,37.752186,-122.412541,Street / Sidewalk,Reported Fraud at Street / Sidewalk
SYN-2024-01008,2024-03-17,16:15:54,Assault,Mission Commercial,District 3,37.765798,-122.416844,Street / Sidewalk,Reported Assault at Street / Sidewalk
SYN-2024-02886,2024-03-17,17:10:44,Assault,Downtown Central,District 1,37.785929,-122.408249,Park / Public Space,Reported Assault at Park / Public Space
SYN-2024-01279,2024-03-18,00:51:21,Theft / Larceny,Waterfront Marina,District 2,37.813334,-122.439485,Parking Facility,Reported Theft / Larceny at Parking Facility
SYN-2024-02513,2024-03-18,15:13:41,Theft / Larceny,Waterfront Marina,District 2,37.801157,-122.438064,Street / Sidewalk,Reported Theft / Larceny at Street / Sidewalk
SYN-2024-01575,2024-03-18,17:15:35,Motor Vehicle Theft,Mission Commercial,District 3,37.753239,-122.411203,Street / Sidewalk,Reported Motor Vehicle Theft at Street / Sidewalk
SYN-2024-02530,2024-03-18,21:35:24,Vandalism,Downtown Central,District 1,37.775237,-122.411475,Commercial Retail,Reported Vandalism at Commercial Retail
SYN-2024-00942,2024-03-19,10:26:24,Burglary,Waterfront Marina,District 2,37.802268,-122.436432,Commercial Retail,Reported Burglary at Commercial Retail
SYN-2024-02903,2024-03-19,11:33:30,Public Disorder,Waterfront Marina,District 2,37.798082,-122.431369,Park / Public Space,Reported Public Disorder at Park / Public Space
SYN-2024-00778,2024-03-19,15:49:20,Motor Vehicle Theft,Mission Commercial,District 3,37.758484,-122.418633,Street / Sidewalk,Reported Motor Vehicle Theft at Street / Sidewalk
SYN-2024-00219,2024-03-19,16:36:53,Assault,Waterfront Marina,District 2,37.802085,-122.439415,Park / Public Space,Reported Assault at Park / Public Space
SYN-2024-04363,2024-03-19,17:57:16,Vandalism,Westside Arts,District 5,37.774044,-122.431918,Transit Station,Reported Vandalism at Transit Station
SYN-2024-03502,2024-03-19,18:15:58,Public Disorder,Mission Commercial,District 3,37.766501,-122.418325,Street / Sidewalk,Reported Public Disorder at Street / Sidewalk
SYN-2024-03237,2024-03-19,19:38:57,Fraud,Westside Arts,District 5,37.780571,-122.438724,Alleyway,Reported Fraud at Alleyway
SYN-2024-01657,2024-03-19,22:09:59,Fraud,Westside Arts,District 5,37.770197,-122.439555,Alleyway,Reported Fraud at Alleyway
SYN-2024-01491,2024-03-19,22:58:48,Fraud,Westside Arts,District 5,37.782567,-122.429836,Park / Public Space,Reported Fraud at Park / Public Space
SYN-2024-04485,2024-03-20,12:54:28,Vandalism,Westside Arts,District 5,37.773278,-122.440368,Bar / Restaurant,Reported Vandalism at Bar / Restaurant
SYN-2024-00962,2024-03-20,15:13:00,Fraud,Westside Arts,District 5,37.776951,-122.433496,Bar / Restaurant,Reported Fraud at Bar / Restaurant
SYN-2024-01317,2024-03-20,21:54:01,Robbery,Westside Arts,District 5,37.773837,-122.431669,Transit Station,Reported Robbery at Transit Station
SYN-2024-00459,2024-03-20,22:33:06,Public Disorder,Downtown Central,District 1,37.775419,-122.417595,Street / Sidewalk,Reported Public Disorder at Street / Sidewalk
SYN-2024-01683,2024-03-21,00:57:36,Motor Vehicle Theft,Mission Commercial,District 3,37.756925,-122.415339,Street / Sidewalk,Reported Motor Vehicle Theft at Street / Sidewalk
SYN-2024-04123,2024-03-21,11:12:44,Theft / Larceny,Downtown Central,District 1,37.779527,-122.423383,Alleyway,Reported Theft / Larceny at Alleyway
SYN-2024-03990,2024-03-21,11:31:35,Motor Vehicle Theft,Mission Commercial,District 3,37.755552,-122.41773,Parking Facility,Reported Motor Vehicle Theft at Parking Facility
SYN-2024-00431,2024-03-21,11:40:09,Burglary,Waterfront Marina,District 2,37.798588,-122.439907,Commercial Retail,Reported Burglary at Commercial Retail
SYN-2024-03841,2024-03-21,12:02:22,Fraud,Westside Arts,District 5,37.776383,-122.434833,Bar / Restaurant,Reported Fraud at Bar / Restaurant
SYN-2024-01709,2024-03-21,12:21:13,Fraud,Waterfront Marina,District 2,37.798222,-122.442534,Park / Public Space,Reported Fraud at Park / Public Space
SYN-2024-00180,2024-03-21,12:28:41,Vandalism,Downtown Central,District 1,37.778183,-122.410886,Residential Apartment,Reported Vandalism at Residential Apartment
SYN-2024-03009,2024-03-21,12:42:39,Motor Vehicle Theft,Westside Arts,District 5,37.778312,-122.439035,Parking Facility,Reported Motor Vehicle Theft at Parking Facility
SYN-2024-03483,2024-03-21,14:08:15,Theft / Larceny,Downtown Central,District 1,37.772456,-122.420949,Alleyway,Reported Theft / Larceny at Alleyway
SYN-2024-00014,2024-03-21,15:04:48,Motor Vehicle Theft,Mission Commercial,District 3,37.762491,-122.414781,Parking Facility,Reported Motor Vehicle Theft at Parking Facility
SYN-2024-00160,2024-03-21,17:35:17,Assault,Downtown Central,District 1,37.774935,-122.421976,Park / Public Space,Reported Assault at Park / Public Space
SYN-2024-03066,2024-03-21,20:51:47,Public Disorder,Downtown Central,District 1,37.774432,-122.423106,Street / Sidewalk,Reported Public Disorder at Street / Sidewalk
SYN-2024-03384,2024-03-22,02:15:07,Robbery,Mission Commercial,District 3,37.761277,-122.421199,Alleyway,Reported Robbery at Alleyway
SYN-2024-03525,2024-03-22,08:14:52,Theft / Larceny,Waterfront Marina,District 2,37.806427,-122.435359,Alleyway,Reported Theft / Larceny at Alleyway
SYN-2024-00434,2024-03-22,13:06:04,Narcotics,South Rail Corridor,District 4,37.765731,-122.3988,Street / Sidewalk,Reported Narcotics at Street / Sidewalk
SYN-2024-00488,2024-03-22,15:32:54,Assault,Westside Arts,District 5,37.771898,-122.43235,Street / Sidewalk,Reported Assault at Street / Sidewalk
SYN-2024-02698,2024-03-22,15:36:02,Vandalism,South Rail Corridor,District 4,37.755534,-122.389006,Bar / Restaurant,Reported Vandalism at Bar / Restaurant
SYN-2024-02661,2024-03-22,16:44:04,Theft / Larceny,Downtown Central,District 1,37.779982,-122.406147,Alleyway,Reported Theft / Larceny at Alleyway
SYN-2024-03884,2024-03-22,19:54:33,Narcotics,South Rail Corridor,District 4,37.750318,-122.397348,Alleyway,Reported Narcotics at Alleyway
SYN-2024-02150,2024-03-22,19:59:33,Fraud,Westside Arts,District 5,37.772933,-122.433588,Transit Station,Reported Fraud at Transit Station
SYN-2024-01901,2024-03-22,21:36:00,Theft / Larceny,Waterfront Marina,District 2,37.796565,-122.435055,Parking Facility,Reported Theft / Larceny at Parking Facility
SYN-2024-02851,2024-03-23,06:11:31,Theft / Larceny,Downtown Central,District 1,37.784601,-122.409867,Transit Station,Reported Theft / Larceny at Transit Station
SYN-2024-00107,2024-03-23,09:08:17,Theft / Larceny,Westside Arts,District 5,37.772537,-122.436729,Park / Public Space,Reported Theft / Larceny at Park / Public Space
SYN-2024-02433,2024-03-23,13:12:03,Assault,Downtown Central,District 1,37.780118,-122.414716,Bar / Restaurant,Reported Assault at Bar / Restaurant
SYN-2024-03420,2024-03-23,16:19:11,Vandalism,Waterfront Marina,District 2,37.805248,-122.434324,Bar / Restaurant,Reported Vandalism at Bar / Restaurant
SYN-2024-02444,2024-03-23,19:19:23,Theft / Larceny,Downtown Central,District 1,37.775545,-122.414335,Alleyway,Reported Theft / Larceny at Alleyway
SYN-2024-00308,2024-03-24,08:50:25,Robbery,Mission Commercial,District 3,37.75754,-122.4197,Transit Station,Reported Robbery at Transit Station
SYN-2024-02987,2024-03-24,09:07:51,Narcotics,Downtown Central,District 1,37.780975,-122.421475,Residential Apartment,Reported Narcotics at Residential Apartment
SYN-2024-02270,2024-03-24,10:17:13,Theft / Larceny,Mission Commercial,District 3,37.761693,-122.413155,Alleyway,Reported Theft / Larceny at Alleyway
SYN-2024-04449,2024-03-24,15:47:06,Public Disorder,Mission Commercial,District 3,37.767646,-122.416664,Park / Public Space,Reported Public Disorder at Park / Public Space
SYN-2024-00816,2024-03-24,22:59:30,Fraud,South Rail Corridor,District 4,37.750053,-122.389071,Bar / Restaurant,Reported Fraud at Bar / Restaurant
SYN-2024-03134,2024-03-25,07:33:22,Burglary,Westside Arts,District 5,37.773163,-122.436893,Commercial Retail,Reported Burglary at Commercial Retail
SYN-2024-02066,2024-03-25,14:41:54,Burglary,Mission Commercial,District 3,37.765552,-122.412984,Commercial Retail,Reported Burglary at Commercial Retail
SYN-2024-02937,2024-03-25,16:56:46,Burglary,Westside Arts,District 5,37.773018,-122.438898,Commercial Retail,Reported Burglary at Commercial Retail
SYN-2024-03461,2024-03-25,18:04:19,Narcotics,South Rail Corridor,District 4,37.750185,-122.391786,Park / Public Space,Reported Narcotics at Park / Public Space
SYN-2024-02495,2024-03-25,22:13:51,Vandalism,Mission Commercial,District 3,37.75414,-122.414286,Alleyway,Reported Vandalism at Alleyway
SYN-2024-03032,2024-03-25,22:14:00,Burglary,Westside Arts,District 5,37.777977,-122.436589,Commercial Retail,Reported Burglary at Commercial Retail
SYN-2024-04329,2024-03-25,22:20:11,Theft / Larceny,Westside Arts,District 5,37.774155,-122.434922,Street / Sidewalk,Reported Theft / Larceny at Street / Sidewalk
SYN-2024-01196,2024-03-25,22:32:11,Fraud,Mission Commercial,District 3,37.757077,-122.42527,Residential Apartment,Reported Fraud at Residential Apartment
SYN-2024-01618,2024-03-26,10:43:44,Theft / Larceny,Westside Arts,District 5,37.776202,-122.435903,Alleyway,Reported Theft / Larceny at Alleyway
SYN-2024-00676,2024-03-26,14:58:51,Motor Vehicle Theft,Mission Commercial,District 3,37.759058,-122.416126,Street / Sidewalk,Reported Motor Vehicle Theft at Street / Sidewalk
SYN-2024-04482,2024-03-26,15:30:32,Assault,Westside Arts,District 5,37.776646,-122.436069,Street / Sidewalk,Reported Assault at Street / Sidewalk
SYN-2024-00435,2024-03-26,17:05:41,Vandalism,South Rail Corridor,District 4,37.747325,-122.384321,Residential Apartment,Reported Vandalism at Residential Apartment
SYN-2024-03969,2024-03-26,17:27:25,Theft / Larceny,Mission Commercial,District 3,37.768766,-122.422296,Park / Public Space,Reported Theft / Larceny at Park / Public Space
SYN-2024-00679,2024-03-26,18:20:37,Motor Vehicle Theft,Westside Arts,District 5,37.774112,-122.425651,Parking Facility,Reported Motor Vehicle Theft at Parking Facility
SYN-2024-02548,2024-03-26,23:37:32,Vandalism,Downtown Central,District 1,37.782961,-122.414353,Transit Station,Reported Vandalism at Transit Station
SYN-2024-01604,2024-03-27,02:28:06,Vandalism,Downtown Central,District 1,37.787621,-122.418713,Residential Apartment,Reported Vandalism at Residential Apartment
SYN-2024-02159,2024-03-27,11:21:08,Theft / Larceny,Waterfront Marina,District 2,37.796516,-122.439513,Alleyway,Reported Theft / Larceny at Alleyway
SYN-2024-03013,2024-03-27,13:08:49,Motor Vehicle Theft,Westside Arts,District 5,37.773429,-122.430917,Street / Sidewalk,Reported Motor Vehicle Theft at Street / Sidewalk
SYN-2024-03499,2024-03-27,13:26:53,Robbery,Downtown Central,District 1,37.776481,-122.425305,Parking Facility,Reported Robbery at Parking Facility
SYN-2024-03419,2024-03-27,15:16:56,Vandalism,Mission Commercial,District 3,37.758355,-122.412391,Park / Public Space,Reported Vandalism at Park / Public Space
SYN-2024-00286,2024-03-27,16:16:58,Theft / Larceny,Waterfront Marina,District 2,37.79713,-122.443359,Commercial Retail,Reported Theft / Larceny at Commercial Retail
SYN-2024-00263,2024-03-27,17:46:38,Fraud,Downtown Central,District 1,37.776786,-122.420412,Street / Sidewalk,Reported Fraud at Street / Sidewalk
SYN-2024-04050,2024-03-27,20:40:28,Narcotics,Westside Arts,District 5,37.775721,-122.441732,Residential Apartment,Reported Narcotics at Residential Apartment
SYN-2024-01658,2024-03-27,21:25:48,Theft / Larceny,Downtown Central,District 1,37.788474,-122.415149,Parking Facility,Reported Theft / Larceny at Parking Facility
SYN-2024-00110,2024-03-28,07:47:23,Burglary,Waterfront Marina,District 2,37.79442,-122.432243,Commercial Retail,Reported Burglary at Commercial Retail
SYN-2024-00236,2024-03-28,08:46:09,Assault,Downtown Central,District 1,37.77774,-122.415226,Bar / Restaurant,Reported Assault at Bar / Restaurant
SYN-2024-00400,2024-03-28,17:30:55,Motor Vehicle Theft,Mission Commercial,District 3,37.762051,-122.426124,Parking Facility,Reported Motor Vehicle Theft at Parking Facility
SYN-2024-04028,2024-03-28,19:07:56,Theft / Larceny,Westside Arts,District 5,37.77419,-122.440599,Park / Public Space,Reported Theft / Larceny at Park / Public Space
SYN-2024-01673,2024-03-28,19:50:30,Motor Vehicle Theft,Downtown Central,District 1,37.775493,-122.408031,Street / Sidewalk,Reported Motor Vehicle Theft at Street / Sidewalk
SYN-2024-03264,2024-03-28,20:21:20,Motor Vehicle Theft,Downtown Central,District 1,37.782339,-122.412138,Parking Facility,Reported Motor Vehicle Theft at Parking Facility
SYN-2024-02825,2024-03-29,08:39:32,Burglary,Mission Commercial,District 3,37.762732,-122.414977,Residential Apartment,Reported Burglary at Residential Apartment
SYN-2024-03966,2024-03-29,13:23:31,Robbery,Downtown Central,District 1,37.777872,-122.418591,Transit Station,Reported Robbery at Transit Station
SYN-2024-02196,2024-03-29,13:51:33,Vandalism,South Rail Corridor,District 4,37.744319,-122.392019,Commercial Retail,Reported Vandalism at Commercial Retail
SYN-2024-04114,2024-03-29,15:00:10,Theft / Larceny,Westside Arts,District 5,37.775166,-122.432272,Residential Apartment,Reported Theft / Larceny at Residential Apartment
SYN-2024-01094,2024-03-29,15:07:58,Assault,Downtown Central,District 1,37.778323,-122.417691,Bar / Restaurant,Reported Assault at Bar / Restaurant
SYN-2024-01337,2024-03-29,16:05:15,Motor Vehicle Theft,Westside Arts,District 5,37.774984,-122.437676,Street / Sidewalk,Reported Motor Vehicle Theft at Street / Sidewalk
SYN-2024-02377,2024-03-29,16:21:17,Public Disorder,Downtown Central,District 1,37.774504,-122.423329,Bar / Restaurant,Reported Public Disorder at Bar / Restaurant
SYN-2024-01004,2024-03-29,17:42:06,Vandalism,Downtown Central,District 1,37.773943,-122.413702,Street / Sidewalk,Reported Vandalism at Street / Sidewalk
SYN-2024-03328,2024-03-30,03:05:34,Narcotics,Westside Arts,District 5,37.776449,-122.434819,Residential Apartment,Reported Narcotics at Residential Apartment
SYN-2024-03474,2024-03-30,11:30:20,Burglary,Waterfront Marina,District 2,37.800595,-122.443795,Commercial Retail,Reported Burglary at Commercial Retail
SYN-2024-00822,2024-03-30,12:37:59,Fraud,Downtown Central,District 1,37.77718,-122.412672,Park / Public Space,Reported Fraud at Park / Public Space
SYN-2024-01557,2024-03-30,13:29:24,Fraud,Westside Arts,District 5,37.770429,-122.435686,Commercial Retail,Reported Fraud at Commercial Retail
SYN-2024-02456,2024-03-30,14:37:49,Vandalism,South Rail Corridor,District 4,37.740643,-122.390969,Street / Sidewalk,Reported Vandalism at Street / Sidewalk
SYN-2024-00839,2024-03-30,20:02:05,Vandalism,South Rail Corridor,District 4,37.749069,-122.392025,Parking Facility,Reported Vandalism at Parking Facility
SYN-2024-01682,2024-03-30,21:48:22,Assault,Mission Commercial,District 3,37.760266,-122.418365,Park / Public Space,Reported Assault at Park / Public Space
SYN-2024-00597,2024-03-30,23:25:12,Assault,Mission Commercial,District 3,37.758546,-122.417266,Bar / Restaurant,Reported Assault at Bar / Restaurant
SYN-2024-01965,2024-03-31,00:31:46,Burglary,Westside Arts,District 5,37.772475,-122.428519,Residential Apartment,Reported Burglary at Residential Apartment
SYN-2024-01745,2024-03-31,09:13:50,Motor Vehicle Theft,Mission Commercial,District 3,37.75669,-122.420187,Parking Facility,Reported Motor Vehicle Theft at Parking Facility
SYN-2024-02384,2024-03-31,12:35:13,Motor Vehicle Theft,Westside Arts,District 5,37.767433,-122.431592,Street / Sidewalk,Reported Motor Vehicle Theft at Street / Sidewalk
SYN-2024-01733,2024-03-31,15:17:41,Public Disorder,Downtown Central,District 1,37.778975,-122.418774,Park / Public Space,Reported Public Disorder at Park / Public Space
SYN-2024-01476,2024-03-31,15:33:09,Assault,Mission Commercial,District 3,37.761414,-122.423576,Bar / Restaurant,Reported Assault at Bar / Restaurant
SYN-2024-04353,2024-03-31,16:29:35,Vandalism,Downtown Central,District 1,37.770773,-122.414031,Street / Sidewalk,Reported Vandalism at Street / Sidewalk
SYN-2024-02205,2024-03-31,16:51:34,Fraud,Downtown Central,District 1,37.779465,-122.419133,Bar / Restaurant,Reported Fraud at Bar / Restaurant
SYN-2024-00987,2024-03-31,17:19:50,Robbery,Downtown Central,District 1,37.786959,-122.422789,Parking Facility,Reported Robbery at Parking Facility
SYN-2024-00537,2024-03-31,17:42:42,Theft / Larceny,Downtown Central,District 1,37.783883,-122.420383,Transit Station,Reported Theft / Larceny at Transit Station
SYN-2024-00260,2024-04-01,07:20:23,Theft / Larceny,Waterfront Marina,District 2,37.801268,-122.438486,Parking Facility,Reported Theft / Larceny at Parking Facility
SYN-2024-03188,2024-04-01,15:54:12,Assault,Downtown Central,District 1,37.785287,-122.42364,Bar / Restaurant,Reported Assault at Bar / Restaurant
SYN-2024-02700,2024-04-01,21:41:28,Fraud,Downtown Central,District 1,37.782905,-122.412587,Street / Sidewalk,Reported Fraud at Street / Sidewalk
SYN-2024-01107,2024-04-02,09:35:54,Theft / Larceny,Waterfront Marina,District 2,37.795408,-122.435777,Parking Facility,Reported Theft / Larceny at Parking Facility
SYN-2024-01215,2024-04-02,12:31:40,Vandalism,Downtown Central,District 1,37.774666,-122.416602,Transit Station,Reported Vandalism at Transit Station
SYN-2024-02190,2024-04-02,13:33:38,Motor Vehicle Theft,South Rail Corridor,District 4,37.75334,-122.396563,Parking Facility,Reported Motor Vehicle Theft at Parking Facility
SYN-2024-02312,2024-04-02,14:06:31,Public Disorder,Downtown Central,District 1,37.78102,-122.416661,Bar / Restaurant,Reported Public Disorder at Bar / Restaurant
SYN-2024-01846,2024-04-02,15:39:28,Motor Vehicle Theft,Downtown Central,District 1,37.772128,-122.41817,Parking Facility,Reported Motor Vehicle Theft at Parking Facility
SYN-2024-03675,2024-04-02,17:48:55,Vandalism,Waterfront Marina,District 2,37.808208,-122.43725,Alleyway,Reported Vandalism at Alleyway
SYN-2024-01677,2024-04-02,21:14:18,Vandalism,Downtown Central,District 1,37.770819,-122.424132,Park / Public Space,Reported Vandalism at Park / Public Space
SYN-2024-04074,2024-04-03,12:04:55,Burglary,South Rail Corridor,District 4,37.746095,-122.401886,Commercial Retail,Reported Burglary at Commercial Retail
SYN-2024-01940,2024-04-03,14:56:25,Assault,South Rail Corridor,District 4,37.74336,-122.393293,Park / Public Space,Reported Assault at Park / Public Space
SYN-2024-02977,2024-04-03,15:27:50,Vandalism,Downtown Central,District 1,37.768257,-122.416706,Street / Sidewalk,Reported Vandalism at Street / Sidewalk
SYN-2024-03890,2024-04-03,15:44:02,Motor Vehicle Theft,Westside Arts,District 5,37.777851,-122.427724,Parking Facility,Reported Motor Vehicle Theft at Parking Facility
SYN-2024-04389,2024-04-03,17:24:34,Burglary,Mission Commercial,District 3,37.753952,-122.42503,Commercial Retail,Reported Burglary at Commercial Retail
SYN-2024-00114,2024-04-03,19:13:24,Vandalism,Mission Commercial,District 3,37.755707,-122.410494,Park / Public Space,Reported Vandalism at Park / Public Space
SYN-2024-04318,2024-04-03,23:09:53,Public Disorder,Downtown Central,District 1,37.780791,-122.415005,Park / Public Space,Reported Public Disorder at Park / Public Space
SYN-2024-01374,2024-04-04,16:16:05,Vandalism,Mission Commercial,District 3,37.762037,-122.42151,Parking Facility,Reported Vandalism at Parking Facility
SYN-2024-00403,2024-04-05,08:38:34,Robbery,Waterfront Marina,District 2,37.8011,-122.436046,Bar / Restaurant,Reported Robbery at Bar / Restaurant
SYN-2024-01457,2024-04-05,12:15:39,Vandalism,Downtown Central,District 1,37.79201,-122.416714,Residential Apartment,Reported Vandalism at Residential Apartment
SYN-2024-04182,2024-04-05,17:11:30,Fraud,Mission Commercial,District 3,37.76112,-122.411567,Residential Apartment,Reported Fraud at Residential Apartment
SYN-2024-03670,2024-04-05,17:11:33,Burglary,Westside Arts,District 5,37.776541,-122.43739,Commercial Retail,Reported Burglary at Commercial Retail
SYN-2024-03580,2024-04-05,17:38:31,Public Disorder,Waterfront Marina,District 2,37.795445,-122.436565,Street / Sidewalk,Reported Public Disorder at Street / Sidewalk
SYN-2024-00253,2024-04-05,19:44:59,Burglary,Waterfront Marina,District 2,37.803115,-122.438594,Residential Apartment,Reported Burglary at Residential Apartment
SYN-2024-01119,2024-04-06,08:31:27,Public Disorder,Waterfront Marina,District 2,37.802305,-122.428783,Street / Sidewalk,Reported Public Disorder at Street / Sidewalk
SYN-2024-03491,2024-04-06,09:48:05,Vandalism,Mission Commercial,District 3,37.761013,-122.415145,Street / Sidewalk,Reported Vandalism at Street / Sidewalk
SYN-2024-03758,2024-04-06,11:51:05,Theft / Larceny,Waterfront Marina,District 2,37.763982,-122.425895,Commercial Retail,Reported Theft / Larceny at Commercial Retail
SYN-2024-04298,2024-04-06,14:05:14,Robbery,Downtown Central,District 1,37.783501,-122.413315,Alleyway,Reported Robbery at Alleyway
SYN-2024-03802,2024-04-06,15:23:09,Public Disorder,Waterfront Marina,District 2,37.802779,-122.403809,Bar / Restaurant,Reported Public Disorder at Bar / Restaurant
SYN-2024-03877,2024-04-06,21:37:22,Assault,Downtown Central,District 1,37.781852,-122.422477,Bar / Restaurant,Reported Assault at Bar / Restaurant
SYN-2024-01070,2024-04-07,10:31:37,Public Disorder,Downtown Central,District 1,37.769915,-122.418346,Park / Public Space,Reported Public Disorder at Park / Public Space
SYN-2024-00467,2024-04-07,12:46:51,Theft / Larceny,Mission Commercial,District 3,37.755836,-122.411897,Street / Sidewalk,Reported Theft / Larceny at Street / Sidewalk
SYN-2024-03049,2024-04-07,14:21:37,Assault,Downtown Central,District 1,37.777434,-122.42306,Park / Public Space,Reported Assault at Park / Public Space
SYN-2024-04306,2024-04-07,15:41:12,Fraud,Westside Arts,District 5,37.79572,-122.396457,Park / Public Space,Reported Fraud at Park / Public Space
SYN-2024-02459,2024-04-07,16:06:57,Narcotics,South Rail Corridor,District 4,37.752447,-122.402434,Alleyway,Reported Narcotics at Alleyway
SYN-2024-02042,2024-04-07,17:03:10,Assault,Downtown Central,District 1,37.777493,-122.416329,Park / Public Space,Reported Assault at Park / Public Space
SYN-2024-01952,2024-04-08,06:05:42,Burglary,Westside Arts,District 5,37.77796,-122.431351,Commercial Retail,Reported Burglary at Commercial Retail
SYN-2024-04126,2024-04-08,10:46:30,Robbery,Westside Arts,District 5,37.777303,-122.440836,Parking Facility,Reported Robbery at Parking Facility
SYN-2024-04132,2024-04-08,11:36:22,Assault,Downtown Central,District 1,37.778532,-122.420551,Street / Sidewalk,Reported Assault at Street / Sidewalk
SYN-2024-00214,2024-04-08,11:39:33,Assault,Downtown Central,District 1,37.816337,-122.42328,Street / Sidewalk,Reported Assault at Street / Sidewalk
SYN-2024-04321,2024-04-08,14:38:10,Burglary,Mission Commercial,District 3,37.757152,-122.414036,Commercial Retail,Reported Burglary at Commercial Retail
SYN-2024-02691,2024-04-08,18:38:09,Assault,Mission Commercial,District 3,37.757352,-122.419644,Park / Public Space,Reported Assault at Park / Public Space
SYN-2024-00785,2024-04-08,20:10:46,Vandalism,Downtown Central,District 1,37.776028,-122.410951,Commercial Retail,Reported Vandalism at Commercial Retail
SYN-2024-01318,2024-04-09,03:13:41,Vandalism,Downtown Central,District 1,37.767574,-122.458208,Park / Public Space,Reported Vandalism at Park / Public Space
SYN-2024-00562,2024-04-09,09:37:04,Theft / Larceny,Waterfront Marina,District 2,37.800812,-122.438055,Alleyway,Reported Theft / Larceny at Alleyway
SYN-2024-00310,2024-04-09,12:34:26,Theft / Larceny,South Rail Corridor,District 4,37.75143,-122.397302,Street / Sidewalk,Reported Theft / Larceny at Street / Sidewalk
SYN-2024-03626,2024-04-09,14:19:26,Public Disorder,Downtown Central,District 1,37.812133,-122.389592,Park / Public Space,Reported Public Disorder at Park / Public Space
SYN-2024-01637,2024-04-09,14:26:33,Theft / Larceny,Waterfront Marina,District 2,37.794916,-122.443869,Residential Apartment,Reported Theft / Larceny at Residential Apartment
SYN-2024-03257,2024-04-09,15:07:10,Assault,Mission Commercial,District 3,37.752116,-122.440637,Street / Sidewalk,Reported Assault at Street / Sidewalk
SYN-2024-02242,2024-04-09,18:40:33,Assault,Downtown Central,District 1,37.7816,-122.421157,Street / Sidewalk,Reported Assault at Street / Sidewalk
SYN-2024-02604,2024-04-09,18:42:54,Assault,Waterfront Marina,District 2,37.804497,-122.438345,Bar / Restaurant,Reported Assault at Bar / Restaurant
SYN-2024-03658,2024-04-09,19:11:32,Assault,Waterfront Marina,District 2,37.746398,-122.453135,Park / Public Space,Reported Assault at Park / Public Space
SYN-2024-01871,2024-04-09,19:12:52,Assault,Mission Commercial,District 3,37.755716,-122.420999,Street / Sidewalk,Reported Assault at Street / Sidewalk
SYN-2024-03034,2024-04-09,19:43:54,Motor Vehicle Theft,Mission Commercial,District 3,37.762056,-122.428066,Street / Sidewalk,Reported Motor Vehicle Theft at Street / Sidewalk
SYN-2024-00762,2024-04-10,08:23:02,Vandalism,Mission Commercial,District 3,37.759794,-122.425839,Park / Public Space,Reported Vandalism at Park / Public Space
SYN-2024-03097,2024-04-10,09:23:23,Assault,Westside Arts,District 5,37.774227,-122.436242,Park / Public Space,Reported Assault at Park / Public Space
SYN-2024-01397,2024-04-10,15:26:47,Assault,Mission Commercial,District 3,37.762396,-122.415094,Street / Sidewalk,Reported Assault at Street / Sidewalk
SYN-2024-01133,2024-04-10,17:26:26,Theft / Larceny,Downtown Central,District 1,37.76607,-122.42913,Residential Apartment,Reported Theft / Larceny at Residential Apartment
SYN-2024-01336,2024-04-10,17:56:22,Assault,South Rail Corridor,District 4,37.75819,-122.39419,Bar / Restaurant,Reported Assault at Bar / Restaurant
SYN-2024-01472,2024-04-10,21:41:23,Theft / Larceny,Downtown Central,District 1,37.783147,-122.417303,Street / Sidewalk,Reported Theft / Larceny at Street / Sidewalk
SYN-2024-01747,2024-04-10,22:09:40,Assault,Downtown Central,District 1,37.773137,-122.421304,Park / Public Space,Reported Assault at Park / Public Space
SYN-2024-01976,2024-04-10,23:11:05,Robbery,Downtown Central,District 1,37.778997,-122.418989,Transit Station,Reported Robbery at Transit Station
SYN-2024-03222,2024-04-11,01:26:31,Theft / Larceny,Downtown Central,District 1,37.780772,-122.421762,Residential Apartment,Reported Theft / Larceny at Residential Apartment
SYN-2024-03785,2024-04-11,07:55:07,Assault,Downtown Central,District 1,37.78311,-122.410767,Park / Public Space,Reported Assault at Park / Public Space
SYN-2024-01614,2024-04-11,09:31:18,Narcotics,South Rail Corridor,District 4,37.75362,-122.400291,Transit Station,Reported Narcotics at Transit Station
SYN-2024-02224,2024-04-11,10:48:19,Assault,Waterfront Marina,District 2,37.807488,-122.434884,Street / Sidewalk,Reported Assault at Street / Sidewalk
SYN-2024-02056,2024-04-11,11:52:18,Assault,Downtown Central,District 1,37.768996,-122.415083,Street / Sidewalk,Reported Assault at Street / Sidewalk
SYN-2024-03119,2024-04-11,14:28:27,Assault,Mission Commercial,District 3,37.762197,-122.425178,Street / Sidewalk,Reported Assault at Street / Sidewalk
SYN-2024-02277,2024-04-11,20:56:05,Theft / Larceny,Waterfront Marina,District 2,37.807442,-122.433162,Parking Facility,Reported Theft / Larceny at Parking Facility
SYN-2024-00930,2024-04-11,23:51:53,Theft / Larceny,Downtown Central,District 1,37.778998,-122.423712,Bar / Restaurant,Reported Theft / Larceny at Bar / Restaurant
SYN-2024-02414,2024-04-12,10:22:36,Narcotics,Downtown Central,District 1,37.781129,-122.412109,Parking Facility,Reported Narcotics at Parking Facility
SYN-2024-00292,2024-04-12,11:34:52,Motor Vehicle Theft,Waterfront Marina,District 2,37.806338,-122.437474,Street / Sidewalk,Reported Motor Vehicle Theft at Street / Sidewalk
SYN-2024-02290,2024-04-12,16:00:30,Motor Vehicle Theft,Mission Commercial,District 3,37.764025,-122.423276,Street / Sidewalk,Reported Motor Vehicle Theft at Street / Sidewalk
SYN-2024-04458,2024-04-12,17:13:23,Theft / Larceny,Downtown Central,District 1,37.775096,-122.421964,Street / Sidewalk,Reported Theft / Larceny at Street / Sidewalk
SYN-2024-01978,2024-04-12,17:32:24,Theft / Larceny,Downtown Central,District 1,37.792898,-122.451597,Parking Facility,Reported Theft / Larceny at Parking Facility
SYN-2024-00087,2024-04-12,18:57:01,Assault,Downtown Central,District 1,37.77918,-122.412056,Street / Sidewalk,Reported Assault at Street / Sidewalk
SYN-2024-00813,2024-04-12,20:25:46,Theft / Larceny,Waterfront Marina,District 2,37.800744,-122.430296,Commercial Retail,Reported Theft / Larceny at Commercial Retail
SYN-2024-00651,2024-04-12,20:44:16,Theft / Larceny,Mission Commercial,District 3,37.761289,-122.418776,Park / Public Space,Reported Theft / Larceny at Park / Public Space
SYN-2024-00346,2024-04-12,20:54:18,Burglary,Mission Commercial,District 3,37.760063,-122.420224,Residential Apartment,Reported Burglary at Residential Apartment
SYN-2024-01650,2024-04-12,21:54:32,Theft / Larceny,Waterfront Marina,District 2,37.811528,-122.436633,Bar / Restaurant,Reported Theft / Larceny at Bar / Restaurant
SYN-2024-00870,2024-04-13,11:31:23,Theft / Larceny,Downtown Central,District 1,37.779325,-122.419516,Street / Sidewalk,Reported Theft / Larceny at Street / Sidewalk
SYN-2024-01113,2024-04-13,13:51:00,Public Disorder,Downtown Central,District 1,37.773684,-122.415444,Park / Public Space,Reported Public Disorder at Park / Public Space
SYN-2024-02710,2024-04-14,06:23:33,Theft / Larceny,Mission Commercial,District 3,37.754397,-122.419586,Transit Station,Reported Theft / Larceny at Transit Station
SYN-2024-04448,2024-04-14,07:58:22,Assault,Downtown Central,District 1,37.777468,-122.419018,Park / Public Space,Reported Assault at Park / Public Space
SYN-2024-01531,2024-04-14,11:59:26,Robbery,Downtown Central,District 1,37.777007,-122.421751,Alleyway,Reported Robbery at Alleyway
SYN-2024-02518,2024-04-14,12:13:47,Vandalism,South Rail Corridor,District 4,37.757037,-122.387809,Transit Station,Reported Vandalism at Transit Station
SYN-2024-03454,2024-04-14,17:30:05,Vandalism,Waterfront Marina,District 2,37.804437,-122.429108,Street / Sidewalk,Reported Vandalism at Street / Sidewalk
SYN-2024-00367,2024-04-14,17:43:47,Motor Vehicle Theft,Mission Commercial,District 3,37.761532,-122.425998,Parking Facility,Reported Motor Vehicle Theft at Parking Facility
SYN-2024-01306,2024-04-14,22:15:05,Motor Vehicle Theft,Westside Arts,District 5,37.7783,-122.433458,Parking Facility,Reported Motor Vehicle Theft at Parking Facility
SYN-2024-02293,2024-04-14,22:22:42,Motor Vehicle Theft,Downtown Central,District 1,37.779966,-122.422102,Street / Sidewalk,Reported Motor Vehicle Theft at Street / Sidewalk
SYN-2024-01551,2024-04-14,23:32:06,Public Disorder,Mission Commercial,District 3,37.756883,-122.418797,Bar / Restaurant,Reported Public Disorder at Bar / Restaurant
SYN-2024-00326,2024-04-14,23:53:53,Assault,Mission Commercial,District 3,37.756402,-122.418585,Street / Sidewalk,Reported Assault at Street / Sidewalk
SYN-2024-00355,2024-04-15,01:35:00,Vandalism,Waterfront Marina,District 2,37.79607,-122.439449,Transit Station,Reported Vandalism at Transit Station
SYN-2024-02832,2024-04-15,03:52:18,Public Disorder,Downtown Central,District 1,37.77215,-122.420709,Street / Sidewalk,Reported Public Disorder at Street / Sidewalk
SYN-2024-01549,2024-04-15,09:05:43,Motor Vehicle Theft,Westside Arts,District 5,37.777052,-122.435932,Parking Facility,Reported Motor Vehicle Theft at Parking Facility
SYN-2024-03602,2024-04-15,10:20:00,Vandalism,Mission Commercial,District 3,37.759225,-122.421208,Transit Station,Reported Vandalism at Transit Station
SYN-2024-04127,2024-04-15,13:57:13,Theft / Larceny,Westside Arts,District 5,37.745742,-122.443992,Residential Apartment,Reported Theft / Larceny at Residential Apartment
SYN-2024-00136,2024-04-15,15:07:18,Public Disorder,Downtown Central,District 1,37.782095,-122.412885,Street / Sidewalk,Reported Public Disorder at Street / Sidewalk
SYN-2024-02950,2024-04-15,16:31:30,Theft / Larceny,Mission Commercial,District 3,37.758928,-122.417157,Street / Sidewalk,Reported Theft / Larceny at Street / Sidewalk
SYN-2024-00947,2024-04-15,16:49:37,Vandalism,Downtown Central,District 1,37.772901,-122.414854,Alleyway,Reported Vandalism at Alleyway
SYN-2024-04042,2024-04-15,16:57:23,Vandalism,South Rail Corridor,District 4,37.754798,-122.394505,Residential Apartment,Reported Vandalism at Residential Apartment
SYN-2024-02352,2024-04-15,17:44:35,Theft / Larceny,Westside Arts,District 5,37.778398,-122.432305,Commercial Retail,Reported Theft / Larceny at Commercial Retail
SYN-2024-02703,2024-04-15,18:08:23,Vandalism,South Rail Corridor,District 4,37.735202,-122.432632,Park / Public Space,Reported Vandalism at Park / Public Space
SYN-2024-00744,2024-04-15,18:37:50,Robbery,Waterfront Marina,District 2,37.801818,-122.432404,Parking Facility,Reported Robbery at Parking Facility
SYN-2024-02145,2024-04-15,20:19:34,Burglary,Mission Commercial,District 3,37.755718,-122.424199,Commercial Retail,Reported Burglary at Commercial Retail
SYN-2024-03532,2024-04-16,07:07:20,Fraud,Westside Arts,District 5,37.771815,-122.435892,Residential Apartment,Reported Fraud at Residential Apartment
SYN-2024-04424,2024-04-16,08:28:35,Burglary,Mission Commercial,District 3,37.753634,-122.414769,Residential Apartment,Reported Burglary at Residential Apartment
SYN-2024-03416,2024-04-16,10:17:49,Assault,Downtown Central,District 1,37.776453,-122.415109,Bar / Restaurant,Reported Assault at Bar / Restaurant
SYN-2024-03554,2024-04-16,15:33:27,Vandalism,Downtown Central,District 1,37.778455,-122.425468,Bar / Restaurant,Reported Vandalism at Bar / Restaurant
SYN-2024-03060,2024-04-16,18:48:41,Robbery,Mission Commercial,District 3,37.764514,-122.412178,Alleyway,Reported Robbery at Alleyway
SYN-2024-04068,2024-04-17,08:24:22,Fraud,Westside Arts,District 5,37.735154,-122.405117,Bar / Restaurant,Reported Fraud at Bar / Restaurant
SYN-2024-01687,2024-04-17,12:18:23,Public Disorder,Mission Commercial,District 3,37.759696,-122.419011,Street / Sidewalk,Reported Public Disorder at Street / Sidewalk
SYN-2024-04357,2024-04-17,14:20:00,Narcotics,Westside Arts,District 5,37.773967,-122.432715,Alleyway,Reported Narcotics at Alleyway
SYN-2024-03517,2024-04-17,16:20:36,Theft / Larceny,Mission Commercial,District 3,37.760198,-122.418377,Residential Apartment,Reported Theft / Larceny at Residential Apartment
SYN-2024-03003,2024-04-17,21:45:24,Fraud,Westside Arts,District 5,37.777832,-122.434111,Bar / Restaurant,Reported Fraud at Bar / Restaurant
SYN-2024-03248,2024-04-18,01:02:29,Assault,Waterfront Marina,District 2,37.809323,-122.435997,Bar / Restaurant,Reported Assault at Bar / Restaurant
SYN-2024-03569,2024-04-18,01:20:07,Robbery,Mission Commercial,District 3,37.764368,-122.415622,Alleyway,Reported Robbery at Alleyway
SYN-2024-03871,2024-04-18,11:04:37,Public Disorder,Downtown Central,District 1,37.77427,-122.408848,Park / Public Space,Reported Public Disorder at Park / Public Space
SYN-2024-04288,2024-04-18,16:37:25,Theft / Larceny,Westside Arts,District 5,37.771727,-122.431238,Alleyway,Reported Theft / Larceny at Alleyway
SYN-2024-01331,2024-04-18,17:09:53,Motor Vehicle Theft,Westside Arts,District 5,37.781338,-122.436239,Street / Sidewalk,Reported Motor Vehicle Theft at Street / Sidewalk
SYN-2024-00819,2024-04-18,18:10:59,Robbery,South Rail Corridor,District 4,37.748695,-122.385638,Transit Station,Reported Robbery at Transit Station
SYN-2024-01919,2024-04-18,19:53:53,Vandalism,Waterfront Marina,District 2,37.807559,-122.438918,Street / Sidewalk,Reported Vandalism at Street / Sidewalk
SYN-2024-00487,2024-04-19,01:39:39,Robbery,Downtown Central,District 1,37.779132,-122.415904,Residential Apartment,Reported Robbery at Residential Apartment
SYN-2024-03846,2024-04-19,13:11:43,Burglary,Westside Arts,District 5,37.77463,-122.434327,Residential Apartment,Reported Burglary at Residential Apartment
SYN-2024-04069,2024-04-19,15:07:28,Theft / Larceny,Waterfront Marina,District 2,37.805484,-122.440773,Parking Facility,Reported Theft / Larceny at Parking Facility
SYN-2024-03648,2024-04-19,16:56:22,Theft / Larceny,Downtown Central,District 1,37.777837,-122.41647,Transit Station,Reported Theft / Larceny at Transit Station
SYN-2024-02494,2024-04-19,20:41:01,Burglary,Waterfront Marina,District 2,37.801677,-122.432271,Residential Apartment,Reported Burglary at Residential Apartment
SYN-2024-02269,2024-04-20,09:50:49,Theft / Larceny,Mission Commercial,District 3,37.759265,-122.413745,Residential Apartment,Reported Theft / Larceny at Residential Apartment
SYN-2024-02908,2024-04-20,12:52:00,Theft / Larceny,Waterfront Marina,District 2,37.806386,-122.435619,Commercial Retail,Reported Theft / Larceny at Commercial Retail
SYN-2024-03939,2024-04-20,17:37:30,Vandalism,Waterfront Marina,District 2,37.80214,-122.439306,Residential Apartment,Reported Vandalism at Residential Apartment
SYN-2024-04099,2024-04-21,03:53:24,Assault,Downtown Central,District 1,37.783662,-122.417001,Street / Sidewalk,Reported Assault at Street / Sidewalk
SYN-2024-00527,2024-04-21,17:52:24,Theft / Larceny,Downtown Central,District 1,37.7831,-122.426152,Street / Sidewalk,Reported Theft / Larceny at Street / Sidewalk
SYN-2024-00806,2024-04-21,19:22:52,Fraud,Downtown Central,District 1,37.781913,-122.416882,Bar / Restaurant,Reported Fraud at Bar / Restaurant
SYN-2024-03612,2024-04-22,01:00:47,Assault,Downtown Central,District 1,37.816762,-122.447485,Street / Sidewalk,Reported Assault at Street / Sidewalk
SYN-2024-00010,2024-04-22,09:43:27,Burglary,Mission Commercial,District 3,37.767812,-122.420436,Commercial Retail,Reported Burglary at Commercial Retail
SYN-2024-00010,2024-04-22,09:43:27,Burglary,Mission Commercial,District 3,37.767812,-122.420436,Commercial Retail,Reported Burglary at Commercial Retail
SYN-2024-03900,2024-04-22,19:21:54,Theft / Larceny,Downtown Central,District 1,37.770477,-122.416946,Parking Facility,Reported Theft / Larceny at Parking Facility
SYN-2024-02351,2024-04-22,19:35:16,Narcotics,Downtown Central,District 1,37.768711,-122.414536,Street / Sidewalk,Reported Narcotics at Street / Sidewalk
SYN-2024-00531,2024-04-22,20:15:27,Motor Vehicle Theft,Westside Arts,District 5,37.771803,-122.432858,Parking Facility,Reported Motor Vehicle Theft at Parking Facility
SYN-2024-00753,2024-04-23,10:29:15,Vandalism,Mission Commercial,District 3,37.773796,-122.420999,Parking Facility,Reported Vandalism at Parking Facility
SYN-2024-02281,2024-04-23,13:50:36,Burglary,South Rail Corridor,District 4,37.748629,-122.390285,Residential Apartment,Reported Burglary at Residential Apartment
SYN-2024-02558,2024-04-23,16:09:15,Theft / Larceny,Mission Commercial,District 3,37.759147,-122.42499,Park / Public Space,Reported Theft / Larceny at Park / Public Space
SYN-2024-03909,2024-04-23,18:34:56,Robbery,Downtown Central,District 1,37.780692,-122.413461,Alleyway,Reported Robbery at Alleyway
SYN-2024-02745,2024-04-23,18:47:03,Assault,Downtown Central,District 1,37.782024,-122.421384,Bar / Restaurant,Reported Assault at Bar / Restaurant
SYN-2024-02288,2024-04-23,20:00:52,Theft / Larceny,Mission Commercial,District 3,37.759528,-122.411976,Bar / Restaurant,Reported Theft / Larceny at Bar / Restaurant
SYN-2024-01166,2024-04-23,21:04:20,Motor Vehicle Theft,South Rail Corridor,District 4,37.742818,-122.395913,Street / Sidewalk,Reported Motor Vehicle Theft at Street / Sidewalk
SYN-2024-01009,2024-04-23,22:16:41,Assault,Downtown Central,District 1,37.780281,-122.418087,Street / Sidewalk,Reported Assault at Street / Sidewalk
SYN-2024-02902,2024-04-24,10:10:01,Narcotics,Waterfront Marina,District 2,37.801643,-122.432801,Transit Station,Reported Narcotics at Transit Station
SYN-2024-04125,2024-04-24,13:31:26,Public Disorder,Downtown Central,District 1,37.777206,-122.421568,Street / Sidewalk,Reported Public Disorder at Street / Sidewalk
SYN-2024-01141,2024-04-24,13:42:21,Public Disorder,Downtown Central,District 1,37.784638,-122.413057,Street / Sidewalk,Reported Public Disorder at Street / Sidewalk
SYN-2024-03329,2024-04-24,15:42:01,Vandalism,Mission Commercial,District 3,37.756145,-122.418955,Park / Public Space,Reported Vandalism at Park / Public Space
SYN-2024-00192,2024-04-24,16:32:12,Motor Vehicle Theft,Mission Commercial,District 3,37.754358,-122.416841,Parking Facility,Reported Motor Vehicle Theft at Parking Facility
SYN-2024-03466,2024-04-24,16:34:16,Motor Vehicle Theft,Mission Commercial,District 3,37.764915,-122.423048,Street / Sidewalk,Reported Motor Vehicle Theft at Street / Sidewalk
SYN-2024-01154,2024-04-24,18:28:49,Theft / Larceny,Westside Arts,District 5,37.77496,-122.431319,Alleyway,Reported Theft / Larceny at Alleyway
SYN-2024-01115,2024-04-24,19:27:34,Robbery,Westside Arts,District 5,37.770629,-122.427829,Commercial Retail,Reported Robbery at Commercial Retail
SYN-2024-02912,2024-04-25,10:49:07,Narcotics,Waterfront Marina,District 2,37.806657,-122.439585,Street / Sidewalk,Reported Narcotics at Street / Sidewalk
SYN-2024-01840,2024-04-25,18:34:09,Burglary,Waterfront Marina,District 2,37.80183,-122.436453,Commercial Retail,Reported Burglary at Commercial Retail
SYN-2024-00186,2024-04-25,18:41:16,Burglary,Westside Arts,District 5,37.769483,-122.437503,Commercial Retail,Reported Burglary at Commercial Retail
SYN-2024-00856,2024-04-25,18:53:34,Robbery,Waterfront Marina,District 2,37.801177,-122.434067,Transit Station,Reported Robbery at Transit Station
SYN-2024-02192,2024-04-26,04:57:27,Narcotics,Westside Arts,District 5,37.768966,-122.435033,Parking Facility,Reported Narcotics at Parking Facility
SYN-2024-01278,2024-04-26,08:48:06,Public Disorder,Downtown Central,District 1,37.781649,-122.424907,Bar / Restaurant,Reported Public Disorder at Bar / Restaurant
SYN-2024-03702,2024-04-26,13:35:23,Assault,Downtown Central,District 1,37.750171,-122.435767,Park / Public Space,Reported Assault at Park / Public Space
SYN-2024-00375,2024-04-26,16:18:01,Public Disorder,South Rail Corridor,District 4,37.742541,-122.392355,Street / Sidewalk,Reported Public Disorder at Street / Sidewalk
SYN-2024-02432,2024-04-26,19:22:08,Burglary,Mission Commercial,District 3,37.756943,-122.414577,Commercial Retail,Reported Burglary at Commercial Retail
SYN-2024-00095,2024-04-27,05:48:14,Motor Vehicle Theft,Waterfront Marina,District 2,37.803412,-122.440954,Parking Facility,Reported Motor Vehicle Theft at Parking Facility
SYN-2024-02648,2024-04-27,10:48:11,Assault,Mission Commercial,District 3,37.759176,-122.403873,Street / Sidewalk,Reported Assault at Street / Sidewalk
SYN-2024-01778,2024-04-27,11:43:50,Theft / Larceny,Mission Commercial,District 3,37.79021,-122.441671,Residential Apartment,Reported Theft / Larceny at Residential Apartment
SYN-2024-02445,2024-04-27,14:31:05,Vandalism,Downtown Central,District 1,37.776456,-122.422051,Commercial Retail,Reported Vandalism at Commercial Retail
SYN-2024-00932,2024-04-27,15:07:22,Fraud,South Rail Corridor,District 4,37.742978,-122.399749,Bar / Restaurant,Reported Fraud at Bar / Restaurant
SYN-2024-00011,2024-04-27,18:34:48,Theft / Larceny,Downtown Central,District 1,37.78668,-122.416843,Bar / Restaurant,Reported Theft / Larceny at Bar / Restaurant
SYN-2024-00011,2024-04-27,18:34:48,Theft / Larceny,Downtown Central,District 1,37.78668,-122.416843,Bar / Restaurant,Reported Theft / Larceny at Bar / Restaurant
SYN-2024-02464,2024-04-27,19:44:12,Assault,Mission Commercial,District 3,37.762296,-122.421741,Bar / Restaurant,Reported Assault at Bar / Restaurant
SYN-2024-01910,2024-04-28,11:25:43,Burglary,Westside Arts,District 5,37.775358,-122.434217,Residential Apartment,Reported Burglary at Residential Apartment
SYN-2024-03775,2024-04-28,12:01:05,Assault,Waterfront Marina,District 2,37.812305,-122.436538,Bar / Restaurant,Reported Assault at Bar / Restaurant
SYN-2024-00273,2024-04-28,15:02:54,Vandalism,Waterfront Marina,District 2,37.804423,-122.438328,Alleyway,Reported Vandalism at Alleyway
SYN-2024-02362,2024-04-28,19:18:08,Vandalism,Downtown Central,District 1,37.779323,-122.418679,Bar / Restaurant,Reported Vandalism at Bar / Restaurant
SYN-2024-04071,2024-04-29,08:29:10,Theft / Larceny,Waterfront Marina,District 2,37.760971,-122.452251,Commercial Retail,Reported Theft / Larceny at Commercial Retail
SYN-2024-04454,2024-04-29,12:51:40,Vandalism,South Rail Corridor,District 4,37.750415,-122.396943,Park / Public Space,Reported Vandalism at Park / Public Space
SYN-2024-04440,2024-04-29,13:12:48,Vandalism,Downtown Central,District 1,37.772748,-122.419684,Alleyway,Reported Vandalism at Alleyway
SYN-2024-02752,2024-04-29,14:15:27,Vandalism,Mission Commercial,District 3,37.756888,-122.418252,Commercial Retail,Reported Vandalism at Commercial Retail
SYN-2024-03336,2024-04-29,17:12:27,Assault,Mission Commercial,District 3,37.766982,-122.416799,Park / Public Space,Reported Assault at Park / Public Space
SYN-2024-02790,2024-04-29,19:46:53,Motor Vehicle Theft,Mission Commercial,District 3,37.763433,-122.423134,Parking Facility,Reported Motor Vehicle Theft at Parking Facility
SYN-2024-00610,2024-04-29,20:59:01,Vandalism,Mission Commercial,District 3,37.748929,-122.414772,Park / Public Space,Reported Vandalism at Park / Public Space
SYN-2024-03000,2024-04-30,02:41:04,Robbery,Mission Commercial,District 3,37.758288,-122.425746,Parking Facility,Reported Robbery at Parking Facility
SYN-2024-02032,2024-04-30,08:31:25,Vandalism,Downtown Central,District 1,37.778692,-122.415259,Transit Station,Reported Vandalism at Transit Station
SYN-2024-01083,2024-04-30,13:49:24,Motor Vehicle Theft,Westside Arts,District 5,37.78014,-122.439631,Parking Facility,Reported Motor Vehicle Theft at Parking Facility
SYN-2024-01684,2024-04-30,14:45:05,Burglary,Westside Arts,District 5,37.775564,-122.433699,Commercial Retail,Reported Burglary at Commercial Retail
SYN-2024-03252,2024-04-30,15:00:14,Assault,Downtown Central,District 1,37.777161,-122.419883,Bar / Restaurant,Reported Assault at Bar / Restaurant
SYN-2024-00838,2024-04-30,17:11:00,Vandalism,Mission Commercial,District 3,37.781757,-122.407789,Commercial Retail,Reported Vandalism at Commercial Retail
SYN-2024-00271,2024-04-30,19:01:21,Vandalism,Waterfront Marina,District 2,37.808108,-122.437965,Commercial Retail,Reported Vandalism at Commercial Retail
SYN-2024-00343,2024-04-30,19:31:12,Vandalism,Westside Arts,District 5,37.773205,-122.433857,Residential Apartment,Reported Vandalism at Residential Apartment
SYN-2024-00878,2024-05-01,02:15:18,Public Disorder,Downtown Central,District 1,37.777913,-122.408582,Street / Sidewalk,Reported Public Disorder at Street / Sidewalk
SYN-2024-02804,2024-05-01,11:28:09,Burglary,Downtown Central,District 1,37.78163,-122.414271,Residential Apartment,Reported Burglary at Residential Apartment
SYN-2024-01756,2024-05-01,13:59:52,Narcotics,Downtown Central,District 1,37.775865,-122.418815,Transit Station,Reported Narcotics at Transit Station
SYN-2024-03725,2024-05-01,18:07:05,Assault,Downtown Central,District 1,37.784871,-122.413308,Street / Sidewalk,Reported Assault at Street / Sidewalk
SYN-2024-00937,2024-05-01,19:53:48,Theft / Larceny,Westside Arts,District 5,37.775456,-122.433474,Parking Facility,Reported Theft / Larceny at Parking Facility
SYN-2024-04447,2024-05-01,20:57:17,Public Disorder,Downtown Central,District 1,37.775832,-122.416873,Bar / Restaurant,Reported Public Disorder at Bar / Restaurant
SYN-2024-01990,2024-05-01,20:58:59,Assault,Mission Commercial,District 3,37.761864,-122.41833,Bar / Restaurant,Reported Assault at Bar / Restaurant
SYN-2024-02320,2024-05-01,22:22:12,Assault,Westside Arts,District 5,37.770318,-122.443527,Bar / Restaurant,Reported Assault at Bar / Restaurant
SYN-2024-03227,2024-05-02,05:10:28,Fraud,Westside Arts,District 5,37.779708,-122.440943,Bar / Restaurant,Reported Fraud at Bar / Restaurant
SYN-2024-01230,2024-05-02,07:25:36,Assault,Westside Arts,District 5,37.768111,-122.433883,Street / Sidewalk,Reported Assault at Street / Sidewalk
SYN-2024-01362,2024-05-02,08:48:51,Motor Vehicle Theft,South Rail Corridor,District 4,37.744776,-122.393328,Street / Sidewalk,Reported Motor Vehicle Theft at Street / Sidewalk
SYN-2024-01050,2024-05-02,14:16:05,Narcotics,Waterfront Marina,District 2,37.804403,-122.443858,Commercial Retail,Reported Narcotics at Commercial Retail
SYN-2024-01090,2024-05-02,17:03:20,Robbery,Downtown Central,District 1,37.77866,-122.421304,Residential Apartment,Reported Robbery at Residential Apartment
SYN-2024-03622,2024-05-02,21:32:07,Fraud,Mission Commercial,District 3,37.731278,-122.391866,Residential Apartment,Reported Fraud at Residential Apartment
SYN-2024-01825,2024-05-02,22:02:15,Narcotics,Westside Arts,District 5,37.774947,-122.436152,Bar / Restaurant,Reported Narcotics at Bar / Restaurant
SYN-2024-00872,2024-05-03,02:58:56,Theft / Larceny,Westside Arts,District 5,37.779036,-122.432947,Alleyway,Reported Theft / Larceny at Alleyway
SYN-2024-02138,2024-05-03,10:02:37,Public Disorder,Downtown Central,District 1,37.783498,-122.416177,Park / Public Space,Reported Public Disorder at Park / Public Space
SYN-2024-03599,2024-05-03,10:25:00,Theft / Larceny,Waterfront Marina,District 2,37.800965,-122.440231,Transit Station,Reported Theft / Larceny at Transit Station
SYN-2024-01516,2024-05-03,11:12:49,Robbery,Downtown Central,District 1,37.780354,-122.426247,Residential Apartment,Reported Robbery at Residential Apartment
SYN-2024-04427,2024-05-03,12:43:42,Assault,Mission Commercial,District 3,37.757353,-122.422327,Park / Public Space,Reported Assault at Park / Public Space
SYN-2024-01790,2024-05-03,13:01:49,Vandalism,Downtown Central,District 1,37.774113,-122.419044,Transit Station,Reported Vandalism at Transit Station
SYN-2024-02333,2024-05-03,13:08:20,Vandalism,Downtown Central,District 1,37.774883,-122.414696,Parking Facility,Reported Vandalism at Parking Facility
SYN-2024-02365,2024-05-03,18:37:40,Theft / Larceny,Mission Commercial,District 3,37.754486,-122.414928,Bar / Restaurant,Reported Theft / Larceny at Bar / Restaurant
SYN-2024-04499,2024-05-03,19:17:40,Public Disorder,Waterfront Marina,District 2,37.801292,-122.437821,Street / Sidewalk,Reported Public Disorder at Street / Sidewalk
SYN-2024-00644,2024-05-03,20:49:59,Theft / Larceny,Mission Commercial,District 3,37.757067,-122.412033,Commercial Retail,Reported Theft / Larceny at Commercial Retail
SYN-2024-01904,2024-05-04,11:37:05,Narcotics,Downtown Central,District 1,37.783095,-122.417393,Parking Facility,Reported Narcotics at Parking Facility
SYN-2024-02751,2024-05-04,15:04:40,Narcotics,Westside Arts,District 5,37.77708,-122.431917,Residential Apartment,Reported Narcotics at Residential Apartment
SYN-2024-01779,2024-05-04,17:20:09,Theft / Larceny,Downtown Central,District 1,37.782225,-122.410718,Residential Apartment,Reported Theft / Larceny at Residential Apartment
SYN-2024-01422,2024-05-04,20:00:15,Motor Vehicle Theft,Downtown Central,District 1,37.78298,-122.413563,Parking Facility,Reported Motor Vehicle Theft at Parking Facility
SYN-2024-01423,2024-05-04,20:34:29,Assault,Mission Commercial,District 3,37.762087,-122.417638,Bar / Restaurant,Reported Assault at Bar / Restaurant
SYN-2024-02620,2024-05-05,01:10:47,Theft / Larceny,Downtown Central,District 1,37.776003,-122.417832,Commercial Retail,Reported Theft / Larceny at Commercial Retail
SYN-2024-01873,2024-05-05,02:17:58,Fraud,Downtown Central,District 1,37.777821,-122.417805,Transit Station,Reported Fraud at Transit Station
SYN-2024-01997,2024-05-05,12:15:35,Assault,Downtown Central,District 1,37.780336,-122.427348,Bar / Restaurant,Reported Assault at Bar / Restaurant
SYN-2024-01906,2024-05-05,12:56:08,Assault,Downtown Central,District 1,37.788253,-122.423222,Bar / Restaurant,Reported Assault at Bar / Restaurant
SYN-2024-00696,2024-05-05,14:26:49,Vandalism,Waterfront Marina,District 2,37.800144,-122.437059,Alleyway,Reported Vandalism at Alleyway
SYN-2024-00624,2024-05-05,15:40:08,Assault,Downtown Central,District 1,37.781973,-122.416496,Bar / Restaurant,Reported Assault at Bar / Restaurant
SYN-2024-02954,2024-05-05,18:12:30,Narcotics,Waterfront Marina,District 2,37.796721,-122.430467,Street / Sidewalk,Reported Narcotics at Street / Sidewalk
SYN-2024-01408,2024-05-05,18:42:35,Theft / Larceny,Westside Arts,District 5,37.773095,-122.437848,Residential Apartment,Reported Theft / Larceny at Residential Apartment
SYN-2024-02001,2024-05-05,19:48:41,Motor Vehicle Theft,Mission Commercial,District 3,37.761681,-122.41832,Parking Facility,Reported Motor Vehicle Theft at Parking Facility
SYN-2024-03263,2024-05-06,07:43:20,Burglary,Westside Arts,District 5,37.779015,-122.430041,Commercial Retail,Reported Burglary at Commercial Retail
SYN-2024-03989,2024-05-06,09:40:06,Vandalism,Waterfront Marina,District 2,37.807353,-122.433379,Transit Station,Reported Vandalism at Transit Station
SYN-2024-00614,2024-05-06,10:57:12,Assault,Downtown Central,District 1,37.778908,-122.420868,Bar / Restaurant,Reported Assault at Bar / Restaurant
SYN-2024-00340,2024-05-06,17:02:24,Vandalism,Waterfront Marina,District 2,37.80401,-122.436375,Street / Sidewalk,Reported Vandalism at Street / Sidewalk
SYN-2024-03754,2024-05-06,18:13:55,Vandalism,Downtown Central,District 1,37.775552,-122.406911,Street / Sidewalk,Reported Vandalism at Street / Sidewalk
SYN-2024-03824,2024-05-06,19:28:03,Theft / Larceny,Westside Arts,District 5,37.77671,-122.43761,Bar / Restaurant,Reported Theft / Larceny at Bar / Restaurant
SYN-2024-00826,2024-05-06,20:36:30,Theft / Larceny,Westside Arts,District 5,37.76775,-122.427904,Transit Station,Reported Theft / Larceny at Transit Station
SYN-2024-02467,2024-05-06,20:46:13,Theft / Larceny,Westside Arts,District 5,37.776325,-122.436069,Park / Public Space,Reported Theft / Larceny at Park / Public Space
SYN-2024-01366,2024-05-07,07:54:26,Vandalism,Downtown Central,District 1,37.782377,-122.418923,Parking Facility,Reported Vandalism at Parking Facility
SYN-2024-01886,2024-05-07,14:55:50,Public Disorder,Downtown Central,District 1,37.776547,-122.418803,Park / Public Space,Reported Public Disorder at Park / Public Space
SYN-2024-00928,2024-05-07,17:29:26,Vandalism,Mission Commercial,District 3,37.760186,-122.420954,Bar / Restaurant,Reported Vandalism at Bar / Restaurant
SYN-2024-01027,2024-05-07,17:53:16,Burglary,Waterfront Marina,District 2,37.790817,-122.434606,Residential Apartment,Reported Burglary at Residential Apartment
SYN-2024-00731,2024-05-07,22:28:00,Theft / Larceny,Downtown Central,District 1,37.778206,-122.420028,Transit Station,Reported Theft / Larceny at Transit Station
SYN-2024-02872,2024-05-08,10:40:42,Vandalism,Waterfront Marina,District 2,37.805672,-122.446256,Park / Public Space,Reported Vandalism at Park / Public Space
SYN-2024-00926,2024-05-08,17:37:06,Assault,Downtown Central,District 1,37.776227,-122.417826,Bar / Restaurant,Reported Assault at Bar / Restaurant
SYN-2024-02667,2024-05-08,17:59:02,Motor Vehicle Theft,Downtown Central,District 1,37.798443,-122.402573,Street / Sidewalk,Reported Motor Vehicle Theft at Street / Sidewalk
SYN-2024-03475,2024-05-08,19:48:25,Robbery,Mission Commercial,District 3,37.765844,-122.420521,Park / Public Space,Reported Robbery at Park / Public Space
SYN-2024-04387,2024-05-08,23:44:53,Theft / Larceny,Waterfront Marina,District 2,37.754171,-122.408145,Commercial Retail,Reported Theft / Larceny at Commercial Retail
SYN-2024-03251,2024-05-09,12:31:03,Fraud,Westside Arts,District 5,37.77548,-122.434577,Bar / Restaurant,Reported Fraud at Bar / Restaurant
SYN-2024-03984,2024-05-09,15:38:30,Motor Vehicle Theft,South Rail Corridor,District 4,37.748721,-122.392182,Street / Sidewalk,Reported Motor Vehicle Theft at Street / Sidewalk
SYN-2024-03857,2024-05-09,16:19:28,Burglary,Mission Commercial,District 3,37.758886,-122.418194,Commercial Retail,Reported Burglary at Commercial Retail
SYN-2024-02867,2024-05-09,19:59:55,Fraud,Westside Arts,District 5,37.769868,-122.436372,Parking Facility,Reported Fraud at Parking Facility
SYN-2024-03956,2024-05-09,20:33:33,Vandalism,Mission Commercial,District 3,37.764433,-122.420298,Commercial Retail,Reported Vandalism at Commercial Retail
SYN-2024-03819,2024-05-09,20:58:02,Motor Vehicle Theft,Mission Commercial,District 3,37.762895,-122.422494,Parking Facility,Reported Motor Vehicle Theft at Parking Facility
SYN-2024-01875,2024-05-09,21:39:38,Burglary,Mission Commercial,District 3,37.76029,-122.421536,Commercial Retail,Reported Burglary at Commercial Retail
SYN-2024-00756,2024-05-09,22:56:31,Theft / Larceny,Downtown Central,District 1,37.776819,-122.41892,Alleyway,Reported Theft / Larceny at Alleyway
SYN-2024-00197,2024-05-10,10:00:48,Assault,Downtown Central,District 1,37.774835,-122.414849,Park / Public Space,Reported Assault at Park / Public Space
SYN-2024-04250,2024-05-10,13:18:52,Motor Vehicle Theft,South Rail Corridor,District 4,37.752608,-122.391648,Street / Sidewalk,Reported Motor Vehicle Theft at Street / Sidewalk
SYN-2024-02960,2024-05-10,15:35:40,Burglary,South Rail Corridor,District 4,37.740588,-122.397521,Residential Apartment,Reported Burglary at Residential Apartment
SYN-2024-01176,2024-05-10,22:20:55,Assault,Downtown Central,District 1,37.775607,-122.415252,Bar / Restaurant,Reported Assault at Bar / Restaurant
SYN-2024-01351,2024-05-10,22:32:56,Theft / Larceny,Mission Commercial,District 3,37.758386,-122.412302,Residential Apartment,Reported Theft / Larceny at Residential Apartment
SYN-2024-04487,2024-05-11,02:04:09,Vandalism,Waterfront Marina,District 2,37.80904,-122.438204,Alleyway,Reported Vandalism at Alleyway
SYN-2024-03568,2024-05-11,02:20:51,Narcotics,Downtown Central,District 1,37.773398,-122.417393,Transit Station,Reported Narcotics at Transit Station
SYN-2024-00361,2024-05-11,07:42:38,Motor Vehicle Theft,Westside Arts,District 5,37.770718,-122.438497,Parking Facility,Reported Motor Vehicle Theft at Parking Facility
SYN-2024-03480,2024-05-11,08:45:27,Narcotics,South Rail Corridor,District 4,37.749707,-122.403451,Transit Station,Reported Narcotics at Transit Station
SYN-2024-01248,2024-05-11,10:40:07,Robbery,Downtown Central,District 1,37.778325,-122.446611,Alleyway,Reported Robbery at Alleyway
SYN-2024-02525,2024-05-11,12:16:18,Fraud,Downtown Central,District 1,37.779857,-122.411376,Parking Facility,Reported Fraud at Parking Facility
SYN-2024-03716,2024-05-11,12:35:15,Motor Vehicle Theft,Mission Commercial,District 3,37.768833,-122.422222,Street / Sidewalk,Reported Motor Vehicle Theft at Street / Sidewalk
SYN-2024-04136,2024-05-11,14:32:21,Motor Vehicle Theft,Mission Commercial,District 3,37.764162,-122.419655,Parking Facility,Reported Motor Vehicle Theft at Parking Facility
SYN-2024-03298,2024-05-11,14:32:27,Motor Vehicle Theft,South Rail Corridor,District 4,37.748414,-122.393475,Street / Sidewalk,Reported Motor Vehicle Theft at Street / Sidewalk
SYN-2024-00456,2024-05-12,01:06:31,Theft / Larceny,Downtown Central,District 1,37.771636,-122.418205,Bar / Restaurant,Reported Theft / Larceny at Bar / Restaurant
SYN-2024-02193,2024-05-12,12:41:33,Assault,Waterfront Marina,District 2,37.799109,-122.435417,Street / Sidewalk,Reported Assault at Street / Sidewalk
SYN-2024-03234,2024-05-12,14:04:55,Theft / Larceny,Downtown Central,District 1,37.731079,-122.436616,Bar / Restaurant,Reported Theft / Larceny at Bar / Restaurant
SYN-2024-00118,2024-05-12,18:32:35,Theft / Larceny,Waterfront Marina,District 2,37.800285,-122.436557,Street / Sidewalk,Reported Theft / Larceny at Street / Sidewalk
SYN-2024-03067,2024-05-12,19:15:28,Theft / Larceny,Mission Commercial,District 3,37.759932,-122.424497,Transit Station,Reported Theft / Larceny at Transit Station
SYN-2024-03652,2024-05-13,03:59:20,Theft / Larceny,Downtown Central,District 1,37.777451,-122.422218,Bar / Restaurant,Reported Theft / Larceny at Bar / Restaurant
SYN-2024-00281,2024-05-13,11:20:59,Assault,Waterfront Marina,District 2,37.798931,-122.436061,Park / Public Space,Reported Assault at Park / Public Space
SYN-2024-01736,2024-05-13,15:26:21,Public Disorder,Waterfront Marina,District 2,37.798605,-122.444479,Street / Sidewalk,Reported Public Disorder at Street / Sidewalk
SYN-2024-00350,2024-05-13,15:31:07,Burglary,Waterfront Marina,District 2,37.799301,-122.430681,Residential Apartment,Reported Burglary at Residential Apartment
SYN-2024-03664,2024-05-13,20:21:34,Public Disorder,Waterfront Marina,District 2,37.808901,-122.436606,Bar / Restaurant,Reported Public Disorder at Bar / Restaurant
SYN-2024-01275,2024-05-13,21:00:47,Vandalism,Mission Commercial,District 3,37.759211,-122.418259,Residential Apartment,Reported Vandalism at Residential Apartment
SYN-2024-00436,2024-05-14,09:02:42,Robbery,Mission Commercial,District 3,37.766438,-122.425779,Alleyway,Reported Robbery at Alleyway
SYN-2024-02784,2024-05-14,09:57:14,Burglary,Mission Commercial,District 3,37.754581,-122.412812,Commercial Retail,Reported Burglary at Commercial Retail
SYN-2024-04355,2024-05-14,15:43:09,Motor Vehicle Theft,Downtown Central,District 1,37.78139,-122.41754,Parking Facility,Reported Motor Vehicle Theft at Parking Facility
SYN-2024-00104,2024-05-14,19:15:37,Public Disorder,Downtown Central,District 1,37.776927,-122.415877,Bar / Restaurant,Reported Public Disorder at Bar / Restaurant
SYN-2024-02688,2024-05-14,19:29:27,Vandalism,South Rail Corridor,District 4,37.746166,-122.385382,Transit Station,Reported Vandalism at Transit Station
SYN-2024-02170,2024-05-14,23:16:57,Motor Vehicle Theft,Mission Commercial,District 3,37.751982,-122.423791,Street / Sidewalk,Reported Motor Vehicle Theft at Street / Sidewalk
SYN-2024-01152,2024-05-15,03:14:15,Assault,Mission Commercial,District 3,37.760953,-122.419877,Street / Sidewalk,Reported Assault at Street / Sidewalk
SYN-2024-02181,2024-05-15,11:03:22,Vandalism,Downtown Central,District 1,37.784747,-122.408667,Transit Station,Reported Vandalism at Transit Station
SYN-2024-02034,2024-05-15,14:44:14,Assault,Downtown Central,District 1,37.787858,-122.420242,Park / Public Space,Reported Assault at Park / Public Space
SYN-2024-00588,2024-05-15,14:47:41,Public Disorder,Downtown Central,District 1,37.780291,-122.405421,Bar / Restaurant,Reported Public Disorder at Bar / Restaurant
SYN-2024-01379,2024-05-15,17:23:36,Burglary,Waterfront Marina,District 2,37.804563,-122.434883,Commercial Retail,Reported Burglary at Commercial Retail
SYN-2024-02108,2024-05-15,17:27:41,Burglary,Downtown Central,District 1,37.781546,-122.428092,Commercial Retail,Reported Burglary at Commercial Retail
SYN-2024-04280,2024-05-15,17:39:06,Assault,Waterfront Marina,District 2,37.803599,-122.439928,Bar / Restaurant,Reported Assault at Bar / Restaurant
SYN-2024-03016,2024-05-15,18:09:20,Public Disorder,Downtown Central,District 1,37.774696,-122.410364,Bar / Restaurant,Reported Public Disorder at Bar / Restaurant
SYN-2024-02164,2024-05-15,21:17:01,Robbery,Westside Arts,District 5,37.773542,-122.433384,Alleyway,Reported Robbery at Alleyway
SYN-2024-01568,2024-05-16,04:12:38,Public Disorder,Downtown Central,District 1,37.77781,-122.418177,Bar / Restaurant,Reported Public Disorder at Bar / Restaurant
SYN-2024-01218,2024-05-16,07:47:52,Vandalism,Waterfront Marina,District 2,37.803296,-122.428872,Commercial Retail,Reported Vandalism at Commercial Retail
SYN-2024-00144,2024-05-16,16:52:41,Motor Vehicle Theft,Downtown Central,District 1,37.775983,-122.41659,Parking Facility,Reported Motor Vehicle Theft at Parking Facility
SYN-2024-02768,2024-05-16,17:54:01,Motor Vehicle Theft,Mission Commercial,District 3,37.758016,-122.4228,Parking Facility,Reported Motor Vehicle Theft at Parking Facility
SYN-2024-01261,2024-05-16,18:13:15,Public Disorder,Downtown Central,District 1,37.77791,-122.425334,Bar / Restaurant,Reported Public Disorder at Bar / Restaurant
SYN-2024-00654,2024-05-16,18:52:20,Vandalism,Waterfront Marina,District 2,37.798641,-122.434343,Bar / Restaurant,Reported Vandalism at Bar / Restaurant
SYN-2024-02155,2024-05-16,19:52:25,Robbery,South Rail Corridor,District 4,37.754171,-122.398293,Alleyway,Reported Robbery at Alleyway
SYN-2024-04483,2024-05-16,22:01:42,Theft / Larceny,Downtown Central,District 1,37.76994,-122.410374,Transit Station,Reported Theft / Larceny at Transit Station
SYN-2024-03640,2024-05-17,00:55:29,Burglary,Mission Commercial,District 3,37.756505,-122.420487,Residential Apartment,Reported Burglary at Residential Apartment
SYN-2024-02049,2024-05-17,00:58:53,Public Disorder,Waterfront Marina,District 2,37.800139,-122.434787,Bar / Restaurant,Reported Public Disorder at Bar / Restaurant
SYN-2024-02206,2024-05-17,01:52:31,Vandalism,Downtown Central,District 1,37.785099,-122.415141,Street / Sidewalk,Reported Vandalism at Street / Sidewalk
SYN-2024-04302,2024-05-17,03:13:06,Theft / Larceny,Mission Commercial,District 3,37.759952,-122.420206,Street / Sidewalk,Reported Theft / Larceny at Street / Sidewalk
SYN-2024-00842,2024-05-17,10:22:17,Robbery,Downtown Central,District 1,37.778534,-122.410063,Commercial Retail,Reported Robbery at Commercial Retail
SYN-2024-00388,2024-05-17,12:30:29,Motor Vehicle Theft,Mission Commercial,District 3,37.762457,-122.41412,Parking Facility,Reported Motor Vehicle Theft at Parking Facility
SYN-2024-02217,2024-05-17,15:48:31,Motor Vehicle Theft,Mission Commercial,District 3,37.763592,-122.420296,Street / Sidewalk,Reported Motor Vehicle Theft at Street / Sidewalk
SYN-2024-02885,2024-05-17,16:40:05,Vandalism,Mission Commercial,District 3,37.763166,-122.419875,Park / Public Space,Reported Vandalism at Park / Public Space
SYN-2024-00533,2024-05-17,17:09:46,Burglary,Waterfront Marina,District 2,37.799142,-122.440556,Residential Apartment,Reported Burglary at Residential Apartment
SYN-2024-03556,2024-05-17,21:17:04,Burglary,South Rail Corridor,District 4,37.736308,-122.389632,Commercial Retail,Reported Burglary at Commercial Retail
SYN-2024-02109,2024-05-18,00:39:45,Burglary,Westside Arts,District 5,37.775443,-122.435787,Residential Apartment,Reported Burglary at Residential Apartment
SYN-2024-01467,2024-05-18,02:11:34,Vandalism,Waterfront Marina,District 2,37.795996,-122.437318,Residential Apartment,Reported Vandalism at Residential Apartment
SYN-2024-03953,2024-05-18,09:13:04,Fraud,Westside Arts,District 5,37.769872,-122.432285,Street / Sidewalk,Reported Fraud at Street / Sidewalk
SYN-2024-01914,2024-05-18,10:16:09,Motor Vehicle Theft,Mission Commercial,District 3,37.758143,-122.419106,Street / Sidewalk,Reported Motor Vehicle Theft at Street / Sidewalk
SYN-2024-01456,2024-05-18,10:23:06,Theft / Larceny,Downtown Central,District 1,37.777785,-122.410719,Bar / Restaurant,Reported Theft / Larceny at Bar / Restaurant
SYN-2024-01988,2024-05-18,13:11:10,Motor Vehicle Theft,South Rail Corridor,District 4,37.742773,-122.386472,Street / Sidewalk,Reported Motor Vehicle Theft at Street / Sidewalk
SYN-2024-03283,2024-05-18,14:59:57,Burglary,Mission Commercial,District 3,37.757523,-122.421475,Commercial Retail,Reported Burglary at Commercial Retail
SYN-2024-04466,2024-05-18,18:32:59,Robbery,Downtown Central,District 1,37.777314,-122.413783,Park / Public Space,Reported Robbery at Park / Public Space
SYN-2024-03002,2024-05-18,19:14:07,Public Disorder,Waterfront Marina,District 2,37.799384,-122.443318,Street / Sidewalk,Reported Public Disorder at Street / Sidewalk
SYN-2024-02100,2024-05-18,19:16:11,Assault,Westside Arts,District 5,37.777444,-122.432436,Street / Sidewalk,Reported Assault at Street / Sidewalk
SYN-2024-00145,2024-05-18,19:29:02,Assault,Downtown Central,District 1,37.777217,-122.412503,Bar / Restaurant,Reported Assault at Bar / Restaurant
SYN-2024-04470,2024-05-18,22:26:52,Public Disorder,Downtown Central,District 1,37.76835,-122.418092,Park / Public Space,Reported Public Disorder at Park / Public Space
SYN-2024-00251,2024-05-18,22:50:26,Robbery,South Rail Corridor,District 4,37.751117,-122.389668,Parking Facility,Reported Robbery at Parking Facility
SYN-2024-03681,2024-05-18,23:33:17,Assault,Downtown Central,District 1,37.781312,-122.424686,Park / Public Space,Reported Assault at Park / Public Space
SYN-2024-01723,2024-05-19,00:57:43,Narcotics,Downtown Central,District 1,37.783404,-122.421325,Alleyway,Reported Narcotics at Alleyway
SYN-2024-00439,2024-05-19,15:00:44,Fraud,South Rail Corridor,District 4,37.749997,-122.401966,Alleyway,Reported Fraud at Alleyway
SYN-2024-00853,2024-05-19,15:43:56,Theft / Larceny,Mission Commercial,District 3,37.76561,-122.422517,Street / Sidewalk,Reported Theft / Larceny at Street / Sidewalk
SYN-2024-02854,2024-05-19,16:44:13,Robbery,Mission Commercial,District 3,37.764156,-122.419996,Street / Sidewalk,Reported Robbery at Street / Sidewalk
SYN-2024-01861,2024-05-19,17:28:17,Burglary,Westside Arts,District 5,37.77806,-122.435222,Commercial Retail,Reported Burglary at Commercial Retail
SYN-2024-02475,2024-05-19,17:45:18,Assault,South Rail Corridor,District 4,37.744273,-122.398546,Bar / Restaurant,Reported Assault at Bar / Restaurant
SYN-2024-01589,2024-05-19,17:59:33,Fraud,Westside Arts,District 5,37.774949,-122.437498,Residential Apartment,Reported Fraud at Residential Apartment
SYN-2024-03814,2024-05-19,18:54:50,Robbery,Downtown Central,District 1,37.774963,-122.419047,Street / Sidewalk,Reported Robbery at Street / Sidewalk
SYN-2024-03282,2024-05-19,19:34:45,Theft / Larceny,Westside Arts,District 5,37.773216,-122.432129,Transit Station,Reported Theft / Larceny at Transit Station
SYN-2024-03212,2024-05-20,09:22:18,Burglary,Waterfront Marina,District 2,37.793554,-122.436223,Residential Apartment,Reported Burglary at Residential Apartment
SYN-2024-01345,2024-05-20,09:36:11,Fraud,Westside Arts,District 5,37.765519,-122.433674,Park / Public Space,Reported Fraud at Park / Public Space
SYN-2024-03656,2024-05-20,10:58:50,Robbery,Mission Commercial,District 3,37.769291,-122.42139,Park / Public Space,Reported Robbery at Park / Public Space
SYN-2024-01601,2024-05-20,11:27:00,Robbery,Downtown Central,District 1,37.777656,-122.41712,Commercial Retail,Reported Robbery at Commercial Retail
SYN-2024-01993,2024-05-20,20:32:04,Theft / Larceny,Downtown Central,District 1,37.771951,-122.422168,Commercial Retail,Reported Theft / Larceny at Commercial Retail
SYN-2024-02133,2024-05-20,21:05:28,Motor Vehicle Theft,Westside Arts,District 5,37.769771,-122.437553,Street / Sidewalk,Reported Motor Vehicle Theft at Street / Sidewalk
SYN-2024-01436,2024-05-20,22:37:00,Vandalism,Downtown Central,District 1,37.777104,-122.415729,Alleyway,Reported Vandalism at Alleyway
SYN-2024-02750,2024-05-21,05:33:35,Public Disorder,Downtown Central,District 1,37.785742,-122.413204,Street / Sidewalk,Reported Public Disorder at Street / Sidewalk
SYN-2024-01014,2024-05-21,08:39:57,Motor Vehicle Theft,Mission Commercial,District 3,37.76013,-122.417248,Parking Facility,Reported Motor Vehicle Theft at Parking Facility
SYN-2024-00347,2024-05-21,09:22:57,Assault,Mission Commercial,District 3,37.761009,-122.421333,Park / Public Space,Reported Assault at Park / Public Space
SYN-2024-02158,2024-05-21,12:42:04,Fraud,Westside Arts,District 5,37.768371,-122.434301,Street / Sidewalk,Reported Fraud at Street / Sidewalk
SYN-2024-01006,2024-05-21,19:28:27,Robbery,Westside Arts,District 5,37.773349,-122.43518,Commercial Retail,Reported Robbery at Commercial Retail
SYN-2024-02329,2024-05-22,02:06:49,Public Disorder,Downtown Central,District 1,37.781619,-122.412655,Street / Sidewalk,Reported Public Disorder at Street / Sidewalk
SYN-2024-00226,2024-05-22,11:09:04,Assault,Downtown Central,District 1,37.782237,-122.415301,Street / Sidewalk,Reported Assault at Street / Sidewalk
SYN-2024-00139,2024-05-22,15:39:00,Motor Vehicle Theft,South Rail Corridor,District 4,37.740394,-122.394725,Street / Sidewalk,Reported Motor Vehicle Theft at Street / Sidewalk
SYN-2024-00768,2024-05-22,22:21:36,Theft / Larceny,Westside Arts,District 5,37.776017,-122.431564,Bar / Restaurant,Reported Theft / Larceny at Bar / Restaurant
SYN-2024-04061,2024-05-23,09:33:34,Assault,Westside Arts,District 5,37.782082,-122.437638,Bar / Restaurant,Reported Assault at Bar / Restaurant
SYN-2024-02264,2024-05-23,11:13:07,Theft / Larceny,Downtown Central,District 1,37.781709,-122.409252,Transit Station,Reported Theft / Larceny at Transit Station
SYN-2024-01384,2024-05-23,12:15:09,Public Disorder,Downtown Central,District 1,37.772887,-122.412514,Street / Sidewalk,Reported Public Disorder at Street / Sidewalk
SYN-2024-02291,2024-05-23,16:11:11,Vandalism,Mission Commercial,District 3,37.763263,-122.422639,Transit Station,Reported Vandalism at Transit Station
SYN-2024-03324,2024-05-23,16:19:21,Fraud,Waterfront Marina,District 2,37.807311,-122.434819,Commercial Retail,Reported Fraud at Commercial Retail
SYN-2024-01522,2024-05-23,19:26:42,Public Disorder,Downtown Central,District 1,37.787156,-122.411674,Bar / Restaurant,Reported Public Disorder at Bar / Restaurant
SYN-2024-00389,2024-05-23,21:12:16,Burglary,Westside Arts,District 5,37.77798,-122.439124,Residential Apartment,Reported Burglary at Residential Apartment
SYN-2024-00561,2024-05-24,00:58:58,Theft / Larceny,Westside Arts,District 5,37.78694,-122.387627,Parking Facility,Reported Theft / Larceny at Parking Facility
SYN-2024-03224,2024-05-24,08:55:44,Assault,Mission Commercial,District 3,37.772168,-122.422305,Street / Sidewalk,Reported Assault at Street / Sidewalk
SYN-2024-02307,2024-05-24,09:19:32,Theft / Larceny,Downtown Central,District 1,37.780633,-122.415346,Commercial Retail,Reported Theft / Larceny at Commercial Retail
SYN-2024-02446,2024-05-24,11:22:25,Assault,Downtown Central,District 1,37.775859,-122.415771,Street / Sidewalk,Reported Assault at Street / Sidewalk
SYN-2024-03747,2024-05-24,12:23:25,Narcotics,South Rail Corridor,District 4,37.747288,-122.380668,Street / Sidewalk,Reported Narcotics at Street / Sidewalk
SYN-2024-01957,2024-05-24,12:56:04,Burglary,Mission Commercial,District 3,37.76093,-122.422653,Residential Apartment,Reported Burglary at Residential Apartment
SYN-2024-01686,2024-05-24,15:32:37,Theft / Larceny,Downtown Central,District 1,37.771858,-122.409046,Transit Station,Reported Theft / Larceny at Transit Station
SYN-2024-03636,2024-05-24,15:33:22,Fraud,Mission Commercial,District 3,37.765479,-122.418476,Commercial Retail,Reported Fraud at Commercial Retail
SYN-2024-03072,2024-05-24,15:55:34,Assault,Mission Commercial,District 3,37.758971,-122.415127,Bar / Restaurant,Reported Assault at Bar / Restaurant
SYN-2024-01811,2024-05-24,16:17:24,Narcotics,Westside Arts,District 5,37.77205,-122.439273,Parking Facility,Reported Narcotics at Parking Facility
SYN-2024-04223,2024-05-24,17:03:12,Public Disorder,Waterfront Marina,District 2,37.802869,-122.43959,Bar / Restaurant,Reported Public Disorder at Bar / Restaurant
SYN-2024-01679,2024-05-24,18:36:39,Public Disorder,Mission Commercial,District 3,37.755048,-122.420269,Bar / Restaurant,Reported Public Disorder at Bar / Restaurant
SYN-2024-02581,2024-05-24,20:17:49,Fraud,Westside Arts,District 5,37.776882,-122.433392,Residential Apartment,Reported Fraud at Residential Apartment
SYN-2024-01293,2024-05-24,22:51:13,Public Disorder,Mission Commercial,District 3,37.755856,-122.423438,Park / Public Space,Reported Public Disorder at Park / Public Space
SYN-2024-00294,2024-05-25,09:51:56,Narcotics,South Rail Corridor,District 4,37.752437,-122.389811,Parking Facility,Reported Narcotics at Parking Facility
SYN-2024-01020,2024-05-25,10:28:41,Narcotics,Waterfront Marina,District 2,37.805472,-122.436252,Street / Sidewalk,Reported Narcotics at Street / Sidewalk
SYN-2024-02958,2024-05-25,17:16:59,Vandalism,Waterfront Marina,District 2,37.747776,-122.441342,Alleyway,Reported Vandalism at Alleyway
SYN-2024-02410,2024-05-25,17:17:40,Public Disorder,Waterfront Marina,District 2,37.807653,-122.43683,Park / Public Space,Reported Public Disorder at Park / Public Space
SYN-2024-04488,2024-05-25,18:59:36,Theft / Larceny,Westside Arts,District 5,37.768803,-122.437096,Parking Facility,Reported Theft / Larceny at Parking Facility
SYN-2024-00941,2024-05-25,21:05:04,Assault,Mission Commercial,District 3,37.761164,-122.422966,Street / Sidewalk,Reported Assault at Street / Sidewalk
SYN-2024-02318,2024-05-26,11:49:22,Narcotics,Westside Arts,District 5,37.77808,-122.433234,Parking Facility,Reported Narcotics at Parking Facility
SYN-2024-02093,2024-05-26,12:42:56,Burglary,Mission Commercial,District 3,37.762161,-122.419875,Residential Apartment,Reported Burglary at Residential Apartment
SYN-2024-03867,2024-05-26,15:36:20,Robbery,Westside Arts,District 5,37.794565,-122.413515,Alleyway,Reported Robbery at Alleyway
SYN-2024-02334,2024-05-26,20:03:55,Public Disorder,Mission Commercial,District 3,37.764135,-122.41031,Street / Sidewalk,Reported Public Disorder at Street / Sidewalk
SYN-2024-02718,2024-05-26,21:46:31,Motor Vehicle Theft,Mission Commercial,District 3,37.734074,-122.439053,Parking Facility,Reported Motor Vehicle Theft at Parking Facility
SYN-2024-01046,2024-05-26,22:56:46,Robbery,Downtown Central,District 1,37.778477,-122.414646,Park / Public Space,Reported Robbery at Park / Public Space
SYN-2024-02605,2024-05-27,03:35:52,Fraud,Westside Arts,District 5,37.778633,-122.43615,Residential Apartment,Reported Fraud at Residential Apartment
SYN-2024-01936,2024-05-27,10:37:17,Burglary,Westside Arts,District 5,37.772726,-122.428695,Residential Apartment,Reported Burglary at Residential Apartment
SYN-2024-02339,2024-05-27,10:41:46,Assault,Waterfront Marina,District 2,37.801802,-122.435412,Park / Public Space,Reported Assault at Park / Public Space
SYN-2024-00709,2024-05-27,15:31:45,Narcotics,Mission Commercial,District 3,37.75901,-122.418715,Commercial Retail,Reported Narcotics at Commercial Retail
SYN-2024-04247,2024-05-27,17:19:20,Vandalism,Downtown Central,District 1,37.732071,-122.395554,Park / Public Space,Reported Vandalism at Park / Public Space
SYN-2024-02154,2024-05-27,17:30:13,Theft / Larceny,Waterfront Marina,District 2,37.810587,-122.4348,Bar / Restaurant,Reported Theft / Larceny at Bar / Restaurant
SYN-2024-03794,2024-05-27,19:09:08,Public Disorder,Downtown Central,District 1,37.783,-122.417181,Park / Public Space,Reported Public Disorder at Park / Public Space
SYN-2024-01228,2024-05-27,23:37:20,Narcotics,Waterfront Marina,District 2,37.800602,-122.435274,Street / Sidewalk,Reported Narcotics at Street / Sidewalk
SYN-2024-00573,2024-05-28,10:39:29,Assault,Downtown Central,District 1,37.77017,-122.426646,Street / Sidewalk,Reported Assault at Street / Sidewalk
SYN-2024-01220,2024-05-28,11:01:54,Public Disorder,Westside Arts,District 5,37.777352,-122.435024,Street / Sidewalk,Reported Public Disorder at Street / Sidewalk
SYN-2024-03980,2024-05-28,12:43:29,Fraud,Mission Commercial,District 3,37.759046,-122.427152,Alleyway,Reported Fraud at Alleyway
SYN-2024-01991,2024-05-28,13:00:30,Burglary,South Rail Corridor,District 4,37.814692,-122.39493,Commercial Retail,Reported Burglary at Commercial Retail
SYN-2024-02130,2024-05-28,13:06:21,Assault,Mission Commercial,District 3,37.744671,-122.428053,Park / Public Space,Reported Assault at Park / Public Space
SYN-2024-03538,2024-05-28,13:42:33,Motor Vehicle Theft,Westside Arts,District 5,37.772006,-122.442297,Street / Sidewalk,Reported Motor Vehicle Theft at Street / Sidewalk
SYN-2024-01935,2024-05-28,19:18:54,Robbery,Waterfront Marina,District 2,37.805696,-122.434561,Parking Facility,Reported Robbery at Parking Facility
SYN-2024-00894,2024-05-28,23:11:49,Vandalism,Mission Commercial,District 3,37.765349,-122.419921,Bar / Restaurant,Reported Vandalism at Bar / Restaurant
SYN-2024-02363,2024-05-29,05:52:09,Theft / Larceny,Westside Arts,District 5,37.77437,-122.432565,Residential Apartment,Reported Theft / Larceny at Residential Apartment
SYN-2024-00746,2024-05-29,09:19:38,Assault,Downtown Central,District 1,37.77753,-122.419244,Bar / Restaurant,Reported Assault at Bar / Restaurant
SYN-2024-04320,2024-05-29,17:10:18,Public Disorder,Downtown Central,District 1,37.778754,-122.4178,Park / Public Space,Reported Public Disorder at Park / Public Space
SYN-2024-01325,2024-05-29,17:26:11,Vandalism,Mission Commercial,District 3,37.763585,-122.414217,Park / Public Space,Reported Vandalism at Park / Public Space
SYN-2024-02294,2024-05-29,17:37:08,Motor Vehicle Theft,South Rail Corridor,District 4,37.740602,-122.402094,Parking Facility,Reported Motor Vehicle Theft at Parking Facility
SYN-2024-00445,2024-05-29,19:04:34,Motor Vehicle Theft,Mission Commercial,District 3,37.760963,-122.420798,Parking Facility,Reported Motor Vehicle Theft at Parking Facility
SYN-2024-03761,2024-05-29,21:41:06,Vandalism,South Rail Corridor,District 4,37.767423,-122.454795,Park / Public Space,Reported Vandalism at Park / Public Space
SYN-2024-00900,2024-05-30,06:04:00,Vandalism,Mission Commercial,District 3,37.757842,-122.418585,Parking Facility,Reported Vandalism at Parking Facility
SYN-2024-00974,2024-05-30,07:51:47,Vandalism,Downtown Central,District 1,37.778745,-122.411464,Park / Public Space,Reported Vandalism at Park / Public Space
SYN-2024-00528,2024-05-30,17:28:34,Robbery,Downtown Central,District 1,37.777253,-122.420806,Alleyway,Reported Robbery at Alleyway
SYN-2024-01444,2024-05-30,19:55:23,Vandalism,Downtown Central,District 1,37.781043,-122.410498,Transit Station,Reported Vandalism at Transit Station
SYN-2024-02197,2024-05-30,20:52:21,Burglary,Mission Commercial,District 3,37.762636,-122.420284,Residential Apartment,Reported Burglary at Residential Apartment
SYN-2024-00043,2024-05-31,00:48:55,Theft / Larceny,Waterfront Marina,District 2,37.804264,-122.443401,Bar / Restaurant,Reported Theft / Larceny at Bar / Restaurant
SYN-2024-03392,2024-05-31,02:10:05,Theft / Larceny,Downtown Central,District 1,37.778558,-122.419855,Alleyway,Reported Theft / Larceny at Alleyway
SYN-2024-00667,2024-05-31,07:55:18,Public Disorder,Downtown Central,District 1,37.772471,-122.41974,Park / Public Space,Reported Public Disorder at Park / Public Space
SYN-2024-00122,2024-05-31,08:12:11,Motor Vehicle Theft,Westside Arts,District 5,37.775601,-122.43916,Street / Sidewalk,Reported Motor Vehicle Theft at Street / Sidewalk
SYN-2024-03557,2024-05-31,14:03:55,Burglary,Downtown Central,District 1,37.779947,-122.423183,Residential Apartment,Reported Burglary at Residential Apartment
SYN-2024-01407,2024-05-31,14:09:46,Motor Vehicle Theft,Downtown Central,District 1,37.777995,-122.422033,Parking Facility,Reported Motor Vehicle Theft at Parking Facility
SYN-2024-01762,2024-05-31,14:28:08,Burglary,Mission Commercial,District 3,37.760112,-122.418689,Commercial Retail,Reported Burglary at Commercial Retail
SYN-2024-00103,2024-05-31,17:17:54,Narcotics,South Rail Corridor,District 4,37.757662,-122.384841,Transit Station,Reported Narcotics at Transit Station
SYN-2024-02808,2024-05-31,18:50:00,Public Disorder,Waterfront Marina,District 2,37.804224,-122.438488,Park / Public Space,Reported Public Disorder at Park / Public Space
SYN-2024-01946,2024-05-31,20:22:57,Motor Vehicle Theft,Downtown Central,District 1,37.731636,-122.41848,Street / Sidewalk,Reported Motor Vehicle Theft at Street / Sidewalk
SYN-2024-03206,2024-05-31,21:56:47,Public Disorder,South Rail Corridor,District 4,37.734649,-122.407231,Street / Sidewalk,Reported Public Disorder at Street / Sidewalk
SYN-2024-00511,2024-06-01,01:24:40,Motor Vehicle Theft,Mission Commercial,District 3,37.765186,-122.41432,Parking Facility,Reported Motor Vehicle Theft at Parking Facility
SYN-2024-02806,2024-06-01,01:26:07,Theft / Larceny,Mission Commercial,District 3,37.759097,-122.409735,Bar / Restaurant,Reported Theft / Larceny at Bar / Restaurant
SYN-2024-02238,2024-06-01,08:44:50,Assault,Mission Commercial,District 3,37.759409,-122.417677,Street / Sidewalk,Reported Assault at Street / Sidewalk
SYN-2024-00203,2024-06-01,09:34:30,Public Disorder,Downtown Central,District 1,37.777391,-122.416619,Park / Public Space,Reported Public Disorder at Park / Public Space
SYN-2024-02835,2024-06-01,11:30:10,Fraud,Westside Arts,District 5,37.774314,-122.435627,Residential Apartment,Reported Fraud at Residential Apartment
SYN-2024-02951,2024-06-01,14:11:25,Narcotics,Westside Arts,District 5,37.777011,-122.437953,Street / Sidewalk,Reported Narcotics at Street / Sidewalk
SYN-2024-00554,2024-06-01,17:00:59,Vandalism,Downtown Central,District 1,37.784182,-122.42054,Parking Facility,Reported Vandalism at Parking Facility
SYN-2024-02327,2024-06-01,18:04:13,Robbery,Downtown Central,District 1,37.782276,-122.404661,Bar / Restaurant,Reported Robbery at Bar / Restaurant
SYN-2024-03816,2024-06-01,18:06:27,Motor Vehicle Theft,South Rail Corridor,District 4,37.747885,-122.389654,Street / Sidewalk,Reported Motor Vehicle Theft at Street / Sidewalk
SYN-2024-00345,2024-06-01,19:04:46,Burglary,Westside Arts,District 5,37.773853,-122.431145,Commercial Retail,Reported Burglary at Commercial Retail
SYN-2024-00577,2024-06-01,21:26:02,Motor Vehicle Theft,Downtown Central,District 1,37.772114,-122.411611,Street / Sidewalk,Reported Motor Vehicle Theft at Street / Sidewalk
SYN-2024-04079,2024-06-02,00:19:05,Theft / Larceny,Westside Arts,District 5,37.775324,-122.430376,Bar / Restaurant,Reported Theft / Larceny at Bar / Restaurant
SYN-2024-04269,2024-06-02,06:46:37,Motor Vehicle Theft,Westside Arts,District 5,37.772121,-122.43378,Parking Facility,Reported Motor Vehicle Theft at Parking Facility
SYN-2024-03962,2024-06-02,11:35:50,Burglary,Mission Commercial,District 3,37.7642,-122.417493,Residential Apartment,Reported Burglary at Residential Apartment
SYN-2024-02809,2024-06-02,16:15:41,Burglary,Westside Arts,District 5,37.770151,-122.432304,Commercial Retail,Reported Burglary at Commercial Retail
SYN-2024-03577,2024-06-02,17:04:15,Vandalism,Downtown Central,District 1,37.784599,-122.42719,Transit Station,Reported Vandalism at Transit Station
SYN-2024-04021,2024-06-02,17:59:32,Robbery,Downtown Central,District 1,37.776981,-122.41199,Alleyway,Reported Robbery at Alleyway
SYN-2024-03781,2024-06-02,18:51:59,Vandalism,South Rail Corridor,District 4,37.767279,-122.400601,Commercial Retail,Reported Vandalism at Commercial Retail
SYN-2024-02923,2024-06-02,22:24:51,Burglary,Mission Commercial,District 3,37.759009,-122.425745,Residential Apartment,Reported Burglary at Residential Apartment
SYN-2024-01272,2024-06-02,22:42:12,Theft / Larceny,South Rail Corridor,District 4,37.755509,-122.392674,Commercial Retail,Reported Theft / Larceny at Commercial Retail
SYN-2024-03138,2024-06-03,06:17:22,Public Disorder,Mission Commercial,District 3,37.760395,-122.422771,Street / Sidewalk,Reported Public Disorder at Street / Sidewalk
SYN-2024-03912,2024-06-03,09:11:47,Burglary,Mission Commercial,District 3,37.764279,-122.42028,Residential Apartment,Reported Burglary at Residential Apartment
SYN-2024-01265,2024-06-03,15:55:47,Fraud,Downtown Central,District 1,37.779496,-122.422882,Park / Public Space,Reported Fraud at Park / Public Space
SYN-2024-04135,2024-06-03,16:00:16,Theft / Larceny,Downtown Central,District 1,37.780566,-122.399417,Parking Facility,Reported Theft / Larceny at Parking Facility
SYN-2024-00639,2024-06-03,19:54:27,Public Disorder,Mission Commercial,District 3,37.761788,-122.421596,Bar / Restaurant,Reported Public Disorder at Bar / Restaurant
SYN-2024-02161,2024-06-03,21:31:28,Motor Vehicle Theft,Mission Commercial,District 3,37.759067,-122.425135,Street / Sidewalk,Reported Motor Vehicle Theft at Street / Sidewalk
SYN-2024-01587,2024-06-04,09:55:43,Narcotics,South Rail Corridor,District 4,37.748007,-122.393569,Bar / Restaurant,Reported Narcotics at Bar / Restaurant
SYN-2024-01066,2024-06-04,17:25:12,Robbery,Waterfront Marina,District 2,37.801847,-122.440729,Park / Public Space,Reported Robbery at Park / Public Space
SYN-2024-02632,2024-06-04,18:13:18,Vandalism,Mission Commercial,District 3,37.755197,-122.421639,Street / Sidewalk,Reported Vandalism at Street / Sidewalk
SYN-2024-01309,2024-06-05,08:20:20,Theft / Larceny,Mission Commercial,District 3,37.798898,-122.420622,Bar / Restaurant,Reported Theft / Larceny at Bar / Restaurant
SYN-2024-02970,2024-06-05,13:48:25,Burglary,Downtown Central,District 1,37.776791,-122.421449,Commercial Retail,Reported Burglary at Commercial Retail
SYN-2024-00684,2024-06-05,14:31:30,Vandalism,Downtown Central,District 1,37.770758,-122.420843,Residential Apartment,Reported Vandalism at Residential Apartment
SYN-2024-02708,2024-06-05,15:12:22,Robbery,Downtown Central,District 1,37.776267,-122.412497,Bar / Restaurant,Reported Robbery at Bar / Restaurant
SYN-2024-03108,2024-06-05,18:25:23,Theft / Larceny,Downtown Central,District 1,37.785997,-122.41935,Transit Station,Reported Theft / Larceny at Transit Station
SYN-2024-00782,2024-06-06,09:45:02,Burglary,Waterfront Marina,District 2,37.806157,-122.44388,Commercial Retail,Reported Burglary at Commercial Retail
SYN-2024-03595,2024-06-06,10:17:16,Assault,South Rail Corridor,District 4,37.739323,-122.398957,Park / Public Space,Reported Assault at Park / Public Space
SYN-2024-02899,2024-06-06,10:20:25,Motor Vehicle Theft,South Rail Corridor,District 4,37.75295,-122.393038,Street / Sidewalk,Reported Motor Vehicle Theft at Street / Sidewalk
SYN-2024-00223,2024-06-06,12:06:05,Assault,Downtown Central,District 1,37.780643,-122.415771,Street / Sidewalk,Reported Assault at Street / Sidewalk
SYN-2024-02246,2024-06-06,13:02:06,Assault,Downtown Central,District 1,37.780353,-122.415329,Park / Public Space,Reported Assault at Park / Public Space
SYN-2024-02976,2024-06-06,14:19:59,Vandalism,Westside Arts,District 5,37.770052,-122.435439,Residential Apartment,Reported Vandalism at Residential Apartment
SYN-2024-01463,2024-06-06,14:44:52,Assault,Downtown Central,District 1,37.773808,-122.427538,Park / Public Space,Reported Assault at Park / Public Space
SYN-2024-00378,2024-06-06,18:02:05,Public Disorder,Downtown Central,District 1,37.775926,-122.418566,Street / Sidewalk,Reported Public Disorder at Street / Sidewalk
SYN-2024-03574,2024-06-06,20:50:34,Theft / Larceny,Westside Arts,District 5,37.749435,-122.440235,Transit Station,Reported Theft / Larceny at Transit Station
SYN-2024-03766,2024-06-07,02:54:50,Motor Vehicle Theft,Westside Arts,District 5,37.769937,-122.434437,Parking Facility,Reported Motor Vehicle Theft at Parking Facility
SYN-2024-02534,2024-06-07,10:05:05,Vandalism,Downtown Central,District 1,37.775601,-122.411028,Residential Apartment,Reported Vandalism at Residential Apartment
SYN-2024-02998,2024-06-07,11:00:24,Theft / Larceny,Mission Commercial,District 3,37.761594,-122.425375,Parking Facility,Reported Theft / Larceny at Parking Facility
SYN-2024-04479,2024-06-07,17:29:11,Motor Vehicle Theft,Mission Commercial,District 3,37.762111,-122.416257,Street / Sidewalk,Reported Motor Vehicle Theft at Street / Sidewalk
SYN-2024-01823,2024-06-08,02:37:50,Motor Vehicle Theft,Westside Arts,District 5,37.779974,-122.437948,Parking Facility,Reported Motor Vehicle Theft at Parking Facility
SYN-2024-02593,2024-06-08,07:51:23,Motor Vehicle Theft,Mission Commercial,District 3,37.758344,-122.422345,Parking Facility,Reported Motor Vehicle Theft at Parking Facility
SYN-2024-03415,2024-06-08,12:55:14,Public Disorder,Waterfront Marina,District 2,37.800978,-122.438099,Bar / Restaurant,Reported Public Disorder at Bar / Restaurant
SYN-2024-00268,2024-06-08,13:40:48,Assault,Waterfront Marina,District 2,37.791933,-122.432829,Bar / Restaurant,Reported Assault at Bar / Restaurant
SYN-2024-02086,2024-06-08,14:19:02,Theft / Larceny,Mission Commercial,District 3,37.755318,-122.420184,Street / Sidewalk,Reported Theft / Larceny at Street / Sidewalk
SYN-2024-04073,2024-06-08,17:04:13,Narcotics,Westside Arts,District 5,37.780912,-122.389013,Parking Facility,Reported Narcotics at Parking Facility
SYN-2024-04009,2024-06-08,17:07:50,Public Disorder,Downtown Central,District 1,37.763248,-122.412201,Park / Public Space,Reported Public Disorder at Park / Public Space
SYN-2024-00883,2024-06-08,18:27:23,Vandalism,Downtown Central,District 1,37.781015,-122.419363,Alleyway,Reported Vandalism at Alleyway
SYN-2024-03527,2024-06-08,23:28:20,Public Disorder,Waterfront Marina,District 2,37.80472,-122.438771,Park / Public Space,Reported Public Disorder at Park / Public Space
SYN-2024-01596,2024-06-08,23:59:03,Assault,Mission Commercial,District 3,37.75859,-122.418954,Street / Sidewalk,Reported Assault at Street / Sidewalk
SYN-2024-03849,2024-06-09,08:29:25,Motor Vehicle Theft,Mission Commercial,District 3,37.763871,-122.416201,Parking Facility,Reported Motor Vehicle Theft at Parking Facility
SYN-2024-04409,2024-06-09,11:15:26,Assault,Downtown Central,District 1,37.776558,-122.423835,Street / Sidewalk,Reported Assault at Street / Sidewalk
SYN-2024-00710,2024-06-09,13:07:38,Theft / Larceny,Waterfront Marina,District 2,37.804458,-122.436364,Park / Public Space,Reported Theft / Larceny at Park / Public Space
SYN-2024-03661,2024-06-09,15:43:57,Robbery,Westside Arts,District 5,37.774459,-122.436809,Bar / Restaurant,Reported Robbery at Bar / Restaurant
SYN-2024-01839,2024-06-09,17:11:54,Fraud,Downtown Central,District 1,37.776208,-122.414105,Parking Facility,Reported Fraud at Parking Facility
SYN-2024-04146,2024-06-09,21:35:00,Public Disorder,Mission Commercial,District 3,37.767188,-122.391743,Bar / Restaurant,Reported Public Disorder at Bar / Restaurant
SYN-2024-03207,2024-06-10,08:15:59,Motor Vehicle Theft,Waterfront Marina,District 2,37.797381,-122.43809,Parking Facility,Reported Motor Vehicle Theft at Parking Facility
SYN-2024-00485,2024-06-10,12:35:34,Motor Vehicle Theft,South Rail Corridor,District 4,37.749836,-122.390915,Parking Facility,Reported Motor Vehicle Theft at Parking Facility
SYN-2024-02647,2024-06-10,16:51:26,Vandalism,Downtown Central,District 1,37.775347,-122.418932,Alleyway,Reported Vandalism at Alleyway
SYN-2024-04048,2024-06-10,17:23:55,Burglary,Mission Commercial,District 3,37.756215,-122.419565,Residential Apartment,Reported Burglary at Residential Apartment
SYN-2024-03868,2024-06-10,18:41:27,Theft / Larceny,Waterfront Marina,District 2,37.80405,-122.442088,Bar / Restaurant,Reported Theft / Larceny at Bar / Restaurant
SYN-2024-04319,2024-06-10,18:58:48,Theft / Larceny,Downtown Central,District 1,37.782652,-122.418722,Parking Facility,Reported Theft / Larceny at Parking Facility
SYN-2024-01757,2024-06-10,19:19:49,Assault,Downtown Central,District 1,37.774264,-122.415553,Park / Public Space,Reported Assault at Park / Public Space
SYN-2024-03600,2024-06-10,22:03:02,Public Disorder,Downtown Central,District 1,37.774532,-122.413617,Bar / Restaurant,Reported Public Disorder at Bar / Restaurant
SYN-2024-01462,2024-06-11,00:23:02,Burglary,Mission Commercial,District 3,37.76025,-122.421748,Commercial Retail,Reported Burglary at Commercial Retail
SYN-2024-01000,2024-06-11,10:42:06,Burglary,Mission Commercial,District 3,37.767223,-122.419851,Commercial Retail,Reported Burglary at Commercial Retail
SYN-2024-00944,2024-06-11,11:07:12,Fraud,Westside Arts,District 5,37.769911,-122.429219,Parking Facility,Reported Fraud at Parking Facility
SYN-2024-01144,2024-06-11,12:45:28,Theft / Larceny,Westside Arts,District 5,37.774068,-122.43158,Parking Facility,Reported Theft / Larceny at Parking Facility
SYN-2024-01911,2024-06-11,14:49:41,Theft / Larceny,Mission Commercial,District 3,37.756139,-122.419518,Residential Apartment,Reported Theft / Larceny at Residential Apartment
SYN-2024-01437,2024-06-11,16:50:15,Public Disorder,Downtown Central,District 1,37.778315,-122.419141,Park / Public Space,Reported Public Disorder at Park / Public Space
SYN-2024-01269,2024-06-11,17:44:17,Robbery,Westside Arts,District 5,37.777362,-122.431889,Commercial Retail,Reported Robbery at Commercial Retail
SYN-2024-03628,2024-06-11,20:17:39,Assault,Mission Commercial,District 3,37.758709,-122.422275,Street / Sidewalk,Reported Assault at Street / Sidewalk
SYN-2024-01739,2024-06-11,22:13:07,Motor Vehicle Theft,South Rail Corridor,District 4,37.74847,-122.402377,Street / Sidewalk,Reported Motor Vehicle Theft at Street / Sidewalk
SYN-2024-02879,2024-06-12,01:26:01,Theft / Larceny,Westside Arts,District 5,37.74159,-122.402527,Residential Apartment,Reported Theft / Larceny at Residential Apartment
SYN-2024-04134,2024-06-12,02:44:24,Theft / Larceny,Mission Commercial,District 3,37.761636,-122.418608,Transit Station,Reported Theft / Larceny at Transit Station
SYN-2024-00349,2024-06-12,07:58:37,Assault,Mission Commercial,District 3,37.757256,-122.416415,Street / Sidewalk,Reported Assault at Street / Sidewalk
SYN-2024-01814,2024-06-12,08:09:39,Theft / Larceny,Waterfront Marina,District 2,37.790944,-122.429101,Street / Sidewalk,Reported Theft / Larceny at Street / Sidewalk
SYN-2024-01704,2024-06-12,09:52:00,Assault,Mission Commercial,District 3,37.759468,-122.417948,Street / Sidewalk,Reported Assault at Street / Sidewalk
SYN-2024-00003,2024-06-12,12:09:13,Vandalism,South Rail Corridor,District 4,37.745748,-122.388017,Commercial Retail,Reported Vandalism at Commercial Retail
SYN-2024-00003,2024-06-12,12:09:13,Vandalism,South Rail Corridor,District 4,37.745748,-122.388017,Commercial Retail,Reported Vandalism at Commercial Retail
SYN-2024-03290,2024-06-12,14:58:23,Public Disorder,Westside Arts,District 5,37.743444,-122.416471,Park / Public Space,Reported Public Disorder at Park / Public Space
SYN-2024-02078,2024-06-12,16:26:44,Robbery,Downtown Central,District 1,37.779218,-122.414921,Residential Apartment,Reported Robbery at Residential Apartment
SYN-2024-04279,2024-06-12,16:31:18,Motor Vehicle Theft,Mission Commercial,District 3,37.756468,-122.419707,Street / Sidewalk,Reported Motor Vehicle Theft at Street / Sidewalk
SYN-2024-01328,2024-06-12,16:52:50,Burglary,Downtown Central,District 1,37.789724,-122.426979,Residential Apartment,Reported Burglary at Residential Apartment
SYN-2024-02019,2024-06-12,19:27:15,Motor Vehicle Theft,South Rail Corridor,District 4,37.754522,-122.390856,Street / Sidewalk,Reported Motor Vehicle Theft at Street / Sidewalk
SYN-2024-01216,2024-06-12,22:20:01,Robbery,Downtown Central,District 1,37.774303,-122.418151,Transit Station,Reported Robbery at Transit Station
SYN-2024-00166,2024-06-12,22:46:20,Public Disorder,Downtown Central,District 1,37.783082,-122.420878,Park / Public Space,Reported Public Disorder at Park / Public Space
SYN-2024-02694,2024-06-13,09:02:00,Motor Vehicle Theft,Mission Commercial,District 3,37.765704,-122.418936,Parking Facility,Reported Motor Vehicle Theft at Parking Facility
SYN-2024-01259,2024-06-13,13:01:27,Vandalism,Waterfront Marina,District 2,37.808259,-122.442892,Alleyway,Reported Vandalism at Alleyway
SYN-2024-00075,2024-06-13,18:18:42,Public Disorder,South Rail Corridor,District 4,37.737925,-122.439808,Park / Public Space,Reported Public Disorder at Park / Public Space
SYN-2024-02769,2024-06-13,18:48:56,Vandalism,Downtown Central,District 1,37.778501,-122.421244,Commercial Retail,Reported Vandalism at Commercial Retail
SYN-2024-01201,2024-06-13,19:15:25,Burglary,Waterfront Marina,District 2,37.802037,-122.432913,Commercial Retail,Reported Burglary at Commercial Retail
SYN-2024-00862,2024-06-13,22:42:17,Vandalism,Downtown Central,District 1,37.778054,-122.421148,Alleyway,Reported Vandalism at Alleyway
SYN-2024-03421,2024-06-14,08:58:26,Vandalism,Downtown Central,District 1,37.776892,-122.420351,Parking Facility,Reported Vandalism at Parking Facility
SYN-2024-01421,2024-06-14,10:10:23,Fraud,Downtown Central,District 1,37.77654,-122.423395,Transit Station,Reported Fraud at Transit Station
SYN-2024-01579,2024-06-14,11:57:38,Assault,Mission Commercial,District 3,37.761398,-122.412882,Street / Sidewalk,Reported Assault at Street / Sidewalk
SYN-2024-01775,2024-06-14,15:40:06,Motor Vehicle Theft,Westside Arts,District 5,37.782101,-122.435429,Street / Sidewalk,Reported Motor Vehicle Theft at Street / Sidewalk
SYN-2024-01796,2024-06-14,15:43:13,Motor Vehicle Theft,Mission Commercial,District 3,37.753285,-122.424851,Street / Sidewalk,Reported Motor Vehicle Theft at Street / Sidewalk
SYN-2024-01645,2024-06-14,19:19:20,Public Disorder,Mission Commercial,District 3,37.764305,-122.418202,Street / Sidewalk,Reported Public Disorder at Street / Sidewalk
SYN-2024-00804,2024-06-14,19:41:45,Theft / Larceny,South Rail Corridor,District 4,37.751202,-122.386556,Commercial Retail,Reported Theft / Larceny at Commercial Retail
SYN-2024-04086,2024-06-14,21:30:40,Public Disorder,Mission Commercial,District 3,37.756463,-122.423711,Bar / Restaurant,Reported Public Disorder at Bar / Restaurant
SYN-2024-02734,2024-06-14,23:30:49,Motor Vehicle Theft,Westside Arts,District 5,37.78346,-122.434933,Parking Facility,Reported Motor Vehicle Theft at Parking Facility
SYN-2024-00593,2024-06-15,08:01:25,Vandalism,South Rail Corridor,District 4,37.75726,-122.379671,Alleyway,Reported Vandalism at Alleyway
SYN-2024-00006,2024-06-15,10:17:44,Burglary,South Rail Corridor,District 4,37.749203,-122.385766,Residential Apartment,Reported Burglary at Residential Apartment
SYN-2024-00006,2024-06-15,10:17:44,Burglary,South Rail Corridor,District 4,37.749203,-122.385766,Residential Apartment,Reported Burglary at Residential Apartment
SYN-2024-01690,2024-06-15,17:56:46,Vandalism,Waterfront Marina,District 2,37.791477,-122.438341,Street / Sidewalk,Reported Vandalism at Street / Sidewalk
SYN-2024-01584,2024-06-15,20:36:57,Assault,South Rail Corridor,District 4,37.750654,-122.400907,Park / Public Space,Reported Assault at Park / Public Space
SYN-2024-01559,2024-06-15,22:35:51,Vandalism,South Rail Corridor,District 4,37.743978,-122.394909,Park / Public Space,Reported Vandalism at Park / Public Space
SYN-2024-00489,2024-06-16,01:48:00,Fraud,South Rail Corridor,District 4,37.758405,-122.392696,Residential Apartment,Reported Fraud at Residential Apartment
SYN-2024-00843,2024-06-16,06:16:43,Burglary,Mission Commercial,District 3,37.795941,-122.380371,Residential Apartment,Reported Burglary at Residential Apartment
SYN-2024-01813,2024-06-16,09:35:39,Vandalism,South Rail Corridor,District 4,37.749091,-122.401059,Park / Public Space,Reported Vandalism at Park / Public Space
SYN-2024-03508,2024-06-16,10:28:14,Assault,Downtown Central,District 1,37.775447,-122.413462,Bar / Restaurant,Reported Assault at Bar / Restaurant
SYN-2024-04159,2024-06-16,10:54:45,Vandalism,Downtown Central,District 1,37.774655,-122.416325,Street / Sidewalk,Reported Vandalism at Street / Sidewalk
SYN-2024-04316,2024-06-16,11:02:16,Theft / Larceny,Downtown Central,District 1,37.77038,-122.421335,Residential Apartment,Reported Theft / Larceny at Residential Apartment
SYN-2024-03412,2024-06-16,18:16:01,Theft / Larceny,Waterfront Marina,District 2,37.804019,-122.431341,Bar / Restaurant,Reported Theft / Larceny at Bar / Restaurant
SYN-2024-03964,2024-06-16,21:14:35,Motor Vehicle Theft,Mission Commercial,District 3,37.762501,-122.42616,Street / Sidewalk,Reported Motor Vehicle Theft at Street / Sidewalk
SYN-2024-01082,2024-06-17,00:04:57,Motor Vehicle Theft,South Rail Corridor,District 4,37.744321,-122.391159,Parking Facility,Reported Motor Vehicle Theft at Parking Facility
SYN-2024-03430,2024-06-17,08:12:05,Theft / Larceny,Mission Commercial,District 3,37.764382,-122.408469,Transit Station,Reported Theft / Larceny at Transit Station
SYN-2024-00699,2024-06-17,13:02:42,Burglary,South Rail Corridor,District 4,37.758954,-122.393254,Residential Apartment,Reported Burglary at Residential Apartment
SYN-2024-04158,2024-06-17,19:38:13,Theft / Larceny,Waterfront Marina,District 2,37.803574,-122.437581,Transit Station,Reported Theft / Larceny at Transit Station
SYN-2024-03035,2024-06-17,20:29:01,Motor Vehicle Theft,Downtown Central,District 1,37.7777,-122.413207,Street / Sidewalk,Reported Motor Vehicle Theft at Street / Sidewalk
SYN-2024-00358,2024-06-17,20:47:46,Vandalism,Mission Commercial,District 3,37.763618,-122.420697,Residential Apartment,Reported Vandalism at Residential Apartment
SYN-2024-00339,2024-06-17,21:25:01,Assault,Downtown Central,District 1,37.784636,-122.416219,Bar / Restaurant,Reported Assault at Bar / Restaurant
SYN-2024-03375,2024-06-18,03:43:17,Motor Vehicle Theft,Mission Commercial,District 3,37.759928,-122.410799,Street / Sidewalk,Reported Motor Vehicle Theft at Street / Sidewalk
SYN-2024-00852,2024-06-18,06:18:35,Vandalism,South Rail Corridor,District 4,37.743071,-122.388931,Street / Sidewalk,Reported Vandalism at Street / Sidewalk
SYN-2024-02913,2024-06-18,10:31:34,Motor Vehicle Theft,Mission Commercial,District 3,37.765528,-122.424321,Parking Facility,Reported Motor Vehicle Theft at Parking Facility
SYN-2024-02448,2024-06-18,10:41:59,Narcotics,Westside Arts,District 5,37.772969,-122.428999,Bar / Restaurant,Reported Narcotics at Bar / Restaurant
SYN-2024-02755,2024-06-18,12:58:39,Vandalism,Mission Commercial,District 3,37.758187,-122.408956,Transit Station,Reported Vandalism at Transit Station
SYN-2024-00876,2024-06-18,14:32:24,Burglary,Mission Commercial,District 3,37.765209,-122.418882,Commercial Retail,Reported Burglary at Commercial Retail
SYN-2024-03132,2024-06-18,15:23:26,Narcotics,Downtown Central,District 1,37.77897,-122.413332,Park / Public Space,Reported Narcotics at Park / Public Space
SYN-2024-04394,2024-06-18,17:34:59,Vandalism,Waterfront Marina,District 2,37.800969,-122.443367,Residential Apartment,Reported Vandalism at Residential Apartment
SYN-2024-00133,2024-06-18,18:02:26,Assault,Mission Commercial,District 3,37.760105,-122.426,Street / Sidewalk,Reported Assault at Street / Sidewalk
SYN-2024-03431,2024-06-18,19:34:26,Narcotics,Waterfront Marina,District 2,37.804056,-122.435237,Residential Apartment,Reported Narcotics at Residential Apartment
SYN-2024-00050,2024-06-18,20:58:08,Narcotics,South Rail Corridor,District 4,37.747781,-122.394003,Bar / Restaurant,Reported Narcotics at Bar / Restaurant
SYN-2024-02420,2024-06-19,11:06:11,Burglary,Westside Arts,District 5,37.768717,-122.435441,Commercial Retail,Reported Burglary at Commercial Retail
SYN-2024-00021,2024-06-19,15:55:25,Burglary,South Rail Corridor,District 4,,,Residential Apartment,Reported Burglary at Residential Apartment
SYN-2024-02120,2024-06-19,17:05:17,Motor Vehicle Theft,Mission Commercial,District 3,37.803255,-122.415332,Parking Facility,Reported Motor Vehicle Theft at Parking Facility
SYN-2024-00875,2024-06-19,18:08:18,Robbery,Downtown Central,District 1,37.773168,-122.412621,Residential Apartment,Reported Robbery at Residential Apartment
SYN-2024-02557,2024-06-19,18:42:34,Robbery,Westside Arts,District 5,37.777279,-122.431161,Parking Facility,Reported Robbery at Parking Facility
SYN-2024-02263,2024-06-19,19:06:17,Burglary,Mission Commercial,District 3,37.760646,-122.419446,Commercial Retail,Reported Burglary at Commercial Retail
SYN-2024-01084,2024-06-19,20:45:09,Burglary,Waterfront Marina,District 2,37.801992,-122.434773,Commercial Retail,Reported Burglary at Commercial Retail
SYN-2024-01759,2024-06-20,08:23:46,Theft / Larceny,Mission Commercial,District 3,37.761869,-122.411886,Transit Station,Reported Theft / Larceny at Transit Station
SYN-2024-02788,2024-06-20,09:49:13,Assault,Downtown Central,District 1,37.7889,-122.413024,Park / Public Space,Reported Assault at Park / Public Space
SYN-2024-02529,2024-06-20,15:38:20,Robbery,Downtown Central,District 1,37.771566,-122.418059,Street / Sidewalk,Reported Robbery at Street / Sidewalk
SYN-2024-00607,2024-06-20,20:52:54,Motor Vehicle Theft,Westside Arts,District 5,37.769127,-122.438231,Parking Facility,Reported Motor Vehicle Theft at Parking Facility
SYN-2024-01856,2024-06-20,21:34:33,Theft / Larceny,Downtown Central,District 1,37.781233,-122.415861,Transit Station,Reported Theft / Larceny at Transit Station
SYN-2024-00832,2024-06-21,07:30:11,Motor Vehicle Theft,South Rail Corridor,District 4,37.756723,-122.393487,Parking Facility,Reported Motor Vehicle Theft at Parking Facility
SYN-2024-04338,2024-06-21,07:35:15,Narcotics,Westside Arts,District 5,37.77996,-122.433682,Bar / Restaurant,Reported Narcotics at Bar / Restaurant
SYN-2024-01784,2024-06-21,09:00:04,Burglary,Westside Arts,District 5,37.773919,-122.436742,Residential Apartment,Reported Burglary at Residential Apartment
SYN-2024-00335,2024-06-21,09:50:48,Theft / Larceny,Waterfront Marina,District 2,37.792629,-122.430492,Bar / Restaurant,Reported Theft / Larceny at Bar / Restaurant
SYN-2024-03465,2024-06-21,12:42:02,Assault,Downtown Central,District 1,37.780451,-122.411855,Street / Sidewalk,Reported Assault at Street / Sidewalk
SYN-2024-00656,2024-06-21,17:38:16,Fraud,Downtown Central,District 1,37.784658,-122.411861,Parking Facility,Reported Fraud at Parking Facility
SYN-2024-03565,2024-06-21,18:10:31,Assault,Downtown Central,District 1,37.775098,-122.417143,Bar / Restaurant,Reported Assault at Bar / Restaurant
SYN-2024-03916,2024-06-21,18:47:41,Assault,Mission Commercial,District 3,37.764984,-122.421458,Bar / Restaurant,Reported Assault at Bar / Restaurant
SYN-2024-01370,2024-06-21,19:13:13,Public Disorder,Downtown Central,District 1,37.77185,-122.410239,Street / Sidewalk,Reported Public Disorder at Street / Sidewalk
SYN-2024-04308,2024-06-21,21:59:46,Robbery,South Rail Corridor,District 4,37.760273,-122.400759,Street / Sidewalk,Reported Robbery at Street / Sidewalk
SYN-2024-01233,2024-06-21,23:00:00,Theft / Larceny,Downtown Central,District 1,37.781983,-122.417852,Park / Public Space,Reported Theft / Larceny at Park / Public Space
SYN-2024-01095,2024-06-22,10:23:29,Assault,Downtown Central,District 1,37.774171,-122.427412,Bar / Restaurant,Reported Assault at Bar / Restaurant
SYN-2024-00041,2024-06-22,11:42:40,Burglary,Westside Arts,District 5,37.775381,-122.432631,Residential Apartment,Reported Burglary at Residential Apartment
SYN-2024-03435,2024-06-22,15:59:53,Robbery,Downtown Central,District 1,37.776583,-122.412156,Transit Station,Reported Robbery at Transit Station
SYN-2024-02074,2024-06-22,18:55:54,Burglary,Mission Commercial,District 3,37.754963,-122.424911,Commercial Retail,Reported Burglary at Commercial Retail
SYN-2024-03498,2024-06-22,21:04:20,Vandalism,Downtown Central,District 1,37.783108,-122.41442,Bar / Restaurant,Reported Vandalism at Bar / Restaurant
SYN-2024-01098,2024-06-23,01:53:37,Assault,Mission Commercial,District 3,37.754726,-122.416673,Bar / Restaurant,Reported Assault at Bar / Restaurant
SYN-2024-00088,2024-06-23,09:39:55,Burglary,Mission Commercial,District 3,37.762768,-122.415518,Commercial Retail,Reported Burglary at Commercial Retail
SYN-2024-01818,2024-06-23,10:13:17,Fraud,Westside Arts,District 5,37.778617,-122.423324,Parking Facility,Reported Fraud at Parking Facility
SYN-2024-04117,2024-06-23,10:29:34,Motor Vehicle Theft,Mission Commercial,District 3,37.758767,-122.415997,Street / Sidewalk,Reported Motor Vehicle Theft at Street / Sidewalk
SYN-2024-01834,2024-06-23,13:09:01,Robbery,Mission Commercial,District 3,37.763427,-122.414763,Park / Public Space,Reported Robbery at Park / Public Space
SYN-2024-03692,2024-06-23,17:04:22,Public Disorder,Downtown Central,District 1,37.783257,-122.420702,Street / Sidewalk,Reported Public Disorder at Street / Sidewalk
SYN-2024-00781,2024-06-23,17:11:18,Assault,Downtown Central,District 1,37.798723,-122.405809,Bar / Restaurant,Reported Assault at Bar / Restaurant
SYN-2024-02382,2024-06-23,17:32:50,Theft / Larceny,Waterfront Marina,District 2,37.800524,-122.436295,Parking Facility,Reported Theft / Larceny at Parking Facility
SYN-2024-01482,2024-06-23,17:42:46,Assault,Downtown Central,District 1,37.772321,-122.413317,Bar / Restaurant,Reported Assault at Bar / Restaurant
SYN-2024-03441,2024-06-24,06:18:08,Theft / Larceny,Mission Commercial,District 3,37.755028,-122.426356,Bar / Restaurant,Reported Theft / Larceny at Bar / Restaurant
SYN-2024-02023,2024-06-24,09:41:19,Motor Vehicle Theft,Mission Commercial,District 3,37.759964,-122.424315,Parking Facility,Reported Motor Vehicle Theft at Parking Facility
SYN-2024-02090,2024-06-24,19:25:25,Robbery,Downtown Central,District 1,37.779151,-122.414577,Parking Facility,Reported Robbery at Parking Facility
SYN-2024-01365,2024-06-24,19:52:24,Robbery,Downtown Central,District 1,37.778202,-122.430292,Parking Facility,Reported Robbery at Parking Facility
SYN-2024-03318,2024-06-25,09:13:45,Public Disorder,Downtown Central,District 1,37.780158,-122.419579,Park / Public Space,Reported Public Disorder at Park / Public Space
SYN-2024-02047,2024-06-25,09:48:16,Burglary,Waterfront Marina,District 2,37.803269,-122.434707,Residential Apartment,Reported Burglary at Residential Apartment
SYN-2024-03617,2024-06-25,10:48:55,Public Disorder,Downtown Central,District 1,37.775728,-122.422867,Park / Public Space,Reported Public Disorder at Park / Public Space
SYN-2024-01663,2024-06-25,11:42:23,Vandalism,Downtown Central,District 1,37.784312,-122.422051,Residential Apartment,Reported Vandalism at Residential Apartment
SYN-2024-03748,2024-06-25,14:30:04,Public Disorder,Downtown Central,District 1,37.789756,-122.407474,Street / Sidewalk,Reported Public Disorder at Street / Sidewalk
SYN-2024-04040,2024-06-25,17:23:47,Motor Vehicle Theft,Mission Commercial,District 3,37.760412,-122.420702,Parking Facility,Reported Motor Vehicle Theft at Parking Facility
SYN-2024-02836,2024-06-25,17:56:30,Assault,Mission Commercial,District 3,37.75643,-122.423813,Park / Public Space,Reported Assault at Park / Public Space
SYN-2024-02104,2024-06-25,22:51:16,Public Disorder,Waterfront Marina,District 2,37.796192,-122.441397,Bar / Restaurant,Reported Public Disorder at Bar / Restaurant
SYN-2024-01574,2024-06-25,22:58:39,Vandalism,Downtown Central,District 1,37.778072,-122.425554,Parking Facility,Reported Vandalism at Parking Facility
SYN-2024-03655,2024-06-26,10:40:21,Motor Vehicle Theft,South Rail Corridor,District 4,37.74172,-122.39174,Parking Facility,Reported Motor Vehicle Theft at Parking Facility
SYN-2024-02380,2024-06-26,16:14:21,Theft / Larceny,Westside Arts,District 5,37.780667,-122.437108,Park / Public Space,Reported Theft / Larceny at Park / Public Space
SYN-2024-00293,2024-06-26,17:51:47,Fraud,Westside Arts,District 5,37.77222,-122.431258,Street / Sidewalk,Reported Fraud at Street / Sidewalk
SYN-2024-00984,2024-06-26,18:20:51,Burglary,Mission Commercial,District 3,37.757692,-122.417661,Residential Apartment,Reported Burglary at Residential Apartment
SYN-2024-00729,2024-06-26,21:45:31,Burglary,Waterfront Marina,District 2,37.808321,-122.44206,Residential Apartment,Reported Burglary at Residential Apartment
SYN-2024-04351,2024-06-26,23:18:36,Burglary,Westside Arts,District 5,37.776162,-122.435984,Commercial Retail,Reported Burglary at Commercial Retail
SYN-2024-04133,2024-06-27,09:19:52,Theft / Larceny,Mission Commercial,District 3,37.761838,-122.424683,Commercial Retail,Reported Theft / Larceny at Commercial Retail
SYN-2024-03768,2024-06-27,09:50:52,Public Disorder,Downtown Central,District 1,37.782757,-122.409666,Street / Sidewalk,Reported Public Disorder at Street / Sidewalk
SYN-2024-03760,2024-06-27,12:31:35,Burglary,Westside Arts,District 5,37.777257,-122.446136,Commercial Retail,Reported Burglary at Commercial Retail
SYN-2024-00752,2024-06-27,16:11:12,Public Disorder,Downtown Central,District 1,37.790971,-122.429686,Bar / Restaurant,Reported Public Disorder at Bar / Restaurant
SYN-2024-01537,2024-06-27,16:20:36,Burglary,Mission Commercial,District 3,37.754086,-122.420293,Residential Apartment,Reported Burglary at Residential Apartment
SYN-2024-00298,2024-06-27,16:56:59,Motor Vehicle Theft,Westside Arts,District 5,37.774698,-122.437992,Street / Sidewalk,Reported Motor Vehicle Theft at Street / Sidewalk
SYN-2024-02617,2024-06-27,16:59:48,Burglary,Downtown Central,District 1,37.778885,-122.416313,Commercial Retail,Reported Burglary at Commercial Retail
SYN-2024-03947,2024-06-27,17:56:27,Assault,Mission Commercial,District 3,37.799753,-122.388102,Bar / Restaurant,Reported Assault at Bar / Restaurant
SYN-2024-02252,2024-06-27,18:37:22,Motor Vehicle Theft,Downtown Central,District 1,37.781399,-122.419654,Parking Facility,Reported Motor Vehicle Theft at Parking Facility
SYN-2024-02426,2024-06-28,10:15:16,Assault,Downtown Central,District 1,37.77259,-122.415633,Street / Sidewalk,Reported Assault at Street / Sidewalk
SYN-2024-01655,2024-06-28,12:07:42,Motor Vehicle Theft,Mission Commercial,District 3,37.755674,-122.413905,Parking Facility,Reported Motor Vehicle Theft at Parking Facility
SYN-2024-03529,2024-06-28,12:56:29,Fraud,Downtown Central,District 1,37.768982,-122.411008,Transit Station,Reported Fraud at Transit Station
SYN-2024-02220,2024-06-28,13:47:23,Assault,Downtown Central,District 1,37.779082,-122.411888,Park / Public Space,Reported Assault at Park / Public Space
SYN-2024-00202,2024-06-28,14:31:03,Fraud,South Rail Corridor,District 4,37.746568,-122.386722,Bar / Restaurant,Reported Fraud at Bar / Restaurant
SYN-2024-00187,2024-06-28,17:25:52,Vandalism,Mission Commercial,District 3,37.760877,-122.41698,Bar / Restaurant,Reported Vandalism at Bar / Restaurant
SYN-2024-01573,2024-06-28,18:12:28,Fraud,Waterfront Marina,District 2,37.805493,-122.43875,Parking Facility,Reported Fraud at Parking Facility
SYN-2024-00881,2024-06-29,00:42:55,Vandalism,Waterfront Marina,District 2,37.797974,-122.446827,Commercial Retail,Reported Vandalism at Commercial Retail
SYN-2024-00571,2024-06-29,01:32:07,Public Disorder,Downtown Central,District 1,37.777532,-122.414162,Street / Sidewalk,Reported Public Disorder at Street / Sidewalk
SYN-2024-00184,2024-06-29,01:53:25,Vandalism,Waterfront Marina,District 2,37.807691,-122.436668,Transit Station,Reported Vandalism at Transit Station
SYN-2024-04119,2024-06-29,10:40:46,Robbery,Downtown Central,District 1,37.779848,-122.414674,Transit Station,Reported Robbery at Transit Station
SYN-2024-03150,2024-06-29,11:47:33,Burglary,Waterfront Marina,District 2,37.799815,-122.438088,Commercial Retail,Reported Burglary at Commercial Retail
SYN-2024-00929,2024-06-29,13:35:38,Vandalism,Downtown Central,District 1,37.777061,-122.42177,Transit Station,Reported Vandalism at Transit Station
SYN-2024-01376,2024-06-29,15:27:57,Theft / Larceny,Downtown Central,District 1,37.786314,-122.413154,Residential Apartment,Reported Theft / Larceny at Residential Apartment
SYN-2024-03513,2024-06-29,21:08:20,Robbery,Downtown Central,District 1,37.773675,-122.419247,Street / Sidewalk,Reported Robbery at Street / Sidewalk
SYN-2024-04380,2024-06-30,02:34:15,Public Disorder,Waterfront Marina,District 2,37.806312,-122.435327,Bar / Restaurant,Reported Public Disorder at Bar / Restaurant
SYN-2024-03194,2024-06-30,09:18:40,Assault,Downtown Central,District 1,37.785341,-122.415304,Bar / Restaurant,Reported Assault at Bar / Restaurant
SYN-2024-01842,2024-06-30,16:32:58,Narcotics,South Rail Corridor,District 4,37.747058,-122.387407,Alleyway,Reported Narcotics at Alleyway
SYN-2024-01235,2024-06-30,19:28:01,Robbery,Westside Arts,District 5,37.773871,-122.432233,Commercial Retail,Reported Robbery at Commercial Retail
SYN-2024-00033,2024-06-30,21:01:11,Public Disorder,Westside Arts,District 5,37.776056,-122.437632,,Reported Public Disorder at Park / Public Space
SYN-2024-00299,2024-06-30,22:36:25,Burglary,Waterfront Marina,District 2,37.812131,-122.442484,Residential Apartment,Reported Burglary at Residential Apartment
SYN-2024-01097,2024-06-30,23:16:44,Public Disorder,Mission Commercial,District 3,37.760682,-122.423819,Park / Public Space,Reported Public Disorder at Park / Public Space
SYN-2024-03417,2024-06-30,23:26:13,Assault,Mission Commercial,District 3,37.760781,-122.415272,Street / Sidewalk,Reported Assault at Street / Sidewalk
SYN-2024-00012,2024-07-01,15:06:55,Public Disorder,Westside Arts,District 5,37.778499,-122.429998,Park / Public Space,Reported Public Disorder at Park / Public Space
SYN-2024-00012,2024-07-01,15:06:55,Public Disorder,Westside Arts,District 5,37.778499,-122.429998,Park / Public Space,Reported Public Disorder at Park / Public Space
SYN-2024-00943,2024-07-01,17:54:02,Assault,Downtown Central,District 1,37.774447,-122.420963,Street / Sidewalk,Reported Assault at Street / Sidewalk
SYN-2024-00364,2024-07-01,18:20:45,Assault,Downtown Central,District 1,37.786069,-122.419662,Street / Sidewalk,Reported Assault at Street / Sidewalk
SYN-2024-02461,2024-07-01,19:06:26,Assault,Mission Commercial,District 3,37.758574,-122.41957,Bar / Restaurant,Reported Assault at Bar / Restaurant
SYN-2024-01130,2024-07-01,19:47:25,Vandalism,Mission Commercial,District 3,37.757151,-122.421049,Residential Apartment,Reported Vandalism at Residential Apartment
SYN-2024-02482,2024-07-02,06:57:52,Theft / Larceny,Waterfront Marina,District 2,37.800532,-122.433857,Residential Apartment,Reported Theft / Larceny at Residential Apartment
SYN-2024-04403,2024-07-02,09:41:47,Assault,Downtown Central,District 1,37.78076,-122.411662,Bar / Restaurant,Reported Assault at Bar / Restaurant
SYN-2024-02649,2024-07-02,12:43:05,Theft / Larceny,Downtown Central,District 1,37.778772,-122.41734,Parking Facility,Reported Theft / Larceny at Parking Facility
SYN-2024-03881,2024-07-02,15:08:43,Narcotics,Waterfront Marina,District 2,37.798635,-122.434588,Residential Apartment,Reported Narcotics at Residential Apartment
SYN-2024-01377,2024-07-02,16:49:29,Vandalism,Mission Commercial,District 3,37.762735,-122.420242,Parking Facility,Reported Vandalism at Parking Facility
SYN-2024-03992,2024-07-02,18:55:48,Vandalism,Waterfront Marina,District 2,37.808341,-122.427926,Bar / Restaurant,Reported Vandalism at Bar / Restaurant
SYN-2024-01837,2024-07-03,02:24:04,Assault,Downtown Central,District 1,37.790194,-122.432829,Park / Public Space,Reported Assault at Park / Public Space
SYN-2024-02522,2024-07-03,09:27:58,Theft / Larceny,Downtown Central,District 1,37.77616,-122.423075,Transit Station,Reported Theft / Larceny at Transit Station
SYN-2024-01622,2024-07-03,13:05:19,Theft / Larceny,Mission Commercial,District 3,37.755304,-122.419322,Commercial Retail,Reported Theft / Larceny at Commercial Retail
SYN-2024-01412,2024-07-03,14:49:00,Assault,Westside Arts,District 5,37.779133,-122.434929,Park / Public Space,Reported Assault at Park / Public Space
SYN-2024-03888,2024-07-03,14:59:06,Vandalism,Downtown Central,District 1,37.781895,-122.415433,Park / Public Space,Reported Vandalism at Park / Public Space
SYN-2024-00461,2024-07-03,15:42:10,Assault,Mission Commercial,District 3,37.74709,-122.423202,Street / Sidewalk,Reported Assault at Street / Sidewalk
SYN-2024-03562,2024-07-03,15:42:57,Vandalism,Mission Commercial,District 3,37.782786,-122.380047,Parking Facility,Reported Vandalism at Parking Facility
SYN-2024-00884,2024-07-03,17:01:19,Public Disorder,Downtown Central,District 1,37.780017,-122.414529,Street / Sidewalk,Reported Public Disorder at Street / Sidewalk
SYN-2024-01876,2024-07-04,00:15:13,Burglary,South Rail Corridor,District 4,37.755471,-122.390791,Commercial Retail,Reported Burglary at Commercial Retail
SYN-2024-00720,2024-07-04,03:24:06,Vandalism,Downtown Central,District 1,37.788604,-122.420693,Park / Public Space,Reported Vandalism at Park / Public Space
SYN-2024-03520,2024-07-04,14:39:47,Theft / Larceny,Waterfront Marina,District 2,37.805596,-122.43268,Residential Apartment,Reported Theft / Larceny at Residential Apartment
SYN-2024-02782,2024-07-04,18:35:34,Theft / Larceny,Downtown Central,District 1,37.777947,-122.410699,Commercial Retail,Reported Theft / Larceny at Commercial Retail
SYN-2024-02852,2024-07-04,20:53:27,Fraud,Westside Arts,District 5,37.771134,-122.436038,Alleyway,Reported Fraud at Alleyway
SYN-2024-00074,2024-07-04,23:27:40,Narcotics,Waterfront Marina,District 2,37.798724,-122.431324,Alleyway,Reported Narcotics at Alleyway
SYN-2024-02157,2024-07-05,07:44:00,Robbery,Downtown Central,District 1,37.780758,-122.413539,Residential Apartment,Reported Robbery at Residential Apartment
SYN-2024-02575,2024-07-05,10:38:23,Theft / Larceny,Mission Commercial,District 3,37.756559,-122.416345,Transit Station,Reported Theft / Larceny at Transit Station
SYN-2024-03364,2024-07-05,13:17:33,Public Disorder,Downtown Central,District 1,37.78304,-122.40782,Bar / Restaurant,Reported Public Disorder at Bar / Restaurant
SYN-2024-02172,2024-07-05,14:44:58,Theft / Larceny,Waterfront Marina,District 2,37.808753,-122.438193,Residential Apartment,Reported Theft / Larceny at Residential Apartment
SYN-2024-00401,2024-07-05,15:10:46,Fraud,Westside Arts,District 5,37.773702,-122.433862,Commercial Retail,Reported Fraud at Commercial Retail
SYN-2024-03340,2024-07-06,07:21:27,Theft / Larceny,Mission Commercial,District 3,37.763716,-122.419342,Residential Apartment,Reported Theft / Larceny at Residential Apartment
SYN-2024-01231,2024-07-06,13:45:27,Burglary,Waterfront Marina,District 2,37.80325,-122.433103,Residential Apartment,Reported Burglary at Residential Apartment
SYN-2024-01359,2024-07-06,19:23:15,Fraud,Mission Commercial,District 3,37.76331,-122.414658,Alleyway,Reported Fraud at Alleyway
SYN-2024-03555,2024-07-06,21:18:26,Burglary,Mission Commercial,District 3,37.762675,-122.423916,Commercial Retail,Reported Burglary at Commercial Retail
SYN-2024-01773,2024-07-06,22:31:42,Fraud,Waterfront Marina,District 2,37.801768,-122.43254,Transit Station,Reported Fraud at Transit Station
SYN-2024-02669,2024-07-07,13:58:04,Narcotics,Downtown Central,District 1,37.779755,-122.417146,Park / Public Space,Reported Narcotics at Park / Public Space
SYN-2024-02389,2024-07-07,14:32:53,Burglary,Westside Arts,District 5,37.767976,-122.429698,Residential Apartment,Reported Burglary at Residential Apartment
SYN-2024-02089,2024-07-07,15:17:05,Robbery,Downtown Central,District 1,37.77598,-122.424029,Bar / Restaurant,Reported Robbery at Bar / Restaurant
SYN-2024-02092,2024-07-07,17:21:33,Robbery,Westside Arts,District 5,37.780949,-122.43459,Street / Sidewalk,Reported Robbery at Street / Sidewalk
SYN-2024-01251,2024-07-07,18:04:15,Theft / Larceny,Mission Commercial,District 3,37.760707,-122.424856,Parking Facility,Reported Theft / Larceny at Parking Facility
SYN-2024-01411,2024-07-07,19:16:26,Assault,Downtown Central,District 1,37.779409,-122.41048,Bar / Restaurant,Reported Assault at Bar / Restaurant
SYN-2024-02636,2024-07-07,19:59:28,Theft / Larceny,Downtown Central,District 1,37.781455,-122.41718,Alleyway,Reported Theft / Larceny at Alleyway
SYN-2024-02117,2024-07-07,20:19:17,Theft / Larceny,Waterfront Marina,District 2,37.800997,-122.436958,Street / Sidewalk,Reported Theft / Larceny at Street / Sidewalk
SYN-2024-03703,2024-07-08,08:42:47,Theft / Larceny,Waterfront Marina,District 2,37.803022,-122.426682,Parking Facility,Reported Theft / Larceny at Parking Facility
SYN-2024-04012,2024-07-08,13:29:24,Fraud,Westside Arts,District 5,37.778894,-122.440653,Bar / Restaurant,Reported Fraud at Bar / Restaurant
SYN-2024-04331,2024-07-08,17:09:16,Public Disorder,Waterfront Marina,District 2,37.789881,-122.408398,Park / Public Space,Reported Public Disorder at Park / Public Space
SYN-2024-00454,2024-07-08,17:23:49,Motor Vehicle Theft,Westside Arts,District 5,37.771542,-122.435864,Street / Sidewalk,Reported Motor Vehicle Theft at Street / Sidewalk
SYN-2024-02888,2024-07-08,20:23:31,Assault,Downtown Central,District 1,37.748406,-122.396841,Bar / Restaurant,Reported Assault at Bar / Restaurant
SYN-2024-04336,2024-07-08,21:08:14,Burglary,Downtown Central,District 1,37.773385,-122.415235,Residential Apartment,Reported Burglary at Residential Apartment
SYN-2024-01977,2024-07-09,01:45:25,Robbery,Downtown Central,District 1,37.815137,-122.420266,Bar / Restaurant,Reported Robbery at Bar / Restaurant
SYN-2024-02131,2024-07-09,08:41:25,Narcotics,Downtown Central,District 1,37.776472,-122.411008,Parking Facility,Reported Narcotics at Parking Facility
SYN-2024-01375,2024-07-09,12:33:04,Theft / Larceny,Downtown Central,District 1,37.781009,-122.42652,Street / Sidewalk,Reported Theft / Larceny at Street / Sidewalk
SYN-2024-01221,2024-07-09,16:40:36,Narcotics,Waterfront Marina,District 2,37.809885,-122.4379,Transit Station,Reported Narcotics at Transit Station
SYN-2024-03389,2024-07-09,20:03:02,Burglary,Westside Arts,District 5,37.769432,-122.43663,Residential Apartment,Reported Burglary at Residential Apartment
SYN-2024-02911,2024-07-09,20:20:58,Burglary,Mission Commercial,District 3,37.758323,-122.41627,Commercial Retail,Reported Burglary at Commercial Retail
SYN-2024-03315,2024-07-09,21:57:30,Vandalism,Westside Arts,District 5,37.774891,-122.431513,Street / Sidewalk,Reported Vandalism at Street / Sidewalk
SYN-2024-00142,2024-07-10,06:23:04,Narcotics,South Rail Corridor,District 4,37.741182,-122.390515,Street / Sidewalk,Reported Narcotics at Street / Sidewalk
SYN-2024-00680,2024-07-10,06:38:16,Theft / Larceny,Waterfront Marina,District 2,37.740501,-122.446261,Street / Sidewalk,Reported Theft / Larceny at Street / Sidewalk
SYN-2024-04200,2024-07-10,16:54:00,Fraud,Westside Arts,District 5,37.777924,-122.438151,Alleyway,Reported Fraud at Alleyway
SYN-2024-00397,2024-07-10,17:52:07,Motor Vehicle Theft,Westside Arts,District 5,37.770918,-122.434524,Parking Facility,Reported Motor Vehicle Theft at Parking Facility
SYN-2024-02227,2024-07-10,21:26:24,Theft / Larceny,Mission Commercial,District 3,37.751535,-122.413912,Bar / Restaurant,Reported Theft / Larceny at Bar / Restaurant
SYN-2024-04004,2024-07-10,21:43:39,Motor Vehicle Theft,Mission Commercial,District 3,37.75657,-122.414147,Street / Sidewalk,Reported Motor Vehicle Theft at Street / Sidewalk
SYN-2024-01323,2024-07-11,14:00:41,Robbery,Downtown Central,District 1,37.776522,-122.425137,Bar / Restaurant,Reported Robbery at Bar / Restaurant
SYN-2024-01481,2024-07-11,16:04:25,Public Disorder,Downtown Central,District 1,37.773152,-122.412756,Bar / Restaurant,Reported Public Disorder at Bar / Restaurant
SYN-2024-00609,2024-07-11,16:44:53,Public Disorder,South Rail Corridor,District 4,37.749109,-122.394753,Park / Public Space,Reported Public Disorder at Park / Public Space
SYN-2024-01357,2024-07-11,21:08:51,Public Disorder,Waterfront Marina,District 2,37.800701,-122.44243,Park / Public Space,Reported Public Disorder at Park / Public Space
SYN-2024-00319,2024-07-11,21:26:47,Assault,Mission Commercial,District 3,37.757657,-122.419225,Street / Sidewalk,Reported Assault at Street / Sidewalk
SYN-2024-03926,2024-07-11,22:03:20,Vandalism,South Rail Corridor,District 4,37.735807,-122.395871,Commercial Retail,Reported Vandalism at Commercial Retail
SYN-2024-03879,2024-07-12,10:30:22,Assault,Waterfront Marina,District 2,37.79835,-122.437694,Street / Sidewalk,Reported Assault at Street / Sidewalk
SYN-2024-01424,2024-07-12,11:01:58,Vandalism,South Rail Corridor,District 4,37.751683,-122.387634,Commercial Retail,Reported Vandalism at Commercial Retail
SYN-2024-04431,2024-07-12,11:04:14,Vandalism,Waterfront Marina,District 2,37.807018,-122.437138,Park / Public Space,Reported Vandalism at Park / Public Space
SYN-2024-03541,2024-07-12,19:09:11,Burglary,Westside Arts,District 5,37.77441,-122.436883,Residential Apartment,Reported Burglary at Residential Apartment
SYN-2024-04196,2024-07-12,20:15:48,Theft / Larceny,Downtown Central,District 1,37.781574,-122.412996,Parking Facility,Reported Theft / Larceny at Parking Facility
SYN-2024-01727,2024-07-12,22:06:41,Vandalism,Waterfront Marina,District 2,37.799758,-122.437347,Park / Public Space,Reported Vandalism at Park / Public Space
SYN-2024-04333,2024-07-12,22:17:07,Public Disorder,Mission Commercial,District 3,37.758698,-122.428112,Park / Public Space,Reported Public Disorder at Park / Public Space
SYN-2024-03831,2024-07-13,03:31:31,Narcotics,Westside Arts,District 5,37.776026,-122.430422,Street / Sidewalk,Reported Narcotics at Street / Sidewalk
SYN-2024-03410,2024-07-13,03:58:22,Burglary,Westside Arts,District 5,37.770467,-122.435693,Residential Apartment,Reported Burglary at Residential Apartment
SYN-2024-01288,2024-07-13,09:44:22,Robbery,Mission Commercial,District 3,37.766103,-122.427803,Park / Public Space,Reported Robbery at Park / Public Space
SYN-2024-03200,2024-07-13,11:10:26,Theft / Larceny,Downtown Central,District 1,37.779514,-122.418079,Commercial Retail,Reported Theft / Larceny at Commercial Retail
SYN-2024-02082,2024-07-13,11:38:33,Narcotics,Downtown Central,District 1,37.770726,-122.417658,Residential Apartment,Reported Narcotics at Residential Apartment
SYN-2024-01806,2024-07-13,12:43:53,Theft / Larceny,Mission Commercial,District 3,37.764595,-122.416516,Bar / Restaurant,Reported Theft / Larceny at Bar / Restaurant
SYN-2024-03354,2024-07-13,13:56:13,Vandalism,Mission Commercial,District 3,37.75996,-122.42415,Residential Apartment,Reported Vandalism at Residential Apartment
SYN-2024-04486,2024-07-13,14:01:02,Robbery,Mission Commercial,District 3,37.769317,-122.416119,Transit Station,Reported Robbery at Transit Station
SYN-2024-02596,2024-07-13,15:54:19,Theft / Larceny,Downtown Central,District 1,37.785446,-122.425748,Residential Apartment,Reported Theft / Larceny at Residential Apartment
SYN-2024-02355,2024-07-13,17:04:37,Assault,Downtown Central,District 1,37.775878,-122.413659,Park / Public Space,Reported Assault at Park / Public Space
SYN-2024-03031,2024-07-13,19:45:08,Theft / Larceny,Mission Commercial,District 3,37.757585,-122.410792,Street / Sidewalk,Reported Theft / Larceny at Street / Sidewalk
SYN-2024-01086,2024-07-14,09:47:00,Assault,Downtown Central,District 1,37.757935,-122.452471,Bar / Restaurant,Reported Assault at Bar / Restaurant
SYN-2024-01595,2024-07-14,13:20:34,Vandalism,Mission Commercial,District 3,37.769394,-122.417388,Parking Facility,Reported Vandalism at Parking Facility
SYN-2024-00205,2024-07-14,13:38:38,Theft / Larceny,Downtown Central,District 1,37.781946,-122.420159,Residential Apartment,Reported Theft / Larceny at Residential Apartment
SYN-2024-01096,2024-07-14,18:19:03,Public Disorder,Mission Commercial,District 3,37.753486,-122.415091,Bar / Restaurant,Reported Public Disorder at Bar / Restaurant
SYN-2024-02166,2024-07-14,18:22:40,Public Disorder,Waterfront Marina,District 2,37.801526,-122.440556,Street / Sidewalk,Reported Public Disorder at Street / Sidewalk
SYN-2024-01172,2024-07-14,19:27:52,Robbery,Downtown Central,District 1,37.785218,-122.413929,Parking Facility,Reported Robbery at Parking Facility
SYN-2024-02829,2024-07-14,21:48:48,Theft / Larceny,South Rail Corridor,District 4,37.743049,-122.385903,Park / Public Space,Reported Theft / Larceny at Park / Public Space
SYN-2024-02485,2024-07-15,00:39:50,Vandalism,Downtown Central,District 1,37.777146,-122.418997,Parking Facility,Reported Vandalism at Parking Facility
SYN-2024-04390,2024-07-15,14:17:22,Robbery,Downtown Central,District 1,37.781679,-122.411641,Commercial Retail,Reported Robbery at Commercial Retail
SYN-2024-01122,2024-07-15,23:39:32,Vandalism,Mission Commercial,District 3,37.753333,-122.417854,Street / Sidewalk,Reported Vandalism at Street / Sidewalk
SYN-2024-02326,2024-07-16,01:47:15,Vandalism,Mission Commercial,District 3,37.751511,-122.421059,Residential Apartment,Reported Vandalism at Residential Apartment
SYN-2024-02027,2024-07-16,09:10:15,Theft / Larceny,Mission Commercial,District 3,37.761252,-122.422453,Park / Public Space,Reported Theft / Larceny at Park / Public Space
SYN-2024-01460,2024-07-16,09:47:02,Theft / Larceny,Westside Arts,District 5,37.774643,-122.433771,Residential Apartment,Reported Theft / Larceny at Residential Apartment
SYN-2024-01958,2024-07-16,09:59:14,Vandalism,Downtown Central,District 1,37.780153,-122.415196,Street / Sidewalk,Reported Vandalism at Street / Sidewalk
SYN-2024-02914,2024-07-16,11:01:02,Public Disorder,Downtown Central,District 1,37.774078,-122.417587,Street / Sidewalk,Reported Public Disorder at Street / Sidewalk
SYN-2024-01440,2024-07-16,11:08:25,Vandalism,South Rail Corridor,District 4,37.74025,-122.399851,Transit Station,Reported Vandalism at Transit Station
SYN-2024-02801,2024-07-16,12:01:41,Fraud,Westside Arts,District 5,37.776295,-122.433049,Residential Apartment,Reported Fraud at Residential Apartment
SYN-2024-00376,2024-07-16,12:05:06,Fraud,Downtown Central,District 1,37.78065,-122.41044,Street / Sidewalk,Reported Fraud at Street / Sidewalk
SYN-2024-01803,2024-07-16,18:26:23,Vandalism,Downtown Central,District 1,37.781531,-122.414448,Parking Facility,Reported Vandalism at Parking Facility
SYN-2024-04238,2024-07-16,22:34:03,Theft / Larceny,Mission Commercial,District 3,37.762272,-122.412003,Residential Apartment,Reported Theft / Larceny at Residential Apartment
SYN-2024-00795,2024-07-16,23:13:08,Robbery,Downtown Central,District 1,37.785801,-122.413363,Residential Apartment,Reported Robbery at Residential Apartment
SYN-2024-00506,2024-07-17,01:40:50,Public Disorder,Downtown Central,District 1,37.77529,-122.414775,Park / Public Space,Reported Public Disorder at Park / Public Space
SYN-2024-04296,2024-07-17,08:26:01,Burglary,Mission Commercial,District 3,37.763588,-122.414666,Commercial Retail,Reported Burglary at Commercial Retail
SYN-2024-03510,2024-07-17,15:02:20,Vandalism,Downtown Central,District 1,37.782244,-122.415324,Residential Apartment,Reported Vandalism at Residential Apartment
SYN-2024-01158,2024-07-17,19:13:19,Vandalism,Mission Commercial,District 3,37.758303,-122.413783,Alleyway,Reported Vandalism at Alleyway
SYN-2024-02817,2024-07-17,19:52:14,Theft / Larceny,Mission Commercial,District 3,37.764932,-122.411487,Commercial Retail,Reported Theft / Larceny at Commercial Retail
SYN-2024-03685,2024-07-17,21:41:26,Fraud,Downtown Central,District 1,37.776119,-122.409697,Bar / Restaurant,Reported Fraud at Bar / Restaurant
SYN-2024-03523,2024-07-18,00:06:32,Public Disorder,Downtown Central,District 1,37.775519,-122.422844,Park / Public Space,Reported Public Disorder at Park / Public Space
SYN-2024-01838,2024-07-18,07:41:34,Theft / Larceny,Waterfront Marina,District 2,37.80387,-122.439519,Transit Station,Reported Theft / Larceny at Transit Station
SYN-2024-03266,2024-07-18,13:14:52,Theft / Larceny,Downtown Central,District 1,37.778441,-122.423732,Residential Apartment,Reported Theft / Larceny at Residential Apartment
SYN-2024-01509,2024-07-18,22:56:12,Public Disorder,Downtown Central,District 1,37.786989,-122.407181,Bar / Restaurant,Reported Public Disorder at Bar / Restaurant
SYN-2024-00831,2024-07-19,00:46:54,Burglary,Mission Commercial,District 3,37.765998,-122.419655,Residential Apartment,Reported Burglary at Residential Apartment
SYN-2024-02827,2024-07-19,05:33:27,Vandalism,Downtown Central,District 1,37.782211,-122.416786,Bar / Restaurant,Reported Vandalism at Bar / Restaurant
SYN-2024-02601,2024-07-19,09:16:40,Motor Vehicle Theft,Westside Arts,District 5,37.776496,-122.434145,Street / Sidewalk,Reported Motor Vehicle Theft at Street / Sidewalk
SYN-2024-02789,2024-07-19,14:47:04,Robbery,Downtown Central,District 1,37.818955,-122.420333,Residential Apartment,Reported Robbery at Residential Apartment
SYN-2024-03402,2024-07-19,16:04:56,Burglary,Westside Arts,District 5,37.778025,-122.434194,Residential Apartment,Reported Burglary at Residential Apartment
SYN-2024-01013,2024-07-19,20:43:43,Burglary,Westside Arts,District 5,37.771566,-122.433377,Commercial Retail,Reported Burglary at Commercial Retail
SYN-2024-00472,2024-07-19,23:33:15,Public Disorder,Downtown Central,District 1,37.776917,-122.418078,Street / Sidewalk,Reported Public Disorder at Street / Sidewalk
SYN-2024-03116,2024-07-20,07:23:53,Theft / Larceny,Downtown Central,District 1,37.786372,-122.41545,Bar / Restaurant,Reported Theft / Larceny at Bar / Restaurant
SYN-2024-01414,2024-07-20,14:46:51,Narcotics,Downtown Central,District 1,37.779053,-122.418448,Transit Station,Reported Narcotics at Transit Station
SYN-2024-02959,2024-07-20,17:34:56,Vandalism,Waterfront Marina,District 2,37.794335,-122.445652,Transit Station,Reported Vandalism at Transit Station
SYN-2024-03022,2024-07-20,17:56:53,Motor Vehicle Theft,Mission Commercial,District 3,37.757773,-122.412658,Street / Sidewalk,Reported Motor Vehicle Theft at Street / Sidewalk
SYN-2024-00613,2024-07-20,19:32:37,Public Disorder,Downtown Central,District 1,37.790083,-122.399636,Bar / Restaurant,Reported Public Disorder at Bar / Restaurant
SYN-2024-00808,2024-07-21,15:07:28,Motor Vehicle Theft,Mission Commercial,District 3,37.746446,-122.399267,Street / Sidewalk,Reported Motor Vehicle Theft at Street / Sidewalk
SYN-2024-00859,2024-07-21,15:09:26,Vandalism,Downtown Central,District 1,37.778995,-122.411586,Parking Facility,Reported Vandalism at Parking Facility
SYN-2024-02594,2024-07-21,15:15:23,Vandalism,Waterfront Marina,District 2,37.735201,-122.449753,Bar / Restaurant,Reported Vandalism at Bar / Restaurant
SYN-2024-02658,2024-07-21,16:32:10,Theft / Larceny,Mission Commercial,District 3,37.760596,-122.42049,Park / Public Space,Reported Theft / Larceny at Park / Public Space
SYN-2024-02055,2024-07-21,19:07:00,Theft / Larceny,Westside Arts,District 5,37.772388,-122.426904,Commercial Retail,Reported Theft / Larceny at Commercial Retail
SYN-2024-01986,2024-07-21,20:02:28,Theft / Larceny,Waterfront Marina,District 2,37.801825,-122.436257,Street / Sidewalk,Reported Theft / Larceny at Street / Sidewalk
SYN-2024-01283,2024-07-21,20:36:12,Burglary,Westside Arts,District 5,37.775102,-122.437586,Residential Apartment,Reported Burglary at Residential Apartment
SYN-2024-01944,2024-07-21,23:17:34,Vandalism,Downtown Central,District 1,37.783645,-122.412786,Street / Sidewalk,Reported Vandalism at Street / Sidewalk
SYN-2024-02378,2024-07-21,23:20:57,Motor Vehicle Theft,Mission Commercial,District 3,37.761172,-122.418262,Street / Sidewalk,Reported Motor Vehicle Theft at Street / Sidewalk
SYN-2024-01197,2024-07-22,13:38:49,Public Disorder,Downtown Central,District 1,37.777984,-122.416843,Park / Public Space,Reported Public Disorder at Park / Public Space
SYN-2024-03972,2024-07-22,14:25:23,Robbery,Waterfront Marina,District 2,37.770269,-122.409824,Commercial Retail,Reported Robbery at Commercial Retail
SYN-2024-02018,2024-07-22,14:29:11,Assault,Downtown Central,District 1,37.785612,-122.411307,Park / Public Space,Reported Assault at Park / Public Space
SYN-2024-00430,2024-07-22,17:34:11,Burglary,South Rail Corridor,District 4,37.739882,-122.391282,Commercial Retail,Reported Burglary at Commercial Retail
SYN-2024-00866,2024-07-22,19:06:44,Theft / Larceny,Westside Arts,District 5,37.770708,-122.437769,Residential Apartment,Reported Theft / Larceny at Residential Apartment
SYN-2024-02921,2024-07-22,19:17:40,Theft / Larceny,Westside Arts,District 5,37.772748,-122.432065,Park / Public Space,Reported Theft / Larceny at Park / Public Space
SYN-2024-03225,2024-07-22,20:11:13,Fraud,Westside Arts,District 5,37.767989,-122.432293,Parking Facility,Reported Fraud at Parking Facility
SYN-2024-03662,2024-07-22,20:22:07,Assault,Mission Commercial,District 3,37.765353,-122.416726,Bar / Restaurant,Reported Assault at Bar / Restaurant
SYN-2024-00919,2024-07-23,04:21:38,Burglary,Mission Commercial,District 3,37.755183,-122.417587,Commercial Retail,Reported Burglary at Commercial Retail
SYN-2024-03235,2024-07-23,12:21:47,Vandalism,Mission Commercial,District 3,37.760891,-122.433402,Street / Sidewalk,Reported Vandalism at Street / Sidewalk
SYN-2024-00674,2024-07-23,21:30:17,Burglary,Mission Commercial,District 3,37.756778,-122.4218,Commercial Retail,Reported Burglary at Commercial Retail
SYN-2024-01774,2024-07-24,19:08:09,Narcotics,Downtown Central,District 1,37.781637,-122.417292,Residential Apartment,Reported Narcotics at Residential Apartment
SYN-2024-03714,2024-07-24,19:23:12,Motor Vehicle Theft,Westside Arts,District 5,37.767789,-122.435984,Parking Facility,Reported Motor Vehicle Theft at Parking Facility
SYN-2024-03142,2024-07-24,20:07:18,Burglary,South Rail Corridor,District 4,37.752125,-122.411233,Residential Apartment,Reported Burglary at Residential Apartment
SYN-2024-02275,2024-07-24,21:59:21,Assault,Downtown Central,District 1,37.779801,-122.413918,Bar / Restaurant,Reported Assault at Bar / Restaurant
SYN-2024-02354,2024-07-25,09:04:30,Motor Vehicle Theft,Waterfront Marina,District 2,37.804974,-122.437394,Street / Sidewalk,Reported Motor Vehicle Theft at Street / Sidewalk
SYN-2024-01312,2024-07-25,11:12:20,Public Disorder,Waterfront Marina,District 2,37.807886,-122.435922,Park / Public Space,Reported Public Disorder at Park / Public Space
SYN-2024-03752,2024-07-25,12:56:31,Public Disorder,Downtown Central,District 1,37.774329,-122.413752,Park / Public Space,Reported Public Disorder at Park / Public Space
SYN-2024-04300,2024-07-25,13:33:03,Burglary,South Rail Corridor,District 4,37.736504,-122.391995,Commercial Retail,Reported Burglary at Commercial Retail
SYN-2024-03109,2024-07-25,15:59:40,Theft / Larceny,Waterfront Marina,District 2,37.800314,-122.434204,Transit Station,Reported Theft / Larceny at Transit Station
SYN-2024-04124,2024-07-25,23:19:21,Public Disorder,Downtown Central,District 1,37.778719,-122.420857,Park / Public Space,Reported Public Disorder at Park / Public Space
SYN-2024-02358,2024-07-26,00:50:32,Public Disorder,Downtown Central,District 1,37.779126,-122.422088,Street / Sidewalk,Reported Public Disorder at Street / Sidewalk
SYN-2024-00574,2024-07-26,01:36:03,Theft / Larceny,Downtown Central,District 1,37.781093,-122.413125,Alleyway,Reported Theft / Larceny at Alleyway
SYN-2024-01555,2024-07-26,07:46:11,Robbery,Mission Commercial,District 3,37.762764,-122.423019,Bar / Restaurant,Reported Robbery at Bar / Restaurant
SYN-2024-04095,2024-07-26,17:05:12,Theft / Larceny,Downtown Central,District 1,37.779444,-122.415942,Bar / Restaurant,Reported Theft / Larceny at Bar / Restaurant
SYN-2024-02767,2024-07-26,17:14:45,Vandalism,Mission Commercial,District 3,37.760173,-122.418764,Transit Station,Reported Vandalism at Transit Station
SYN-2024-00282,2024-07-26,19:06:09,Assault,Downtown Central,District 1,37.782194,-122.417722,Bar / Restaurant,Reported Assault at Bar / Restaurant
SYN-2024-00563,2024-07-26,19:47:43,Theft / Larceny,Mission Commercial,District 3,37.762702,-122.41961,Parking Facility,Reported Theft / Larceny at Parking Facility
SYN-2024-01698,2024-07-26,19:51:34,Assault,Downtown Central,District 1,37.759906,-122.447702,Bar / Restaurant,Reported Assault at Bar / Restaurant
SYN-2024-00402,2024-07-26,21:43:26,Vandalism,Waterfront Marina,District 2,37.794791,-122.438442,Street / Sidewalk,Reported Vandalism at Street / Sidewalk
SYN-2024-02944,2024-07-27,10:36:41,Narcotics,South Rail Corridor,District 4,37.749417,-122.400313,Bar / Restaurant,Reported Narcotics at Bar / Restaurant
SYN-2024-02372,2024-07-27,11:32:45,Vandalism,Downtown Central,District 1,37.783863,-122.413089,Commercial Retail,Reported Vandalism at Commercial Retail
SYN-2024-01500,2024-07-27,13:38:05,Vandalism,Waterfront Marina,District 2,37.798282,-122.435936,Bar / Restaurant,Reported Vandalism at Bar / Restaurant
SYN-2024-03381,2024-07-27,15:50:15,Theft / Larceny,Westside Arts,District 5,37.774024,-122.43687,Street / Sidewalk,Reported Theft / Larceny at Street / Sidewalk
SYN-2024-01668,2024-07-27,17:37:28,Public Disorder,Downtown Central,District 1,37.780369,-122.415093,Park / Public Space,Reported Public Disorder at Park / Public Space
SYN-2024-02127,2024-07-27,18:21:46,Assault,Mission Commercial,District 3,37.757593,-122.411589,Park / Public Space,Reported Assault at Park / Public Space
SYN-2024-01049,2024-07-27,22:27:46,Public Disorder,Mission Commercial,District 3,37.758112,-122.427771,Street / Sidewalk,Reported Public Disorder at Street / Sidewalk
SYN-2024-03137,2024-07-28,00:02:58,Vandalism,South Rail Corridor,District 4,37.74744,-122.391912,Commercial Retail,Reported Vandalism at Commercial Retail
SYN-2024-02324,2024-07-28,08:12:43,Assault,Mission Commercial,District 3,37.762653,-122.421861,Park / Public Space,Reported Assault at Park / Public Space
SYN-2024-03169,2024-07-28,11:59:46,Fraud,Waterfront Marina,District 2,37.801066,-122.444628,Alleyway,Reported Fraud at Alleyway
SYN-2024-04239,2024-07-28,12:33:03,Fraud,Westside Arts,District 5,37.770826,-122.439389,Alleyway,Reported Fraud at Alleyway
SYN-2024-03826,2024-07-28,16:06:42,Robbery,Downtown Central,District 1,37.778856,-122.422793,Parking Facility,Reported Robbery at Parking Facility
SYN-2024-01358,2024-07-28,16:11:07,Robbery,Westside Arts,District 5,37.776684,-122.441569,Residential Apartment,Reported Robbery at Residential Apartment
SYN-2024-01632,2024-07-28,18:06:14,Robbery,Downtown Central,District 1,37.779093,-122.406256,Park / Public Space,Reported Robbery at Park / Public Space
SYN-2024-01010,2024-07-28,18:59:48,Theft / Larceny,Westside Arts,District 5,37.770452,-122.436929,Commercial Retail,Reported Theft / Larceny at Commercial Retail
SYN-2024-02974,2024-07-28,20:10:46,Vandalism,Downtown Central,District 1,37.785532,-122.414158,Residential Apartment,Reported Vandalism at Residential Apartment
SYN-2024-03719,2024-07-28,23:27:49,Motor Vehicle Theft,South Rail Corridor,District 4,37.743251,-122.393313,Parking Facility,Reported Motor Vehicle Theft at Parking Facility
SYN-2024-03856,2024-07-29,02:15:17,Public Disorder,Waterfront Marina,District 2,37.799813,-122.437533,Park / Public Space,Reported Public Disorder at Park / Public Space
SYN-2024-01022,2024-07-29,17:34:03,Burglary,Westside Arts,District 5,37.780095,-122.438231,Commercial Retail,Reported Burglary at Commercial Retail
SYN-2024-03806,2024-07-29,17:40:57,Theft / Larceny,Downtown Central,District 1,37.776836,-122.413872,Commercial Retail,Reported Theft / Larceny at Commercial Retail
SYN-2024-02436,2024-07-29,18:29:43,Theft / Larceny,Downtown Central,District 1,37.773945,-122.414383,Parking Facility,Reported Theft / Larceny at Parking Facility
SYN-2024-04005,2024-07-30,08:42:01,Burglary,Mission Commercial,District 3,37.757847,-122.41361,Residential Apartment,Reported Burglary at Residential Apartment
SYN-2024-01445,2024-07-30,09:42:54,Burglary,South Rail Corridor,District 4,37.745057,-122.390365,Commercial Retail,Reported Burglary at Commercial Retail
SYN-2024-02882,2024-07-30,14:53:51,Vandalism,Downtown Central,District 1,37.775892,-122.421632,Street / Sidewalk,Reported Vandalism at Street / Sidewalk
SYN-2024-01048,2024-07-30,15:10:01,Theft / Larceny,Mission Commercial,District 3,37.804925,-122.457938,Residential Apartment,Reported Theft / Larceny at Residential Apartment
SYN-2024-01899,2024-07-30,19:10:33,Narcotics,South Rail Corridor,District 4,37.747806,-122.399896,Commercial Retail,Reported Narcotics at Commercial Retail
SYN-2024-02344,2024-07-30,20:40:43,Fraud,Downtown Central,District 1,37.778141,-122.417619,Bar / Restaurant,Reported Fraud at Bar / Restaurant
SYN-2024-02005,2024-07-30,22:55:53,Fraud,Westside Arts,District 5,37.778565,-122.435753,Residential Apartment,Reported Fraud at Residential Apartment
SYN-2024-00658,2024-07-30,23:18:46,Motor Vehicle Theft,Westside Arts,District 5,37.784679,-122.433231,Parking Facility,Reported Motor Vehicle Theft at Parking Facility
SYN-2024-03040,2024-07-30,23:46:56,Robbery,Westside Arts,District 5,37.772088,-122.43606,Residential Apartment,Reported Robbery at Residential Apartment
SYN-2024-02877,2024-07-31,09:54:04,Burglary,South Rail Corridor,District 4,37.740639,-122.390145,Commercial Retail,Reported Burglary at Commercial Retail
SYN-2024-03081,2024-07-31,11:26:59,Theft / Larceny,Mission Commercial,District 3,37.761109,-122.418511,Street / Sidewalk,Reported Theft / Larceny at Street / Sidewalk
SYN-2024-04109,2024-07-31,12:07:49,Burglary,Westside Arts,District 5,37.772216,-122.433573,Commercial Retail,Reported Burglary at Commercial Retail
SYN-2024-01099,2024-07-31,12:32:35,Vandalism,Waterfront Marina,District 2,37.802754,-122.434006,Commercial Retail,Reported Vandalism at Commercial Retail
SYN-2024-02451,2024-07-31,14:30:01,Public Disorder,Waterfront Marina,District 2,37.79659,-122.439356,Street / Sidewalk,Reported Public Disorder at Street / Sidewalk
SYN-2024-04199,2024-07-31,16:22:05,Narcotics,South Rail Corridor,District 4,37.742409,-122.394003,Park / Public Space,Reported Narcotics at Park / Public Space
SYN-2024-02924,2024-07-31,16:34:23,Robbery,Westside Arts,District 5,37.77449,-122.43555,Park / Public Space,Reported Robbery at Park / Public Space
SYN-2024-03128,2024-07-31,18:49:17,Vandalism,Downtown Central,District 1,37.769762,-122.411432,Commercial Retail,Reported Vandalism at Commercial Retail
SYN-2024-01178,2024-08-01,14:25:12,Vandalism,Downtown Central,District 1,37.783813,-122.407539,Commercial Retail,Reported Vandalism at Commercial Retail
SYN-2024-01900,2024-08-02,12:27:54,Motor Vehicle Theft,Mission Commercial,District 3,37.767554,-122.419674,Street / Sidewalk,Reported Motor Vehicle Theft at Street / Sidewalk
SYN-2024-03293,2024-08-02,12:39:58,Burglary,Waterfront Marina,District 2,37.805123,-122.434247,Commercial Retail,Reported Burglary at Commercial Retail
SYN-2024-01908,2024-08-02,19:03:45,Public Disorder,Downtown Central,District 1,37.776323,-122.419956,Street / Sidewalk,Reported Public Disorder at Street / Sidewalk
SYN-2024-02955,2024-08-02,21:26:38,Public Disorder,South Rail Corridor,District 4,37.751947,-122.392131,Street / Sidewalk,Reported Public Disorder at Street / Sidewalk
SYN-2024-03078,2024-08-03,01:51:58,Motor Vehicle Theft,Downtown Central,District 1,37.781117,-122.412046,Street / Sidewalk,Reported Motor Vehicle Theft at Street / Sidewalk
SYN-2024-01392,2024-08-03,04:54:02,Vandalism,Downtown Central,District 1,37.781487,-122.418468,Commercial Retail,Reported Vandalism at Commercial Retail
SYN-2024-04195,2024-08-03,07:22:59,Narcotics,South Rail Corridor,District 4,37.752748,-122.395497,Alleyway,Reported Narcotics at Alleyway
SYN-2024-03859,2024-08-03,14:37:31,Public Disorder,Waterfront Marina,District 2,37.794379,-122.432839,Park / Public Space,Reported Public Disorder at Park / Public Space
SYN-2024-00879,2024-08-03,16:00:41,Robbery,Downtown Central,District 1,37.788404,-122.420291,Park / Public Space,Reported Robbery at Park / Public Space
SYN-2024-00728,2024-08-03,17:01:58,Burglary,Westside Arts,District 5,37.775499,-122.434987,Residential Apartment,Reported Burglary at Residential Apartment
SYN-2024-00398,2024-08-03,17:26:01,Public Disorder,Downtown Central,District 1,37.778068,-122.417987,Park / Public Space,Reported Public Disorder at Park / Public Space
SYN-2024-03175,2024-08-03,18:13:40,Vandalism,Downtown Central,District 1,37.787725,-122.41757,Residential Apartment,Reported Vandalism at Residential Apartment
SYN-2024-00032,2024-08-03,18:42:06,Public Disorder,Mission Commercial,District 3,37.762626,-122.420322,,Reported Public Disorder at Park / Public Space
SYN-2024-03358,2024-08-04,08:32:46,Burglary,Waterfront Marina,District 2,37.804692,-122.439382,Commercial Retail,Reported Burglary at Commercial Retail
SYN-2024-03331,2024-08-04,12:59:28,Robbery,South Rail Corridor,District 4,37.736718,-122.388538,Residential Apartment,Reported Robbery at Residential Apartment
SYN-2024-03729,2024-08-04,13:31:08,Public Disorder,Waterfront Marina,District 2,37.803722,-122.437999,Street / Sidewalk,Reported Public Disorder at Street / Sidewalk
SYN-2024-04038,2024-08-04,13:38:36,Theft / Larceny,Downtown Central,District 1,37.77848,-122.410318,Bar / Restaurant,Reported Theft / Larceny at Bar / Restaurant
SYN-2024-02071,2024-08-04,13:44:50,Theft / Larceny,Waterfront Marina,District 2,37.803837,-122.432868,Parking Facility,Reported Theft / Larceny at Parking Facility
SYN-2024-02839,2024-08-04,14:02:50,Public Disorder,Waterfront Marina,District 2,37.805246,-122.437095,Bar / Restaurant,Reported Public Disorder at Bar / Restaurant
SYN-2024-00532,2024-08-04,15:12:35,Fraud,Mission Commercial,District 3,37.765956,-122.419095,Bar / Restaurant,Reported Fraud at Bar / Restaurant
SYN-2024-02659,2024-08-04,17:05:18,Narcotics,Westside Arts,District 5,37.777816,-122.436191,Alleyway,Reported Narcotics at Alleyway
SYN-2024-03749,2024-08-04,22:46:50,Public Disorder,Downtown Central,District 1,37.780794,-122.418719,Bar / Restaurant,Reported Public Disorder at Bar / Restaurant
SYN-2024-03631,2024-08-04,23:39:22,Theft / Larceny,Waterfront Marina,District 2,37.804823,-122.434938,Bar / Restaurant,Reported Theft / Larceny at Bar / Restaurant
SYN-2024-01501,2024-08-05,09:13:16,Public Disorder,Waterfront Marina,District 2,37.804329,-122.431762,Street / Sidewalk,Reported Public Disorder at Street / Sidewalk
SYN-2024-00668,2024-08-05,23:33:49,Burglary,Mission Commercial,District 3,37.75822,-122.418979,Residential Apartment,Reported Burglary at Residential Apartment
SYN-2024-02310,2024-08-06,08:50:21,Motor Vehicle Theft,Westside Arts,District 5,37.776839,-122.437588,Street / Sidewalk,Reported Motor Vehicle Theft at Street / Sidewalk
SYN-2024-00373,2024-08-06,12:18:13,Theft / Larceny,South Rail Corridor,District 4,37.756048,-122.406119,Alleyway,Reported Theft / Larceny at Alleyway
SYN-2024-00377,2024-08-06,14:06:13,Burglary,Mission Commercial,District 3,37.766161,-122.421451,Commercial Retail,Reported Burglary at Commercial Retail
SYN-2024-01348,2024-08-06,15:30:13,Vandalism,Downtown Central,District 1,37.783003,-122.412897,Commercial Retail,Reported Vandalism at Commercial Retail
SYN-2024-03084,2024-08-06,20:42:18,Burglary,Westside Arts,District 5,37.772006,-122.437819,Commercial Retail,Reported Burglary at Commercial Retail
SYN-2024-01054,2024-08-07,00:04:31,Motor Vehicle Theft,Mission Commercial,District 3,37.791918,-122.41093,Street / Sidewalk,Reported Motor Vehicle Theft at Street / Sidewalk
SYN-2024-03039,2024-08-07,09:14:55,Theft / Larceny,Westside Arts,District 5,37.772238,-122.433886,Street / Sidewalk,Reported Theft / Larceny at Street / Sidewalk
SYN-2024-03391,2024-08-07,09:44:04,Motor Vehicle Theft,Mission Commercial,District 3,37.757748,-122.418282,Parking Facility,Reported Motor Vehicle Theft at Parking Facility
SYN-2024-03810,2024-08-07,15:22:48,Theft / Larceny,Waterfront Marina,District 2,37.798531,-122.447521,Parking Facility,Reported Theft / Larceny at Parking Facility
SYN-2024-02250,2024-08-07,18:16:21,Public Disorder,Waterfront Marina,District 2,37.802588,-122.434242,Street / Sidewalk,Reported Public Disorder at Street / Sidewalk
SYN-2024-00464,2024-08-07,20:01:49,Assault,Waterfront Marina,District 2,37.796293,-122.437405,Street / Sidewalk,Reported Assault at Street / Sidewalk
SYN-2024-01815,2024-08-08,00:01:14,Vandalism,Downtown Central,District 1,37.792303,-122.406374,Alleyway,Reported Vandalism at Alleyway
SYN-2024-02424,2024-08-08,10:49:33,Narcotics,South Rail Corridor,District 4,37.741682,-122.381108,Street / Sidewalk,Reported Narcotics at Street / Sidewalk
SYN-2024-03393,2024-08-08,13:43:01,Motor Vehicle Theft,Downtown Central,District 1,37.78564,-122.411449,Parking Facility,Reported Motor Vehicle Theft at Parking Facility
SYN-2024-01227,2024-08-08,17:19:34,Motor Vehicle Theft,Westside Arts,District 5,37.781193,-122.441118,Street / Sidewalk,Reported Motor Vehicle Theft at Street / Sidewalk
SYN-2024-02531,2024-08-08,22:06:37,Robbery,Downtown Central,District 1,37.778709,-122.418359,Commercial Retail,Reported Robbery at Commercial Retail
SYN-2024-02017,2024-08-09,06:59:12,Motor Vehicle Theft,Mission Commercial,District 3,37.763096,-122.420195,Parking Facility,Reported Motor Vehicle Theft at Parking Facility
SYN-2024-04438,2024-08-09,12:23:24,Robbery,Waterfront Marina,District 2,37.79805,-122.44053,Bar / Restaurant,Reported Robbery at Bar / Restaurant
SYN-2024-02405,2024-08-09,14:25:53,Assault,Downtown Central,District 1,37.78967,-122.423142,Bar / Restaurant,Reported Assault at Bar / Restaurant
SYN-2024-01515,2024-08-09,15:27:06,Assault,Westside Arts,District 5,37.776099,-122.437924,Bar / Restaurant,Reported Assault at Bar / Restaurant
SYN-2024-02045,2024-08-09,17:20:47,Motor Vehicle Theft,Mission Commercial,District 3,37.761378,-122.416857,Parking Facility,Reported Motor Vehicle Theft at Parking Facility
SYN-2024-03360,2024-08-09,18:52:24,Motor Vehicle Theft,Mission Commercial,District 3,37.750709,-122.420673,Parking Facility,Reported Motor Vehicle Theft at Parking Facility
SYN-2024-00576,2024-08-09,20:17:00,Theft / Larceny,Westside Arts,District 5,37.776423,-122.426877,Park / Public Space,Reported Theft / Larceny at Park / Public Space
SYN-2024-03624,2024-08-09,20:21:02,Burglary,Mission Commercial,District 3,37.76625,-122.419753,Residential Apartment,Reported Burglary at Residential Apartment
SYN-2024-04025,2024-08-09,20:46:42,Vandalism,Downtown Central,District 1,37.768817,-122.419323,Commercial Retail,Reported Vandalism at Commercial Retail
SYN-2024-01177,2024-08-10,01:56:57,Motor Vehicle Theft,South Rail Corridor,District 4,37.808078,-122.391665,Parking Facility,Reported Motor Vehicle Theft at Parking Facility
SYN-2024-00262,2024-08-10,07:48:07,Burglary,Mission Commercial,District 3,37.762056,-122.41652,Commercial Retail,Reported Burglary at Commercial Retail
SYN-2024-03275,2024-08-10,08:03:41,Motor Vehicle Theft,Waterfront Marina,District 2,37.798522,-122.440926,Parking Facility,Reported Motor Vehicle Theft at Parking Facility
SYN-2024-03228,2024-08-10,12:53:13,Narcotics,Downtown Central,District 1,37.776147,-122.417069,Street / Sidewalk,Reported Narcotics at Street / Sidewalk
SYN-2024-03025,2024-08-10,13:30:28,Vandalism,South Rail Corridor,District 4,37.740709,-122.387237,Park / Public Space,Reported Vandalism at Park / Public Space
SYN-2024-03205,2024-08-10,13:56:34,Robbery,Waterfront Marina,District 2,37.792113,-122.439748,Residential Apartment,Reported Robbery at Residential Apartment
SYN-2024-02629,2024-08-10,16:22:24,Assault,Downtown Central,District 1,37.785114,-122.414951,Street / Sidewalk,Reported Assault at Street / Sidewalk
SYN-2024-02471,2024-08-10,17:00:57,Burglary,Waterfront Marina,District 2,37.801374,-122.444576,Commercial Retail,Reported Burglary at Commercial Retail
SYN-2024-00616,2024-08-10,22:10:57,Theft / Larceny,Westside Arts,District 5,37.781169,-122.438367,Commercial Retail,Reported Theft / Larceny at Commercial Retail
SYN-2024-02210,2024-08-11,07:21:21,Assault,Westside Arts,District 5,37.777801,-122.436902,Street / Sidewalk,Reported Assault at Street / Sidewalk
SYN-2024-01443,2024-08-11,08:00:41,Theft / Larceny,Downtown Central,District 1,37.776163,-122.412612,Street / Sidewalk,Reported Theft / Larceny at Street / Sidewalk
SYN-2024-03080,2024-08-11,16:08:12,Vandalism,Mission Commercial,District 3,37.765225,-122.415079,Transit Station,Reported Vandalism at Transit Station
SYN-2024-03211,2024-08-11,21:23:54,Vandalism,Downtown Central,District 1,37.784279,-122.410225,Alleyway,Reported Vandalism at Alleyway
SYN-2024-00759,2024-08-11,21:36:10,Theft / Larceny,South Rail Corridor,District 4,37.754245,-122.388941,Commercial Retail,Reported Theft / Larceny at Commercial Retail
SYN-2024-00448,2024-08-11,23:15:40,Public Disorder,Mission Commercial,District 3,37.76013,-122.41952,Park / Public Space,Reported Public Disorder at Park / Public Space
SYN-2024-02207,2024-08-12,09:35:09,Assault,Mission Commercial,District 3,37.763964,-122.421684,Bar / Restaurant,Reported Assault at Bar / Restaurant
SYN-2024-00393,2024-08-12,10:16:23,Burglary,Downtown Central,District 1,37.787625,-122.421891,Commercial Retail,Reported Burglary at Commercial Retail
SYN-2024-00295,2024-08-12,15:21:58,Vandalism,Westside Arts,District 5,37.781058,-122.438391,Park / Public Space,Reported Vandalism at Park / Public Space
SYN-2024-00291,2024-08-12,19:17:03,Burglary,Waterfront Marina,District 2,37.813886,-122.437029,Commercial Retail,Reported Burglary at Commercial Retail
SYN-2024-04368,2024-08-12,19:22:29,Theft / Larceny,Mission Commercial,District 3,37.761016,-122.422813,Parking Facility,Reported Theft / Larceny at Parking Facility
SYN-2024-01060,2024-08-12,20:19:28,Assault,Mission Commercial,District 3,37.760357,-122.420901,Bar / Restaurant,Reported Assault at Bar / Restaurant
SYN-2024-03835,2024-08-12,21:28:39,Burglary,Westside Arts,District 5,37.779976,-122.438312,Commercial Retail,Reported Burglary at Commercial Retail
SYN-2024-00190,2024-08-12,22:30:09,Narcotics,Mission Commercial,District 3,37.755701,-122.420374,Park / Public Space,Reported Narcotics at Park / Public Space
SYN-2024-03828,2024-08-12,23:27:49,Assault,Downtown Central,District 1,37.787071,-122.415285,Bar / Restaurant,Reported Assault at Bar / Restaurant
SYN-2024-02706,2024-08-13,03:01:37,Public Disorder,Downtown Central,District 1,37.776473,-122.419328,Bar / Restaurant,Reported Public Disorder at Bar / Restaurant
SYN-2024-02996,2024-08-13,08:48:12,Assault,Downtown Central,District 1,37.808438,-122.391232,Bar / Restaurant,Reported Assault at Bar / Restaurant
SYN-2024-03367,2024-08-13,09:37:35,Theft / Larceny,Downtown Central,District 1,37.779188,-122.421142,Residential Apartment,Reported Theft / Larceny at Residential Apartment
SYN-2024-04044,2024-08-13,10:44:09,Public Disorder,Downtown Central,District 1,37.772749,-122.416312,Street / Sidewalk,Reported Public Disorder at Street / Sidewalk
SYN-2024-04332,2024-08-13,10:55:44,Burglary,Westside Arts,District 5,37.773293,-122.439662,Commercial Retail,Reported Burglary at Commercial Retail
SYN-2024-00246,2024-08-13,11:34:18,Vandalism,Downtown Central,District 1,37.780791,-122.415457,Alleyway,Reported Vandalism at Alleyway
SYN-2024-02229,2024-08-13,11:37:34,Robbery,Downtown Central,District 1,37.785003,-122.418069,Residential Apartment,Reported Robbery at Residential Apartment
SYN-2024-02305,2024-08-13,15:12:30,Theft / Larceny,Westside Arts,District 5,37.776755,-122.437451,Parking Facility,Reported Theft / Larceny at Parking Facility
SYN-2024-03307,2024-08-13,18:46:10,Motor Vehicle Theft,Mission Commercial,District 3,37.762811,-122.416432,Parking Facility,Reported Motor Vehicle Theft at Parking Facility
SYN-2024-02418,2024-08-13,18:59:48,Burglary,Mission Commercial,District 3,37.761341,-122.414891,Residential Apartment,Reported Burglary at Residential Apartment
SYN-2024-02194,2024-08-13,21:01:47,Motor Vehicle Theft,Westside Arts,District 5,37.775092,-122.437165,Parking Facility,Reported Motor Vehicle Theft at Parking Facility
SYN-2024-02331,2024-08-13,22:58:15,Public Disorder,Mission Commercial,District 3,37.763578,-122.420674,Park / Public Space,Reported Public Disorder at Park / Public Space
SYN-2024-03141,2024-08-14,06:38:48,Robbery,Downtown Central,District 1,37.773962,-122.418629,Parking Facility,Reported Robbery at Parking Facility
SYN-2024-00300,2024-08-14,07:31:09,Theft / Larceny,Downtown Central,District 1,37.783928,-122.408311,Park / Public Space,Reported Theft / Larceny at Park / Public Space
SYN-2024-03701,2024-08-14,09:38:02,Burglary,Westside Arts,District 5,37.77795,-122.434772,Residential Apartment,Reported Burglary at Residential Apartment
SYN-2024-01646,2024-08-14,10:32:51,Motor Vehicle Theft,Westside Arts,District 5,37.7706,-122.430286,Street / Sidewalk,Reported Motor Vehicle Theft at Street / Sidewalk
SYN-2024-01125,2024-08-14,11:45:38,Theft / Larceny,Waterfront Marina,District 2,37.796446,-122.436142,Park / Public Space,Reported Theft / Larceny at Park / Public Space
SYN-2024-02022,2024-08-15,02:49:36,Theft / Larceny,Waterfront Marina,District 2,37.795939,-122.435138,Bar / Restaurant,Reported Theft / Larceny at Bar / Restaurant
SYN-2024-01770,2024-08-15,10:14:27,Assault,Mission Commercial,District 3,37.761063,-122.41831,Bar / Restaurant,Reported Assault at Bar / Restaurant
SYN-2024-04080,2024-08-15,10:33:23,Motor Vehicle Theft,Mission Commercial,District 3,37.760555,-122.419565,Street / Sidewalk,Reported Motor Vehicle Theft at Street / Sidewalk
SYN-2024-01051,2024-08-15,12:32:21,Theft / Larceny,Downtown Central,District 1,37.774676,-122.406975,Commercial Retail,Reported Theft / Larceny at Commercial Retail
SYN-2024-02963,2024-08-15,18:27:18,Public Disorder,Downtown Central,District 1,37.772402,-122.41487,Bar / Restaurant,Reported Public Disorder at Bar / Restaurant
SYN-2024-00137,2024-08-15,21:59:01,Burglary,Mission Commercial,District 3,37.763875,-122.419133,Commercial Retail,Reported Burglary at Commercial Retail
SYN-2024-02094,2024-08-16,11:11:35,Narcotics,South Rail Corridor,District 4,37.750747,-122.392865,Bar / Restaurant,Reported Narcotics at Bar / Restaurant
SYN-2024-03114,2024-08-16,13:02:49,Assault,South Rail Corridor,District 4,37.746126,-122.397092,Bar / Restaurant,Reported Assault at Bar / Restaurant
SYN-2024-01416,2024-08-16,14:19:57,Burglary,Westside Arts,District 5,37.771834,-122.436729,Residential Apartment,Reported Burglary at Residential Apartment
SYN-2024-02416,2024-08-16,16:43:22,Assault,Downtown Central,District 1,37.779546,-122.430158,Bar / Restaurant,Reported Assault at Bar / Restaurant
SYN-2024-03241,2024-08-16,16:57:43,Narcotics,Downtown Central,District 1,37.77881,-122.418359,Bar / Restaurant,Reported Narcotics at Bar / Restaurant
SYN-2024-03611,2024-08-16,19:54:35,Fraud,Westside Arts,District 5,37.775951,-122.436675,Transit Station,Reported Fraud at Transit Station
SYN-2024-00957,2024-08-17,00:06:20,Motor Vehicle Theft,Waterfront Marina,District 2,37.805429,-122.428152,Street / Sidewalk,Reported Motor Vehicle Theft at Street / Sidewalk
SYN-2024-02803,2024-08-17,06:08:59,Vandalism,Waterfront Marina,District 2,37.798312,-122.436018,Park / Public Space,Reported Vandalism at Park / Public Space
SYN-2024-03482,2024-08-17,09:40:03,Public Disorder,Downtown Central,District 1,37.782021,-122.417205,Park / Public Space,Reported Public Disorder at Park / Public Space
SYN-2024-03998,2024-08-17,10:41:28,Motor Vehicle Theft,Mission Commercial,District 3,37.760773,-122.41572,Street / Sidewalk,Reported Motor Vehicle Theft at Street / Sidewalk
SYN-2024-02897,2024-08-17,11:54:19,Motor Vehicle Theft,Mission Commercial,District 3,37.756126,-122.423976,Street / Sidewalk,Reported Motor Vehicle Theft at Street / Sidewalk
SYN-2024-02881,2024-08-17,14:39:03,Robbery,Downtown Central,District 1,37.790629,-122.384268,Commercial Retail,Reported Robbery at Commercial Retail
SYN-2024-03717,2024-08-17,20:35:49,Theft / Larceny,Downtown Central,District 1,37.779383,-122.41479,Parking Facility,Reported Theft / Larceny at Parking Facility
SYN-2024-00737,2024-08-17,21:34:28,Public Disorder,Downtown Central,District 1,37.784179,-122.430661,Bar / Restaurant,Reported Public Disorder at Bar / Restaurant
SYN-2024-01174,2024-08-18,09:54:14,Motor Vehicle Theft,Mission Commercial,District 3,37.76228,-122.411933,Parking Facility,Reported Motor Vehicle Theft at Parking Facility
SYN-2024-00482,2024-08-18,09:57:25,Burglary,Westside Arts,District 5,37.771805,-122.441574,Commercial Retail,Reported Burglary at Commercial Retail
SYN-2024-02880,2024-08-18,11:32:01,Theft / Larceny,Westside Arts,District 5,37.775116,-122.437003,Alleyway,Reported Theft / Larceny at Alleyway
SYN-2024-04177,2024-08-18,11:51:15,Narcotics,Waterfront Marina,District 2,37.806323,-122.432281,Park / Public Space,Reported Narcotics at Park / Public Space
SYN-2024-03347,2024-08-18,12:59:06,Fraud,Downtown Central,District 1,37.777113,-122.41574,Parking Facility,Reported Fraud at Parking Facility
SYN-2024-04218,2024-08-18,14:46:20,Motor Vehicle Theft,Westside Arts,District 5,37.783999,-122.43912,Parking Facility,Reported Motor Vehicle Theft at Parking Facility
SYN-2024-01189,2024-08-18,19:45:25,Public Disorder,Downtown Central,District 1,37.77669,-122.420609,Street / Sidewalk,Reported Public Disorder at Street / Sidewalk
SYN-2024-02209,2024-08-18,23:12:21,Vandalism,Mission Commercial,District 3,37.761966,-122.417542,Alleyway,Reported Vandalism at Alleyway
SYN-2024-04309,2024-08-19,00:23:41,Assault,Mission Commercial,District 3,37.758246,-122.420979,Street / Sidewalk,Reported Assault at Street / Sidewalk
SYN-2024-01758,2024-08-19,07:58:43,Motor Vehicle Theft,South Rail Corridor,District 4,37.743842,-122.393012,Street / Sidewalk,Reported Motor Vehicle Theft at Street / Sidewalk
SYN-2024-03299,2024-08-19,11:42:20,Assault,South Rail Corridor,District 4,37.746842,-122.39046,Park / Public Space,Reported Assault at Park / Public Space
SYN-2024-00337,2024-08-19,12:08:06,Assault,Mission Commercial,District 3,37.734115,-122.384123,Bar / Restaurant,Reported Assault at Bar / Restaurant
SYN-2024-00215,2024-08-19,12:52:54,Narcotics,Downtown Central,District 1,37.774581,-122.412811,Street / Sidewalk,Reported Narcotics at Street / Sidewalk
SYN-2024-02627,2024-08-19,16:26:47,Motor Vehicle Theft,Waterfront Marina,District 2,37.811315,-122.437961,Parking Facility,Reported Motor Vehicle Theft at Parking Facility
SYN-2024-00961,2024-08-19,19:45:05,Public Disorder,Mission Commercial,District 3,37.759749,-122.421704,Bar / Restaurant,Reported Public Disorder at Bar / Restaurant
SYN-2024-03633,2024-08-19,23:17:57,Narcotics,Westside Arts,District 5,37.77692,-122.433712,Alleyway,Reported Narcotics at Alleyway
SYN-2024-01769,2024-08-20,09:33:38,Burglary,Westside Arts,District 5,37.772559,-122.441302,Commercial Retail,Reported Burglary at Commercial Retail
SYN-2024-03777,2024-08-20,13:18:03,Narcotics,South Rail Corridor,District 4,37.751183,-122.391075,Residential Apartment,Reported Narcotics at Residential Apartment
SYN-2024-04089,2024-08-20,13:43:21,Vandalism,Downtown Central,District 1,37.778314,-122.414427,Transit Station,Reported Vandalism at Transit Station
SYN-2024-01151,2024-08-21,14:02:38,Assault,Downtown Central,District 1,37.779845,-122.418522,Park / Public Space,Reported Assault at Park / Public Space
SYN-2024-01224,2024-08-21,18:41:35,Vandalism,Waterfront Marina,District 2,37.807773,-122.434995,Transit Station,Reported Vandalism at Transit Station
SYN-2024-01630,2024-08-21,21:08:16,Motor Vehicle Theft,Mission Commercial,District 3,37.760769,-122.418649,Parking Facility,Reported Motor Vehicle Theft at Parking Facility
SYN-2024-00867,2024-08-22,13:17:12,Vandalism,South Rail Corridor,District 4,37.754437,-122.390197,Residential Apartment,Reported Vandalism at Residential Apartment
SYN-2024-00851,2024-08-22,20:19:26,Public Disorder,Waterfront Marina,District 2,37.795696,-122.384411,Park / Public Space,Reported Public Disorder at Park / Public Space
SYN-2024-03578,2024-08-23,10:13:39,Public Disorder,Waterfront Marina,District 2,37.801457,-122.446089,Park / Public Space,Reported Public Disorder at Park / Public Space
SYN-2024-00198,2024-08-23,12:17:12,Motor Vehicle Theft,South Rail Corridor,District 4,37.789418,-122.410806,Street / Sidewalk,Reported Motor Vehicle Theft at Street / Sidewalk
SYN-2024-04439,2024-08-23,14:26:40,Public Disorder,Waterfront Marina,District 2,37.799887,-122.431607,Park / Public Space,Reported Public Disorder at Park / Public Space
SYN-2024-00896,2024-08-23,16:26:33,Burglary,Mission Commercial,District 3,37.760028,-122.418698,Residential Apartment,Reported Burglary at Residential Apartment
SYN-2024-00092,2024-08-23,17:22:14,Burglary,Westside Arts,District 5,37.779264,-122.43796,Residential Apartment,Reported Burglary at Residential Apartment
SYN-2024-00409,2024-08-23,18:10:06,Assault,Downtown Central,District 1,37.778373,-122.418439,Park / Public Space,Reported Assault at Park / Public Space
SYN-2024-00572,2024-08-23,19:20:14,Public Disorder,Downtown Central,District 1,37.784699,-122.414162,Street / Sidewalk,Reported Public Disorder at Street / Sidewalk
SYN-2024-04360,2024-08-23,19:26:02,Theft / Larceny,Downtown Central,District 1,37.782202,-122.422561,Residential Apartment,Reported Theft / Larceny at Residential Apartment
SYN-2024-01563,2024-08-23,20:04:15,Robbery,Downtown Central,District 1,37.780232,-122.418337,Commercial Retail,Reported Robbery at Commercial Retail
SYN-2024-03148,2024-08-23,21:01:40,Public Disorder,Waterfront Marina,District 2,37.801229,-122.435353,Park / Public Space,Reported Public Disorder at Park / Public Space
SYN-2024-02613,2024-08-24,00:50:58,Vandalism,Downtown Central,District 1,37.777467,-122.424852,Street / Sidewalk,Reported Vandalism at Street / Sidewalk
SYN-2024-01455,2024-08-24,02:29:26,Assault,Mission Commercial,District 3,37.764267,-122.41965,Bar / Restaurant,Reported Assault at Bar / Restaurant
SYN-2024-00212,2024-08-24,09:13:32,Theft / Larceny,Mission Commercial,District 3,37.764907,-122.418513,Alleyway,Reported Theft / Larceny at Alleyway
SYN-2024-00868,2024-08-24,10:27:30,Vandalism,Downtown Central,District 1,37.77853,-122.413133,Street / Sidewalk,Reported Vandalism at Street / Sidewalk
SYN-2024-03190,2024-08-24,12:16:50,Assault,Mission Commercial,District 3,37.760001,-122.415727,Bar / Restaurant,Reported Assault at Bar / Restaurant
SYN-2024-04226,2024-08-25,03:20:43,Burglary,Waterfront Marina,District 2,37.805865,-122.434194,Commercial Retail,Reported Burglary at Commercial Retail
SYN-2024-03544,2024-08-25,10:12:57,Narcotics,South Rail Corridor,District 4,37.746804,-122.387781,Bar / Restaurant,Reported Narcotics at Bar / Restaurant
SYN-2024-03046,2024-08-25,10:41:58,Narcotics,Downtown Central,District 1,37.781104,-122.417004,Transit Station,Reported Narcotics at Transit Station
SYN-2024-01878,2024-08-25,12:31:53,Public Disorder,Downtown Central,District 1,37.779575,-122.414163,Street / Sidewalk,Reported Public Disorder at Street / Sidewalk
SYN-2024-02215,2024-08-25,12:49:40,Vandalism,Downtown Central,District 1,37.785206,-122.41793,Transit Station,Reported Vandalism at Transit Station
SYN-2024-04489,2024-08-25,13:04:27,Motor Vehicle Theft,South Rail Corridor,District 4,37.744949,-122.381259,Parking Facility,Reported Motor Vehicle Theft at Parking Facility
SYN-2024-03696,2024-08-25,13:39:28,Fraud,Westside Arts,District 5,37.770159,-122.435182,Alleyway,Reported Fraud at Alleyway
SYN-2024-02984,2024-08-25,16:38:21,Theft / Larceny,Downtown Central,District 1,37.772163,-122.411262,Commercial Retail,Reported Theft / Larceny at Commercial Retail
SYN-2024-04392,2024-08-25,17:02:39,Motor Vehicle Theft,South Rail Corridor,District 4,37.750563,-122.382967,Parking Facility,Reported Motor Vehicle Theft at Parking Facility
SYN-2024-02624,2024-08-25,17:37:20,Vandalism,Downtown Central,District 1,37.771367,-122.419876,Transit Station,Reported Vandalism at Transit Station
SYN-2024-01532,2024-08-25,20:34:15,Vandalism,Waterfront Marina,District 2,37.798973,-122.432128,Park / Public Space,Reported Vandalism at Park / Public Space
SYN-2024-00002,2024-08-26,01:12:45,Fraud,Westside Arts,District 5,37.77372,-122.427851,Residential Apartment,Reported Fraud at Residential Apartment
SYN-2024-00002,2024-08-26,01:12:45,Fraud,Westside Arts,District 5,37.77372,-122.427851,Residential Apartment,Reported Fraud at Residential Apartment
SYN-2024-01281,2024-08-26,10:45:05,Theft / Larceny,Mission Commercial,District 3,37.763865,-122.407757,Residential Apartment,Reported Theft / Larceny at Residential Apartment
SYN-2024-02679,2024-08-26,11:57:53,Burglary,Westside Arts,District 5,37.776815,-122.433655,Residential Apartment,Reported Burglary at Residential Apartment
SYN-2024-01071,2024-08-26,15:26:19,Public Disorder,Westside Arts,District 5,37.771628,-122.436467,Bar / Restaurant,Reported Public Disorder at Bar / Restaurant
SYN-2024-04348,2024-08-26,23:47:01,Theft / Larceny,Mission Commercial,District 3,37.759797,-122.420912,Street / Sidewalk,Reported Theft / Larceny at Street / Sidewalk
SYN-2024-01256,2024-08-27,00:03:52,Assault,Mission Commercial,District 3,37.764902,-122.417898,Bar / Restaurant,Reported Assault at Bar / Restaurant
SYN-2024-03317,2024-08-27,11:46:46,Fraud,Westside Arts,District 5,37.773597,-122.440297,Parking Facility,Reported Fraud at Parking Facility
SYN-2024-00134,2024-08-27,12:51:50,Public Disorder,Mission Commercial,District 3,37.756104,-122.420846,Street / Sidewalk,Reported Public Disorder at Street / Sidewalk
SYN-2024-04334,2024-08-27,16:32:41,Vandalism,South Rail Corridor,District 4,37.751675,-122.399198,Commercial Retail,Reported Vandalism at Commercial Retail
SYN-2024-00765,2024-08-27,19:48:29,Fraud,Westside Arts,District 5,37.77735,-122.429292,Commercial Retail,Reported Fraud at Commercial Retail
SYN-2024-02237,2024-08-27,21:17:24,Assault,Westside Arts,District 5,37.773217,-122.428468,Street / Sidewalk,Reported Assault at Street / Sidewalk
SYN-2024-02067,2024-08-27,21:57:50,Theft / Larceny,Downtown Central,District 1,37.782226,-122.424269,Commercial Retail,Reported Theft / Larceny at Commercial Retail
SYN-2024-01742,2024-08-27,22:05:36,Burglary,Mission Commercial,District 3,37.782309,-122.397696,Commercial Retail,Reported Burglary at Commercial Retail
SYN-2024-04450,2024-08-28,04:41:26,Burglary,Downtown Central,District 1,37.805683,-122.430511,Residential Apartment,Reported Burglary at Residential Apartment
SYN-2024-03216,2024-08-28,06:27:43,Motor Vehicle Theft,Mission Commercial,District 3,37.75855,-122.415856,Street / Sidewalk,Reported Motor Vehicle Theft at Street / Sidewalk
SYN-2024-02477,2024-08-28,12:00:06,Theft / Larceny,Waterfront Marina,District 2,37.805659,-122.43052,Transit Station,Reported Theft / Larceny at Transit Station
SYN-2024-00354,2024-08-28,14:36:28,Vandalism,Downtown Central,District 1,37.772014,-122.416885,Park / Public Space,Reported Vandalism at Park / Public Space
SYN-2024-01129,2024-08-28,16:24:38,Motor Vehicle Theft,South Rail Corridor,District 4,37.756274,-122.39236,Parking Facility,Reported Motor Vehicle Theft at Parking Facility
SYN-2024-01538,2024-08-28,17:18:50,Theft / Larceny,Mission Commercial,District 3,37.766805,-122.42282,Parking Facility,Reported Theft / Larceny at Parking Facility
SYN-2024-03048,2024-08-28,18:30:48,Motor Vehicle Theft,Westside Arts,District 5,37.774866,-122.426198,Street / Sidewalk,Reported Motor Vehicle Theft at Street / Sidewalk
SYN-2024-01406,2024-08-28,20:42:20,Vandalism,Downtown Central,District 1,37.735287,-122.389989,Parking Facility,Reported Vandalism at Parking Facility
SYN-2024-03411,2024-08-29,15:11:29,Burglary,South Rail Corridor,District 4,37.747626,-122.400588,Residential Apartment,Reported Burglary at Residential Apartment
SYN-2024-00659,2024-08-29,21:23:37,Fraud,Westside Arts,District 5,37.781736,-122.442044,Street / Sidewalk,Reported Fraud at Street / Sidewalk
SYN-2024-00645,2024-08-29,22:13:09,Public Disorder,Downtown Central,District 1,37.778827,-122.410597,Street / Sidewalk,Reported Public Disorder at Street / Sidewalk
SYN-2024-00864,2024-08-30,02:53:21,Assault,Mission Commercial,District 3,37.758867,-122.414527,Bar / Restaurant,Reported Assault at Bar / Restaurant
SYN-2024-00201,2024-08-30,08:42:33,Assault,Downtown Central,District 1,37.772437,-122.421262,Bar / Restaurant,Reported Assault at Bar / Restaurant
SYN-2024-04417,2024-08-30,12:10:11,Public Disorder,Westside Arts,District 5,37.77132,-122.428472,Street / Sidewalk,Reported Public Disorder at Street / Sidewalk
SYN-2024-02705,2024-08-30,15:19:24,Public Disorder,Downtown Central,District 1,37.779499,-122.420596,Bar / Restaurant,Reported Public Disorder at Bar / Restaurant
SYN-2024-00249,2024-08-30,18:44:22,Public Disorder,Waterfront Marina,District 2,37.802807,-122.434114,Park / Public Space,Reported Public Disorder at Park / Public Space
SYN-2024-01297,2024-08-30,19:15:31,Vandalism,Mission Commercial,District 3,37.762101,-122.416171,Commercial Retail,Reported Vandalism at Commercial Retail
SYN-2024-03439,2024-08-30,19:47:01,Vandalism,Waterfront Marina,District 2,37.806514,-122.438044,Bar / Restaurant,Reported Vandalism at Bar / Restaurant
SYN-2024-01001,2024-08-30,21:46:57,Fraud,Mission Commercial,District 3,37.765829,-122.413895,Street / Sidewalk,Reported Fraud at Street / Sidewalk
SYN-2024-01556,2024-08-31,14:20:02,Robbery,Downtown Central,District 1,37.777567,-122.418808,Parking Facility,Reported Robbery at Parking Facility
SYN-2024-02966,2024-08-31,17:23:48,Burglary,Mission Commercial,District 3,37.76111,-122.424943,Commercial Retail,Reported Burglary at Commercial Retail
SYN-2024-03796,2024-08-31,18:25:20,Vandalism,Downtown Central,District 1,37.783133,-122.406874,Bar / Restaurant,Reported Vandalism at Bar / Restaurant
SYN-2024-03117,2024-08-31,18:36:27,Public Disorder,Downtown Central,District 1,37.783618,-122.420846,Bar / Restaurant,Reported Public Disorder at Bar / Restaurant
SYN-2024-04446,2024-08-31,18:54:01,Burglary,Downtown Central,District 1,37.777066,-122.417254,Commercial Retail,Reported Burglary at Commercial Retail
SYN-2024-01545,2024-08-31,18:56:01,Motor Vehicle Theft,Westside Arts,District 5,37.770997,-122.438737,Parking Facility,Reported Motor Vehicle Theft at Parking Facility
SYN-2024-00747,2024-08-31,20:54:03,Assault,Mission Commercial,District 3,37.760804,-122.422567,Park / Public Space,Reported Assault at Park / Public Space
SYN-2024-02783,2024-08-31,21:22:51,Narcotics,South Rail Corridor,District 4,37.746986,-122.392566,Alleyway,Reported Narcotics at Alleyway
SYN-2024-00269,2024-09-01,06:27:07,Assault,Mission Commercial,District 3,37.758642,-122.421083,Street / Sidewalk,Reported Assault at Street / Sidewalk
SYN-2024-02896,2024-09-01,08:49:07,Motor Vehicle Theft,Downtown Central,District 1,37.777512,-122.422473,Street / Sidewalk,Reported Motor Vehicle Theft at Street / Sidewalk
SYN-2024-01274,2024-09-01,11:27:21,Assault,Downtown Central,District 1,37.784321,-122.414064,Park / Public Space,Reported Assault at Park / Public Space
SYN-2024-03426,2024-09-01,16:43:52,Fraud,South Rail Corridor,District 4,37.758881,-122.388964,Transit Station,Reported Fraud at Transit Station
SYN-2024-03638,2024-09-02,10:51:11,Motor Vehicle Theft,Mission Commercial,District 3,37.761796,-122.41269,Parking Facility,Reported Motor Vehicle Theft at Parking Facility
SYN-2024-00078,2024-09-02,12:00:35,Motor Vehicle Theft,Mission Commercial,District 3,37.76559,-122.413915,Street / Sidewalk,Reported Motor Vehicle Theft at Street / Sidewalk
SYN-2024-01356,2024-09-02,12:19:12,Burglary,Waterfront Marina,District 2,37.796648,-122.440775,Commercial Retail,Reported Burglary at Commercial Retail
SYN-2024-04421,2024-09-02,16:19:17,Vandalism,Waterfront Marina,District 2,37.785376,-122.380363,Transit Station,Reported Vandalism at Transit Station
SYN-2024-04311,2024-09-02,17:04:33,Burglary,Waterfront Marina,District 2,37.802645,-122.440638,Residential Apartment,Reported Burglary at Residential Apartment
SYN-2024-03551,2024-09-02,17:14:54,Motor Vehicle Theft,South Rail Corridor,District 4,37.815567,-122.452166,Street / Sidewalk,Reported Motor Vehicle Theft at Street / Sidewalk
SYN-2024-03122,2024-09-02,19:20:33,Burglary,Downtown Central,District 1,37.781342,-122.42003,Commercial Retail,Reported Burglary at Commercial Retail
SYN-2024-00207,2024-09-02,19:24:29,Vandalism,Mission Commercial,District 3,37.76332,-122.422009,Transit Station,Reported Vandalism at Transit Station
SYN-2024-04082,2024-09-03,11:23:00,Vandalism,South Rail Corridor,District 4,37.750409,-122.404042,Residential Apartment,Reported Vandalism at Residential Apartment
SYN-2024-03229,2024-09-03,14:49:21,Theft / Larceny,Waterfront Marina,District 2,37.805176,-122.436469,Transit Station,Reported Theft / Larceny at Transit Station
SYN-2024-03801,2024-09-03,18:23:41,Public Disorder,Waterfront Marina,District 2,37.802285,-122.442008,Street / Sidewalk,Reported Public Disorder at Street / Sidewalk
SYN-2024-01725,2024-09-03,19:11:51,Burglary,Downtown Central,District 1,37.777085,-122.41725,Commercial Retail,Reported Burglary at Commercial Retail
SYN-2024-03847,2024-09-03,22:28:55,Public Disorder,Waterfront Marina,District 2,37.79749,-122.441923,Street / Sidewalk,Reported Public Disorder at Street / Sidewalk
SYN-2024-00907,2024-09-03,23:36:02,Motor Vehicle Theft,Mission Commercial,District 3,37.738389,-122.435312,Street / Sidewalk,Reported Motor Vehicle Theft at Street / Sidewalk
SYN-2024-02638,2024-09-04,08:39:37,Burglary,South Rail Corridor,District 4,37.766102,-122.40333,Commercial Retail,Reported Burglary at Commercial Retail
SYN-2024-02739,2024-09-04,10:07:57,Fraud,Waterfront Marina,District 2,37.802467,-122.436901,Bar / Restaurant,Reported Fraud at Bar / Restaurant
SYN-2024-00165,2024-09-04,11:15:09,Assault,Downtown Central,District 1,37.768283,-122.410944,Street / Sidewalk,Reported Assault at Street / Sidewalk
SYN-2024-00547,2024-09-04,17:12:33,Burglary,Downtown Central,District 1,37.779625,-122.416958,Residential Apartment,Reported Burglary at Residential Apartment
SYN-2024-03718,2024-09-04,21:44:12,Vandalism,Mission Commercial,District 3,37.765008,-122.417935,Park / Public Space,Reported Vandalism at Park / Public Space
SYN-2024-03925,2024-09-05,15:08:31,Theft / Larceny,Westside Arts,District 5,37.771921,-122.433442,Parking Facility,Reported Theft / Larceny at Parking Facility
SYN-2024-03880,2024-09-05,15:19:40,Motor Vehicle Theft,Mission Commercial,District 3,37.77125,-122.418311,Street / Sidewalk,Reported Motor Vehicle Theft at Street / Sidewalk
SYN-2024-03127,2024-09-05,17:56:41,Vandalism,Downtown Central,District 1,37.781825,-122.418964,Alleyway,Reported Vandalism at Alleyway
SYN-2024-03383,2024-09-05,19:25:40,Theft / Larceny,Westside Arts,District 5,37.779568,-122.43486,Commercial Retail,Reported Theft / Larceny at Commercial Retail
SYN-2024-02097,2024-09-05,20:52:44,Robbery,Downtown Central,District 1,37.783389,-122.421429,Parking Facility,Reported Robbery at Parking Facility
SYN-2024-03098,2024-09-06,03:32:07,Assault,Mission Commercial,District 3,37.757836,-122.412784,Park / Public Space,Reported Assault at Park / Public Space
SYN-2024-00238,2024-09-06,16:21:35,Burglary,Mission Commercial,District 3,37.762278,-122.413607,Commercial Retail,Reported Burglary at Commercial Retail
SYN-2024-00888,2024-09-06,18:40:34,Theft / Larceny,Downtown Central,District 1,37.78276,-122.420254,Transit Station,Reported Theft / Larceny at Transit Station
SYN-2024-02753,2024-09-06,19:42:04,Burglary,Westside Arts,District 5,37.776653,-122.436206,Commercial Retail,Reported Burglary at Commercial Retail
SYN-2024-02738,2024-09-06,20:09:55,Assault,Mission Commercial,District 3,37.7563,-122.430712,Park / Public Space,Reported Assault at Park / Public Space
SYN-2024-03834,2024-09-06,20:58:20,Assault,Downtown Central,District 1,37.775587,-122.419678,Bar / Restaurant,Reported Assault at Bar / Restaurant
SYN-2024-03385,2024-09-07,07:49:29,Vandalism,Mission Commercial,District 3,37.730513,-122.451584,Street / Sidewalk,Reported Vandalism at Street / Sidewalk
SYN-2024-01799,2024-09-07,11:45:54,Robbery,Downtown Central,District 1,37.786203,-122.423686,Transit Station,Reported Robbery at Transit Station
SYN-2024-00027,2024-09-07,13:10:28,Assault,Waterfront Marina,District 2,37.803896,-122.442055,Park / Public Space,Reported Assault at Park / Public Space
SYN-2024-02813,2024-09-07,13:42:52,Fraud,Waterfront Marina,District 2,37.799412,-122.438078,Bar / Restaurant,Reported Fraud at Bar / Restaurant
SYN-2024-02507,2024-09-07,16:43:09,Assault,Downtown Central,District 1,37.769874,-122.415659,Park / Public Space,Reported Assault at Park / Public Space
SYN-2024-02112,2024-09-08,00:39:26,Fraud,Mission Commercial,District 3,37.762283,-122.419315,Bar / Restaurant,Reported Fraud at Bar / Restaurant
SYN-2024-02323,2024-09-08,08:30:40,Fraud,Mission Commercial,District 3,37.762599,-122.424029,Street / Sidewalk,Reported Fraud at Street / Sidewalk
SYN-2024-01395,2024-09-08,10:01:27,Vandalism,Mission Commercial,District 3,37.759344,-122.423021,Transit Station,Reported Vandalism at Transit Station
SYN-2024-00492,2024-09-08,15:25:47,Vandalism,Downtown Central,District 1,37.769739,-122.413303,Street / Sidewalk,Reported Vandalism at Street / Sidewalk
SYN-2024-01219,2024-09-08,18:17:01,Narcotics,Mission Commercial,District 3,37.7532,-122.416325,Residential Apartment,Reported Narcotics at Residential Apartment
SYN-2024-03090,2024-09-08,22:22:16,Motor Vehicle Theft,South Rail Corridor,District 4,37.74743,-122.382157,Street / Sidewalk,Reported Motor Vehicle Theft at Street / Sidewalk
SYN-2024-03615,2024-09-09,01:24:41,Theft / Larceny,Downtown Central,District 1,37.770923,-122.416112,Commercial Retail,Reported Theft / Larceny at Commercial Retail
SYN-2024-02260,2024-09-09,01:50:06,Assault,Mission Commercial,District 3,37.757522,-122.420578,Street / Sidewalk,Reported Assault at Street / Sidewalk
SYN-2024-02616,2024-09-09,11:57:25,Vandalism,Westside Arts,District 5,37.774756,-122.434826,Park / Public Space,Reported Vandalism at Park / Public Space
SYN-2024-00869,2024-09-09,12:03:11,Theft / Larceny,Downtown Central,District 1,37.768664,-122.415167,Park / Public Space,Reported Theft / Larceny at Park / Public Space
SYN-2024-00227,2024-09-09,15:39:12,Motor Vehicle Theft,Mission Commercial,District 3,37.757251,-122.41416,Street / Sidewalk,Reported Motor Vehicle Theft at Street / Sidewalk
SYN-2024-03979,2024-09-09,17:08:38,Narcotics,South Rail Corridor,District 4,37.749618,-122.395974,Transit Station,Reported Narcotics at Transit Station
SYN-2024-01660,2024-09-09,20:16:21,Theft / Larceny,Westside Arts,District 5,37.775691,-122.437506,Bar / Restaurant,Reported Theft / Larceny at Bar / Restaurant
SYN-2024-00774,2024-09-09,21:56:31,Assault,Mission Commercial,District 3,37.754563,-122.426129,Park / Public Space,Reported Assault at Park / Public Space
SYN-2024-00053,2024-09-10,10:01:39,Public Disorder,Downtown Central,District 1,37.784082,-122.418731,Park / Public Space,Reported Public Disorder at Park / Public Space
SYN-2024-03070,2024-09-10,13:47:33,Fraud,Downtown Central,District 1,37.777434,-122.416583,Street / Sidewalk,Reported Fraud at Street / Sidewalk
SYN-2024-03313,2024-09-10,20:02:03,Motor Vehicle Theft,Waterfront Marina,District 2,37.794724,-122.448542,Street / Sidewalk,Reported Motor Vehicle Theft at Street / Sidewalk
SYN-2024-03970,2024-09-11,07:56:33,Public Disorder,Waterfront Marina,District 2,37.806828,-122.442195,Bar / Restaurant,Reported Public Disorder at Bar / Restaurant
SYN-2024-04240,2024-09-11,08:57:44,Burglary,Downtown Central,District 1,37.783939,-122.413673,Commercial Retail,Reported Burglary at Commercial Retail
SYN-2024-01809,2024-09-11,14:11:16,Theft / Larceny,Mission Commercial,District 3,37.756719,-122.424414,Street / Sidewalk,Reported Theft / Larceny at Street / Sidewalk
SYN-2024-00814,2024-09-11,17:42:55,Burglary,Mission Commercial,District 3,37.787427,-122.384645,Residential Apartment,Reported Burglary at Residential Apartment
SYN-2024-00362,2024-09-11,22:18:28,Theft / Larceny,Waterfront Marina,District 2,37.798352,-122.43813,Transit Station,Reported Theft / Larceny at Transit Station
SYN-2024-02810,2024-09-11,22:23:23,Fraud,Downtown Central,District 1,37.817257,-122.44302,Park / Public Space,Reported Fraud at Park / Public Space
SYN-2024-00446,2024-09-11,23:15:47,Burglary,South Rail Corridor,District 4,37.755297,-122.392711,Residential Apartment,Reported Burglary at Residential Apartment
SYN-2024-01599,2024-09-12,00:23:58,Narcotics,South Rail Corridor,District 4,37.752762,-122.394993,Alleyway,Reported Narcotics at Alleyway
SYN-2024-00784,2024-09-12,10:05:01,Narcotics,Mission Commercial,District 3,37.759384,-122.420307,Park / Public Space,Reported Narcotics at Park / Public Space
SYN-2024-01828,2024-09-12,10:29:11,Assault,Downtown Central,District 1,37.781266,-122.415052,Street / Sidewalk,Reported Assault at Street / Sidewalk
SYN-2024-02909,2024-09-12,12:54:01,Public Disorder,Waterfront Marina,District 2,37.799565,-122.428241,Park / Public Space,Reported Public Disorder at Park / Public Space
SYN-2024-03496,2024-09-12,13:29:35,Motor Vehicle Theft,Downtown Central,District 1,37.779615,-122.42125,Street / Sidewalk,Reported Motor Vehicle Theft at Street / Sidewalk
SYN-2024-03028,2024-09-12,13:35:47,Assault,Mission Commercial,District 3,37.764302,-122.419352,Street / Sidewalk,Reported Assault at Street / Sidewalk
SYN-2024-04249,2024-09-12,14:02:31,Motor Vehicle Theft,Mission Commercial,District 3,37.754489,-122.420439,Parking Facility,Reported Motor Vehicle Theft at Parking Facility
SYN-2024-01974,2024-09-12,18:14:19,Burglary,Downtown Central,District 1,37.78471,-122.42356,Commercial Retail,Reported Burglary at Commercial Retail
SYN-2024-02241,2024-09-13,10:30:34,Theft / Larceny,Mission Commercial,District 3,37.755186,-122.420514,Street / Sidewalk,Reported Theft / Larceny at Street / Sidewalk
SYN-2024-00428,2024-09-13,16:25:06,Burglary,Westside Arts,District 5,37.772303,-122.437867,Commercial Retail,Reported Burglary at Commercial Retail
SYN-2024-02540,2024-09-13,18:25:34,Fraud,Downtown Central,District 1,37.775209,-122.421183,Parking Facility,Reported Fraud at Parking Facility
SYN-2024-03378,2024-09-13,23:56:01,Vandalism,Westside Arts,District 5,37.779837,-122.436337,Park / Public Space,Reported Vandalism at Park / Public Space
SYN-2024-04006,2024-09-14,11:50:51,Burglary,Downtown Central,District 1,37.776104,-122.410374,Commercial Retail,Reported Burglary at Commercial Retail
SYN-2024-00637,2024-09-14,14:48:35,Theft / Larceny,Downtown Central,District 1,37.781833,-122.40505,Parking Facility,Reported Theft / Larceny at Parking Facility
SYN-2024-02816,2024-09-15,01:27:38,Motor Vehicle Theft,Mission Commercial,District 3,37.759306,-122.424016,Street / Sidewalk,Reported Motor Vehicle Theft at Street / Sidewalk
SYN-2024-01867,2024-09-15,07:14:00,Assault,Mission Commercial,District 3,37.759414,-122.420001,Park / Public Space,Reported Assault at Park / Public Space
SYN-2024-01315,2024-09-15,10:01:19,Vandalism,Downtown Central,District 1,37.783498,-122.418562,Park / Public Space,Reported Vandalism at Park / Public Space
SYN-2024-01360,2024-09-15,13:35:25,Public Disorder,Downtown Central,District 1,37.764882,-122.412875,Street / Sidewalk,Reported Public Disorder at Street / Sidewalk
SYN-2024-02680,2024-09-16,00:36:34,Assault,Mission Commercial,District 3,37.760192,-122.415313,Street / Sidewalk,Reported Assault at Street / Sidewalk
SYN-2024-00678,2024-09-16,16:49:32,Assault,Downtown Central,District 1,37.780982,-122.412633,Street / Sidewalk,Reported Assault at Street / Sidewalk
SYN-2024-01340,2024-09-16,18:31:11,Vandalism,South Rail Corridor,District 4,37.784101,-122.425861,Parking Facility,Reported Vandalism at Parking Facility
SYN-2024-01743,2024-09-17,01:27:25,Assault,South Rail Corridor,District 4,37.74752,-122.399098,Park / Public Space,Reported Assault at Park / Public Space
SYN-2024-00463,2024-09-17,14:25:00,Narcotics,Westside Arts,District 5,37.778049,-122.435126,Street / Sidewalk,Reported Narcotics at Street / Sidewalk
SYN-2024-02939,2024-09-17,17:06:37,Vandalism,Waterfront Marina,District 2,37.799649,-122.430263,Alleyway,Reported Vandalism at Alleyway
SYN-2024-00089,2024-09-17,18:57:51,Vandalism,Mission Commercial,District 3,37.815071,-122.380988,Parking Facility,Reported Vandalism at Parking Facility
SYN-2024-03561,2024-09-18,04:36:58,Burglary,Waterfront Marina,District 2,37.802146,-122.439749,Residential Apartment,Reported Burglary at Residential Apartment
SYN-2024-02928,2024-09-18,11:47:24,Vandalism,Mission Commercial,District 3,37.766628,-122.419796,Parking Facility,Reported Vandalism at Parking Facility
SYN-2024-00649,2024-09-18,12:59:52,Motor Vehicle Theft,Westside Arts,District 5,37.769977,-122.440441,Street / Sidewalk,Reported Motor Vehicle Theft at Street / Sidewalk
SYN-2024-02402,2024-09-18,13:57:31,Public Disorder,Waterfront Marina,District 2,37.799651,-122.434582,Street / Sidewalk,Reported Public Disorder at Street / Sidewalk
SYN-2024-03464,2024-09-18,14:56:53,Burglary,Waterfront Marina,District 2,37.801062,-122.432379,Residential Apartment,Reported Burglary at Residential Apartment
SYN-2024-01205,2024-09-18,15:37:10,Assault,Waterfront Marina,District 2,37.802326,-122.434974,Street / Sidewalk,Reported Assault at Street / Sidewalk
SYN-2024-03592,2024-09-18,18:54:06,Assault,Downtown Central,District 1,37.796081,-122.457103,Bar / Restaurant,Reported Assault at Bar / Restaurant
SYN-2024-01912,2024-09-18,19:43:26,Robbery,Downtown Central,District 1,37.774501,-122.407936,Alleyway,Reported Robbery at Alleyway
SYN-2024-02236,2024-09-18,20:25:30,Robbery,Downtown Central,District 1,37.776479,-122.409354,Residential Apartment,Reported Robbery at Residential Apartment
SYN-2024-02952,2024-09-18,22:23:28,Theft / Larceny,Downtown Central,District 1,37.770948,-122.41501,Street / Sidewalk,Reported Theft / Larceny at Street / Sidewalk
SYN-2024-00672,2024-09-18,22:55:25,Public Disorder,Downtown Central,District 1,37.773334,-122.413012,Bar / Restaurant,Reported Public Disorder at Bar / Restaurant
SYN-2024-03863,2024-09-19,01:53:50,Burglary,Westside Arts,District 5,37.773452,-122.431903,Commercial Retail,Reported Burglary at Commercial Retail
SYN-2024-00054,2024-09-19,09:38:47,Vandalism,Westside Arts,District 5,37.775639,-122.434484,Parking Facility,Reported Vandalism at Parking Facility
SYN-2024-00457,2024-09-19,10:45:04,Fraud,Downtown Central,District 1,37.78166,-122.421692,Alleyway,Reported Fraud at Alleyway
SYN-2024-03769,2024-09-19,12:42:54,Fraud,Westside Arts,District 5,37.777222,-122.437,Transit Station,Reported Fraud at Transit Station
SYN-2024-03395,2024-09-19,14:14:49,Public Disorder,Downtown Central,District 1,37.785317,-122.413335,Park / Public Space,Reported Public Disorder at Park / Public Space
SYN-2024-03663,2024-09-19,22:20:14,Narcotics,South Rail Corridor,District 4,37.745128,-122.391944,Alleyway,Reported Narcotics at Alleyway
SYN-2024-03086,2024-09-19,22:27:31,Motor Vehicle Theft,Westside Arts,District 5,37.782539,-122.435292,Parking Facility,Reported Motor Vehicle Theft at Parking Facility
SYN-2024-02487,2024-09-20,10:23:06,Motor Vehicle Theft,South Rail Corridor,District 4,37.742085,-122.39789,Parking Facility,Reported Motor Vehicle Theft at Parking Facility
SYN-2024-00210,2024-09-20,15:46:41,Fraud,Westside Arts,District 5,37.774227,-122.439095,Park / Public Space,Reported Fraud at Park / Public Space
SYN-2024-03286,2024-09-20,17:16:44,Fraud,Mission Commercial,District 3,37.763283,-122.420636,Bar / Restaurant,Reported Fraud at Bar / Restaurant
SYN-2024-03220,2024-09-20,18:17:47,Robbery,Downtown Central,District 1,37.782666,-122.425169,Park / Public Space,Reported Robbery at Park / Public Space
SYN-2024-02844,2024-09-21,11:09:28,Burglary,Westside Arts,District 5,37.782704,-122.436834,Residential Apartment,Reported Burglary at Residential Apartment
SYN-2024-00379,2024-09-21,14:25:27,Vandalism,Downtown Central,District 1,37.774799,-122.422171,Commercial Retail,Reported Vandalism at Commercial Retail
SYN-2024-02156,2024-09-21,15:15:39,Burglary,South Rail Corridor,District 4,37.752955,-122.390804,Commercial Retail,Reported Burglary at Commercial Retail
SYN-2024-02724,2024-09-21,16:58:33,Assault,Mission Commercial,District 3,37.762261,-122.417211,Bar / Restaurant,Reported Assault at Bar / Restaurant
SYN-2024-03050,2024-09-21,17:31:36,Fraud,Westside Arts,District 5,37.768333,-122.430776,Residential Apartment,Reported Fraud at Residential Apartment
SYN-2024-04416,2024-09-21,19:37:40,Narcotics,South Rail Corridor,District 4,37.745607,-122.387964,Residential Apartment,Reported Narcotics at Residential Apartment
SYN-2024-03305,2024-09-21,23:59:28,Assault,Mission Commercial,District 3,37.786544,-122.443928,Street / Sidewalk,Reported Assault at Street / Sidewalk
SYN-2024-02714,2024-09-22,09:34:34,Vandalism,Waterfront Marina,District 2,37.797243,-122.435826,Commercial Retail,Reported Vandalism at Commercial Retail
SYN-2024-01169,2024-09-22,11:47:59,Theft / Larceny,Downtown Central,District 1,37.781963,-122.425059,Bar / Restaurant,Reported Theft / Larceny at Bar / Restaurant
SYN-2024-03192,2024-09-22,15:03:46,Motor Vehicle Theft,Westside Arts,District 5,37.764677,-122.436668,Street / Sidewalk,Reported Motor Vehicle Theft at Street / Sidewalk
SYN-2024-02554,2024-09-22,16:03:23,Vandalism,Downtown Central,District 1,37.787927,-122.425102,Residential Apartment,Reported Vandalism at Residential Apartment
SYN-2024-01966,2024-09-22,16:26:05,Burglary,Mission Commercial,District 3,37.759234,-122.417314,Residential Apartment,Reported Burglary at Residential Apartment
SYN-2024-02797,2024-09-22,16:58:32,Robbery,Downtown Central,District 1,37.772763,-122.424241,Park / Public Space,Reported Robbery at Park / Public Space
SYN-2024-01710,2024-09-22,21:21:02,Public Disorder,Mission Commercial,District 3,37.757809,-122.4264,Bar / Restaurant,Reported Public Disorder at Bar / Restaurant
SYN-2024-01025,2024-09-23,13:47:59,Robbery,Downtown Central,District 1,37.780934,-122.417616,Transit Station,Reported Robbery at Transit Station
SYN-2024-02332,2024-09-23,16:32:18,Motor Vehicle Theft,Mission Commercial,District 3,37.754457,-122.421946,Parking Facility,Reported Motor Vehicle Theft at Parking Facility
SYN-2024-03818,2024-09-23,16:33:53,Public Disorder,Waterfront Marina,District 2,37.803155,-122.434883,Park / Public Space,Reported Public Disorder at Park / Public Space
SYN-2024-03894,2024-09-24,00:04:13,Vandalism,Mission Commercial,District 3,37.768405,-122.416093,Bar / Restaurant,Reported Vandalism at Bar / Restaurant
SYN-2024-01308,2024-09-24,03:43:35,Theft / Larceny,Downtown Central,District 1,37.786809,-122.414881,Residential Apartment,Reported Theft / Larceny at Residential Apartment
SYN-2024-03044,2024-09-24,08:16:45,Theft / Larceny,Waterfront Marina,District 2,37.807855,-122.440909,Residential Apartment,Reported Theft / Larceny at Residential Apartment
SYN-2024-01100,2024-09-24,08:42:40,Public Disorder,Downtown Central,District 1,37.772523,-122.419744,Park / Public Space,Reported Public Disorder at Park / Public Space
SYN-2024-03811,2024-09-24,11:11:31,Fraud,Westside Arts,District 5,37.773468,-122.437124,Parking Facility,Reported Fraud at Parking Facility
SYN-2024-02607,2024-09-24,11:15:20,Theft / Larceny,Downtown Central,District 1,37.773385,-122.414895,Commercial Retail,Reported Theft / Larceny at Commercial Retail
SYN-2024-01277,2024-09-24,15:17:05,Fraud,South Rail Corridor,District 4,37.758524,-122.397768,Commercial Retail,Reported Fraud at Commercial Retail
SYN-2024-01807,2024-09-24,18:35:19,Burglary,Downtown Central,District 1,37.781938,-122.415272,Commercial Retail,Reported Burglary at Commercial Retail
SYN-2024-03680,2024-09-25,09:15:27,Public Disorder,Westside Arts,District 5,37.774975,-122.453313,Street / Sidewalk,Reported Public Disorder at Street / Sidewalk
SYN-2024-03008,2024-09-25,14:35:14,Burglary,Westside Arts,District 5,37.77769,-122.434298,Commercial Retail,Reported Burglary at Commercial Retail
SYN-2024-01023,2024-09-25,19:37:13,Motor Vehicle Theft,Westside Arts,District 5,37.776683,-122.443098,Parking Facility,Reported Motor Vehicle Theft at Parking Facility
SYN-2024-01193,2024-09-26,08:17:41,Fraud,Waterfront Marina,District 2,37.803565,-122.433299,Park / Public Space,Reported Fraud at Park / Public Space
SYN-2024-01524,2024-09-26,10:12:29,Fraud,Downtown Central,District 1,37.781928,-122.418364,Park / Public Space,Reported Fraud at Park / Public Space
SYN-2024-01222,2024-09-26,13:59:59,Robbery,Downtown Central,District 1,37.785317,-122.409881,Commercial Retail,Reported Robbery at Commercial Retail
SYN-2024-00009,2024-09-26,14:37:25,Narcotics,Mission Commercial,District 3,37.761045,-122.418328,Parking Facility,Reported Narcotics at Parking Facility
SYN-2024-00009,2024-09-26,14:37:25,Narcotics,Mission Commercial,District 3,37.761045,-122.418328,Parking Facility,Reported Narcotics at Parking Facility
SYN-2024-02547,2024-09-26,14:51:25,Theft / Larceny,Westside Arts,District 5,37.782161,-122.439426,Park / Public Space,Reported Theft / Larceny at Park / Public Space
SYN-2024-01748,2024-09-26,16:51:15,Motor Vehicle Theft,Waterfront Marina,District 2,37.804791,-122.437458,Parking Facility,Reported Motor Vehicle Theft at Parking Facility
SYN-2024-02244,2024-09-26,19:00:25,Public Disorder,Downtown Central,District 1,37.769226,-122.417135,Bar / Restaurant,Reported Public Disorder at Bar / Restaurant
SYN-2024-00664,2024-09-26,19:16:33,Robbery,Downtown Central,District 1,37.767266,-122.416356,Park / Public Space,Reported Robbery at Park / Public Space
SYN-2024-01616,2024-09-27,09:27:54,Burglary,South Rail Corridor,District 4,37.754907,-122.39004,Residential Apartment,Reported Burglary at Residential Apartment
SYN-2024-02603,2024-09-27,11:58:23,Theft / Larceny,Westside Arts,District 5,37.776542,-122.435791,Park / Public Space,Reported Theft / Larceny at Park / Public Space
SYN-2024-03587,2024-09-27,12:35:58,Fraud,Westside Arts,District 5,37.770084,-122.430668,Commercial Retail,Reported Fraud at Commercial Retail
SYN-2024-02149,2024-09-27,13:06:43,Assault,Waterfront Marina,District 2,37.799938,-122.43257,Street / Sidewalk,Reported Assault at Street / Sidewalk
SYN-2024-00880,2024-09-27,13:39:18,Theft / Larceny,Downtown Central,District 1,37.781387,-122.40479,Street / Sidewalk,Reported Theft / Larceny at Street / Sidewalk
SYN-2024-02415,2024-09-27,14:43:24,Vandalism,South Rail Corridor,District 4,37.754051,-122.39032,Park / Public Space,Reported Vandalism at Park / Public Space
SYN-2024-00316,2024-09-27,15:38:30,Assault,Downtown Central,District 1,37.776951,-122.421413,Bar / Restaurant,Reported Assault at Bar / Restaurant
SYN-2024-03277,2024-09-27,18:21:59,Motor Vehicle Theft,Waterfront Marina,District 2,37.799046,-122.433143,Parking Facility,Reported Motor Vehicle Theft at Parking Facility
SYN-2024-03065,2024-09-27,18:33:28,Theft / Larceny,Westside Arts,District 5,37.768529,-122.442157,Transit Station,Reported Theft / Larceny at Transit Station
SYN-2024-01800,2024-09-27,19:53:42,Assault,Westside Arts,District 5,37.773113,-122.435006,Bar / Restaurant,Reported Assault at Bar / Restaurant
SYN-2024-03787,2024-09-27,21:00:43,Vandalism,Mission Commercial,District 3,37.755618,-122.420206,Park / Public Space,Reported Vandalism at Park / Public Space
SYN-2024-03647,2024-09-27,21:31:30,Public Disorder,Mission Commercial,District 3,37.759427,-122.420115,Street / Sidewalk,Reported Public Disorder at Street / Sidewalk
SYN-2024-04121,2024-09-27,21:32:43,Assault,Westside Arts,District 5,37.770337,-122.431707,Street / Sidewalk,Reported Assault at Street / Sidewalk
SYN-2024-02153,2024-09-28,00:41:06,Motor Vehicle Theft,Mission Commercial,District 3,37.760132,-122.416409,Parking Facility,Reported Motor Vehicle Theft at Parking Facility
SYN-2024-02997,2024-09-28,02:52:13,Burglary,Mission Commercial,District 3,37.756331,-122.419514,Commercial Retail,Reported Burglary at Commercial Retail
SYN-2024-04112,2024-09-28,04:14:19,Robbery,Downtown Central,District 1,37.780692,-122.419155,Bar / Restaurant,Reported Robbery at Bar / Restaurant
SYN-2024-03740,2024-09-28,07:11:27,Narcotics,Downtown Central,District 1,37.781029,-122.424596,Parking Facility,Reported Narcotics at Parking Facility
SYN-2024-00420,2024-09-28,10:15:53,Theft / Larceny,Westside Arts,District 5,37.782919,-122.430744,Commercial Retail,Reported Theft / Larceny at Commercial Retail
SYN-2024-02641,2024-09-28,11:56:52,Vandalism,Mission Commercial,District 3,37.758976,-122.4174,Alleyway,Reported Vandalism at Alleyway
SYN-2024-00162,2024-09-28,17:49:36,Theft / Larceny,Mission Commercial,District 3,37.754501,-122.420619,Alleyway,Reported Theft / Larceny at Alleyway
SYN-2024-02823,2024-09-28,18:16:58,Public Disorder,Waterfront Marina,District 2,37.795554,-122.4391,Street / Sidewalk,Reported Public Disorder at Street / Sidewalk
SYN-2024-03284,2024-09-28,19:52:40,Motor Vehicle Theft,South Rail Corridor,District 4,37.745125,-122.39249,Street / Sidewalk,Reported Motor Vehicle Theft at Street / Sidewalk
SYN-2024-03686,2024-09-29,18:20:02,Theft / Larceny,Mission Commercial,District 3,37.770334,-122.418362,Residential Apartment,Reported Theft / Larceny at Residential Apartment
SYN-2024-04442,2024-09-29,22:41:48,Public Disorder,Waterfront Marina,District 2,37.799409,-122.437691,Park / Public Space,Reported Public Disorder at Park / Public Space
SYN-2024-00366,2024-09-30,09:18:43,Public Disorder,Downtown Central,District 1,37.780708,-122.411257,Park / Public Space,Reported Public Disorder at Park / Public Space
SYN-2024-02060,2024-09-30,15:14:17,Motor Vehicle Theft,Downtown Central,District 1,37.776178,-122.414627,Street / Sidewalk,Reported Motor Vehicle Theft at Street / Sidewalk
SYN-2024-02544,2024-09-30,17:47:08,Public Disorder,Downtown Central,District 1,37.781735,-122.413486,Street / Sidewalk,Reported Public Disorder at Street / Sidewalk
SYN-2024-00970,2024-10-01,09:13:22,Assault,Westside Arts,District 5,37.778533,-122.432623,Street / Sidewalk,Reported Assault at Street / Sidewalk
SYN-2024-04097,2024-10-01,16:35:07,Assault,Mission Commercial,District 3,37.75687,-122.421622,Bar / Restaurant,Reported Assault at Bar / Restaurant
SYN-2024-01656,2024-10-01,18:27:16,Assault,Downtown Central,District 1,37.778377,-122.426674,Park / Public Space,Reported Assault at Park / Public Space
SYN-2024-02404,2024-10-01,19:35:47,Burglary,Waterfront Marina,District 2,37.807834,-122.439113,Commercial Retail,Reported Burglary at Commercial Retail
SYN-2024-02917,2024-10-02,06:28:11,Burglary,Mission Commercial,District 3,37.761207,-122.419978,Residential Apartment,Reported Burglary at Residential Apartment
SYN-2024-02651,2024-10-02,08:29:20,Burglary,Westside Arts,District 5,37.770487,-122.431964,Residential Apartment,Reported Burglary at Residential Apartment
SYN-2024-04207,2024-10-02,15:40:06,Theft / Larceny,Mission Commercial,District 3,37.762832,-122.412894,Street / Sidewalk,Reported Theft / Larceny at Street / Sidewalk
SYN-2024-04272,2024-10-03,02:02:36,Public Disorder,Waterfront Marina,District 2,37.797593,-122.437466,Park / Public Space,Reported Public Disorder at Park / Public Space
SYN-2024-02037,2024-10-03,03:10:45,Assault,Downtown Central,District 1,37.776435,-122.413677,Bar / Restaurant,Reported Assault at Bar / Restaurant
SYN-2024-03434,2024-10-03,13:41:30,Vandalism,Downtown Central,District 1,37.774075,-122.418045,Residential Apartment,Reported Vandalism at Residential Apartment
SYN-2024-03797,2024-10-03,16:20:00,Motor Vehicle Theft,Mission Commercial,District 3,37.758997,-122.421582,Parking Facility,Reported Motor Vehicle Theft at Parking Facility
SYN-2024-02476,2024-10-03,17:56:50,Vandalism,Waterfront Marina,District 2,37.804397,-122.438472,Street / Sidewalk,Reported Vandalism at Street / Sidewalk
SYN-2024-02031,2024-10-03,20:03:28,Motor Vehicle Theft,Waterfront Marina,District 2,37.806207,-122.44123,Parking Facility,Reported Motor Vehicle Theft at Parking Facility
SYN-2024-03974,2024-10-03,23:26:58,Vandalism,Waterfront Marina,District 2,37.799927,-122.435755,Transit Station,Reported Vandalism at Transit Station
SYN-2024-01155,2024-10-04,09:32:30,Fraud,Mission Commercial,District 3,37.75642,-122.419734,Transit Station,Reported Fraud at Transit Station
SYN-2024-03895,2024-10-04,11:34:46,Assault,Downtown Central,District 1,37.782647,-122.423628,Street / Sidewalk,Reported Assault at Street / Sidewalk
SYN-2024-02038,2024-10-04,19:06:37,Theft / Larceny,Westside Arts,District 5,37.767496,-122.432117,Street / Sidewalk,Reported Theft / Larceny at Street / Sidewalk
SYN-2024-04217,2024-10-04,20:27:47,Vandalism,Downtown Central,District 1,37.782399,-122.416543,Park / Public Space,Reported Vandalism at Park / Public Space
SYN-2024-01517,2024-10-05,02:01:53,Narcotics,South Rail Corridor,District 4,37.790094,-122.418888,Residential Apartment,Reported Narcotics at Residential Apartment
SYN-2024-00181,2024-10-05,17:37:15,Burglary,Downtown Central,District 1,37.78369,-122.415395,Residential Apartment,Reported Burglary at Residential Apartment
SYN-2024-02468,2024-10-05,17:47:11,Robbery,Downtown Central,District 1,37.784725,-122.425651,Commercial Retail,Reported Robbery at Commercial Retail
SYN-2024-03842,2024-10-05,22:22:19,Assault,Mission Commercial,District 3,37.756442,-122.4582,Bar / Restaurant,Reported Assault at Bar / Restaurant
SYN-2024-02979,2024-10-05,22:53:19,Public Disorder,Downtown Central,District 1,37.780127,-122.426863,Bar / Restaurant,Reported Public Disorder at Bar / Restaurant
SYN-2024-03404,2024-10-05,22:54:28,Assault,Mission Commercial,District 3,37.767171,-122.414476,Bar / Restaurant,Reported Assault at Bar / Restaurant
SYN-2024-04414,2024-10-06,00:08:34,Theft / Larceny,Westside Arts,District 5,37.772652,-122.438021,Park / Public Space,Reported Theft / Larceny at Park / Public Space
SYN-2024-00967,2024-10-06,02:24:46,Burglary,South Rail Corridor,District 4,37.743289,-122.395832,Residential Apartment,Reported Burglary at Residential Apartment
SYN-2024-03899,2024-10-06,12:55:16,Motor Vehicle Theft,Westside Arts,District 5,37.773677,-122.438485,Parking Facility,Reported Motor Vehicle Theft at Parking Facility
SYN-2024-00846,2024-10-06,19:17:00,Public Disorder,Downtown Central,District 1,37.783189,-122.412889,Bar / Restaurant,Reported Public Disorder at Bar / Restaurant
SYN-2024-02035,2024-10-07,09:54:32,Motor Vehicle Theft,Westside Arts,District 5,37.779642,-122.438125,Parking Facility,Reported Motor Vehicle Theft at Parking Facility
SYN-2024-01047,2024-10-07,10:10:18,Burglary,South Rail Corridor,District 4,37.747452,-122.394672,Residential Apartment,Reported Burglary at Residential Apartment
SYN-2024-02048,2024-10-07,16:11:38,Theft / Larceny,Downtown Central,District 1,37.781545,-122.42153,Bar / Restaurant,Reported Theft / Larceny at Bar / Restaurant
SYN-2024-00179,2024-10-07,16:34:24,Public Disorder,Waterfront Marina,District 2,37.803226,-122.440432,Street / Sidewalk,Reported Public Disorder at Street / Sidewalk
SYN-2024-02915,2024-10-07,18:45:17,Public Disorder,Downtown Central,District 1,37.777162,-122.41567,Bar / Restaurant,Reported Public Disorder at Bar / Restaurant
SYN-2024-02480,2024-10-07,19:18:06,Assault,Downtown Central,District 1,37.776247,-122.426863,Park / Public Space,Reported Assault at Park / Public Space
SYN-2024-03215,2024-10-07,20:22:57,Vandalism,South Rail Corridor,District 4,37.785278,-122.430623,Residential Apartment,Reported Vandalism at Residential Apartment
SYN-2024-01088,2024-10-07,23:52:01,Fraud,Waterfront Marina,District 2,37.793153,-122.43551,Alleyway,Reported Fraud at Alleyway
SYN-2024-03071,2024-10-08,00:56:24,Vandalism,Downtown Central,District 1,37.778422,-122.415647,Transit Station,Reported Vandalism at Transit Station
SYN-2024-03543,2024-10-08,11:53:34,Motor Vehicle Theft,Westside Arts,District 5,37.775116,-122.436161,Street / Sidewalk,Reported Motor Vehicle Theft at Street / Sidewalk
SYN-2024-00763,2024-10-08,17:08:54,Motor Vehicle Theft,Westside Arts,District 5,37.756953,-122.394215,Parking Facility,Reported Motor Vehicle Theft at Parking Facility
SYN-2024-03240,2024-10-08,17:20:21,Motor Vehicle Theft,Westside Arts,District 5,37.776696,-122.441542,Street / Sidewalk,Reported Motor Vehicle Theft at Street / Sidewalk
SYN-2024-01143,2024-10-08,19:09:33,Public Disorder,Downtown Central,District 1,37.778074,-122.421002,Street / Sidewalk,Reported Public Disorder at Street / Sidewalk
SYN-2024-00422,2024-10-08,23:58:32,Public Disorder,Downtown Central,District 1,37.77403,-122.417811,Park / Public Space,Reported Public Disorder at Park / Public Space
SYN-2024-01202,2024-10-09,08:25:07,Theft / Larceny,Westside Arts,District 5,37.776808,-122.432746,Parking Facility,Reported Theft / Larceny at Parking Facility
SYN-2024-00587,2024-10-09,09:09:55,Fraud,Downtown Central,District 1,37.784885,-122.418139,Street / Sidewalk,Reported Fraud at Street / Sidewalk
SYN-2024-02578,2024-10-09,09:48:43,Fraud,Westside Arts,District 5,37.771168,-122.434414,Park / Public Space,Reported Fraud at Park / Public Space
SYN-2024-01029,2024-10-09,15:14:40,Public Disorder,Downtown Central,District 1,37.7403,-122.45692,Park / Public Space,Reported Public Disorder at Park / Public Space
SYN-2024-00314,2024-10-09,21:00:50,Theft / Larceny,Westside Arts,District 5,37.777745,-122.43124,Bar / Restaurant,Reported Theft / Larceny at Bar / Restaurant
SYN-2024-01207,2024-10-09,21:40:32,Burglary,Downtown Central,District 1,37.780921,-122.415895,Commercial Retail,Reported Burglary at Commercial Retail
SYN-2024-02552,2024-10-10,14:56:05,Theft / Larceny,Westside Arts,District 5,37.775485,-122.433235,Residential Apartment,Reported Theft / Larceny at Residential Apartment
SYN-2024-00327,2024-10-10,20:16:41,Robbery,Westside Arts,District 5,37.772347,-122.435289,Transit Station,Reported Robbery at Transit Station
SYN-2024-00500,2024-10-11,16:52:13,Public Disorder,Downtown Central,District 1,37.779753,-122.416024,Park / Public Space,Reported Public Disorder at Park / Public Space
SYN-2024-02732,2024-10-11,17:10:59,Assault,Downtown Central,District 1,37.780598,-122.421024,Bar / Restaurant,Reported Assault at Bar / Restaurant
SYN-2024-01148,2024-10-11,18:07:41,Robbery,Downtown Central,District 1,37.783749,-122.423919,Street / Sidewalk,Reported Robbery at Street / Sidewalk
SYN-2024-01459,2024-10-11,18:59:22,Theft / Larceny,Westside Arts,District 5,37.770192,-122.437326,Commercial Retail,Reported Theft / Larceny at Commercial Retail
SYN-2024-00715,2024-10-11,20:45:01,Burglary,Mission Commercial,District 3,37.768575,-122.413918,Residential Apartment,Reported Burglary at Residential Apartment
SYN-2024-01713,2024-10-11,22:56:13,Burglary,Mission Commercial,District 3,37.778848,-122.409851,Commercial Retail,Reported Burglary at Commercial Retail
SYN-2024-03875,2024-10-12,07:00:05,Assault,Westside Arts,District 5,37.773617,-122.436156,Park / Public Space,Reported Assault at Park / Public Space
SYN-2024-01344,2024-10-12,18:04:04,Theft / Larceny,Downtown Central,District 1,37.788137,-122.422077,Alleyway,Reported Theft / Larceny at Alleyway
SYN-2024-03903,2024-10-12,19:39:59,Public Disorder,Downtown Central,District 1,37.78493,-122.416297,Street / Sidewalk,Reported Public Disorder at Street / Sidewalk
SYN-2024-00100,2024-10-13,13:28:28,Public Disorder,South Rail Corridor,District 4,37.740891,-122.38307,Bar / Restaurant,Reported Public Disorder at Bar / Restaurant
SYN-2024-01080,2024-10-13,16:08:51,Theft / Larceny,Mission Commercial,District 3,37.760737,-122.424306,Bar / Restaurant,Reported Theft / Larceny at Bar / Restaurant
SYN-2024-02345,2024-10-13,16:53:03,Public Disorder,Downtown Central,District 1,37.779182,-122.41912,Street / Sidewalk,Reported Public Disorder at Street / Sidewalk
SYN-2024-03250,2024-10-13,21:44:19,Theft / Larceny,Mission Commercial,District 3,37.758512,-122.408963,Bar / Restaurant,Reported Theft / Larceny at Bar / Restaurant
SYN-2024-02438,2024-10-14,07:19:10,Theft / Larceny,Downtown Central,District 1,37.779106,-122.41579,Parking Facility,Reported Theft / Larceny at Parking Facility
SYN-2024-03073,2024-10-14,11:50:57,Burglary,Mission Commercial,District 3,37.765825,-122.426937,Residential Apartment,Reported Burglary at Residential Apartment
SYN-2024-01296,2024-10-14,16:21:44,Public Disorder,Downtown Central,District 1,37.769504,-122.421636,Street / Sidewalk,Reported Public Disorder at Street / Sidewalk
SYN-2024-02719,2024-10-14,19:33:06,Public Disorder,Downtown Central,District 1,37.774553,-122.406176,Park / Public Space,Reported Public Disorder at Park / Public Space
SYN-2024-04481,2024-10-14,20:14:01,Theft / Larceny,Downtown Central,District 1,37.777671,-122.413106,Commercial Retail,Reported Theft / Larceny at Commercial Retail
SYN-2024-01973,2024-10-16,06:07:06,Theft / Larceny,Westside Arts,District 5,37.776775,-122.434019,Residential Apartment,Reported Theft / Larceny at Residential Apartment
SYN-2024-03343,2024-10-16,09:22:03,Vandalism,Mission Commercial,District 3,37.760052,-122.416449,Residential Apartment,Reported Vandalism at Residential Apartment
SYN-2024-03745,2024-10-16,13:24:05,Motor Vehicle Theft,Mission Commercial,District 3,37.761332,-122.421383,Parking Facility,Reported Motor Vehicle Theft at Parking Facility
SYN-2024-03390,2024-10-16,16:07:11,Vandalism,Waterfront Marina,District 2,37.80625,-122.436662,Bar / Restaurant,Reported Vandalism at Bar / Restaurant
SYN-2024-02081,2024-10-16,16:26:28,Vandalism,Downtown Central,District 1,37.760598,-122.416911,Parking Facility,Reported Vandalism at Parking Facility
SYN-2024-01109,2024-10-16,20:46:55,Burglary,Mission Commercial,District 3,37.754884,-122.428289,Residential Apartment,Reported Burglary at Residential Apartment
SYN-2024-04151,2024-10-17,08:36:25,Theft / Larceny,Downtown Central,District 1,37.781315,-122.421336,Bar / Restaurant,Reported Theft / Larceny at Bar / Restaurant
SYN-2024-01447,2024-10-17,14:00:30,Burglary,Waterfront Marina,District 2,37.799036,-122.440784,Commercial Retail,Reported Burglary at Commercial Retail
SYN-2024-03314,2024-10-17,16:05:42,Public Disorder,Westside Arts,District 5,37.778372,-122.437127,Street / Sidewalk,Reported Public Disorder at Street / Sidewalk
SYN-2024-00518,2024-10-17,16:10:04,Robbery,Downtown Central,District 1,37.732609,-122.387737,Alleyway,Reported Robbery at Alleyway
SYN-2024-00255,2024-10-17,16:36:54,Vandalism,Mission Commercial,District 3,37.786356,-122.393064,Street / Sidewalk,Reported Vandalism at Street / Sidewalk
SYN-2024-01791,2024-10-17,18:00:08,Assault,Mission Commercial,District 3,37.753484,-122.420882,Street / Sidewalk,Reported Assault at Street / Sidewalk
SYN-2024-00712,2024-10-17,20:31:00,Assault,Downtown Central,District 1,37.773442,-122.419747,Bar / Restaurant,Reported Assault at Bar / Restaurant
SYN-2024-01404,2024-10-18,08:29:38,Vandalism,Waterfront Marina,District 2,37.802589,-122.433454,Commercial Retail,Reported Vandalism at Commercial Retail
SYN-2024-03505,2024-10-18,17:01:26,Assault,Mission Commercial,District 3,37.754724,-122.415641,Street / Sidewalk,Reported Assault at Street / Sidewalk
SYN-2024-02860,2024-10-18,20:22:26,Assault,Downtown Central,District 1,37.780862,-122.409804,Bar / Restaurant,Reported Assault at Bar / Restaurant
SYN-2024-02794,2024-10-18,23:54:50,Vandalism,South Rail Corridor,District 4,37.745763,-122.399352,Transit Station,Reported Vandalism at Transit Station
SYN-2024-00493,2024-10-19,14:39:58,Robbery,Downtown Central,District 1,37.77773,-122.41866,Parking Facility,Reported Robbery at Parking Facility
SYN-2024-04286,2024-10-19,15:08:37,Theft / Larceny,Downtown Central,District 1,37.787858,-122.416663,Transit Station,Reported Theft / Larceny at Transit Station
SYN-2024-01720,2024-10-19,16:11:37,Public Disorder,Downtown Central,District 1,37.784003,-122.410164,Park / Public Space,Reported Public Disorder at Park / Public Space
SYN-2024-02891,2024-10-19,18:37:12,Vandalism,South Rail Corridor,District 4,37.757438,-122.386626,Street / Sidewalk,Reported Vandalism at Street / Sidewalk
SYN-2024-03724,2024-10-20,03:29:47,Vandalism,South Rail Corridor,District 4,37.744063,-122.387304,Residential Apartment,Reported Vandalism at Residential Apartment
SYN-2024-00892,2024-10-20,07:58:31,Fraud,Westside Arts,District 5,37.781424,-122.442597,Commercial Retail,Reported Fraud at Commercial Retail
SYN-2024-00540,2024-10-20,08:04:54,Vandalism,Waterfront Marina,District 2,37.801684,-122.42977,Transit Station,Reported Vandalism at Transit Station
SYN-2024-00640,2024-10-20,11:38:15,Theft / Larceny,Mission Commercial,District 3,37.801734,-122.435157,Residential Apartment,Reported Theft / Larceny at Residential Apartment
SYN-2024-00125,2024-10-20,20:54:05,Fraud,Westside Arts,District 5,37.776919,-122.439865,Street / Sidewalk,Reported Fraud at Street / Sidewalk
SYN-2024-03159,2024-10-21,01:38:45,Motor Vehicle Theft,Waterfront Marina,District 2,37.799755,-122.444587,Street / Sidewalk,Reported Motor Vehicle Theft at Street / Sidewalk
SYN-2024-02583,2024-10-21,11:42:04,Burglary,Waterfront Marina,District 2,37.799483,-122.433643,Commercial Retail,Reported Burglary at Commercial Retail
SYN-2024-01605,2024-10-21,16:17:31,Vandalism,Downtown Central,District 1,37.779297,-122.41615,Parking Facility,Reported Vandalism at Parking Facility
SYN-2024-00599,2024-10-22,09:46:57,Robbery,Mission Commercial,District 3,37.758181,-122.420286,Parking Facility,Reported Robbery at Parking Facility
SYN-2024-00244,2024-10-22,12:28:39,Assault,Downtown Central,District 1,37.780597,-122.412553,Bar / Restaurant,Reported Assault at Bar / Restaurant
SYN-2024-02014,2024-10-22,16:36:35,Assault,Downtown Central,District 1,37.77958,-122.417167,Bar / Restaurant,Reported Assault at Bar / Restaurant
SYN-2024-02934,2024-10-22,18:40:54,Vandalism,Waterfront Marina,District 2,37.804127,-122.445939,Park / Public Space,Reported Vandalism at Park / Public Space
SYN-2024-04349,2024-10-23,16:00:23,Theft / Larceny,Mission Commercial,District 3,37.75968,-122.423579,Parking Facility,Reported Theft / Larceny at Parking Facility
SYN-2024-03893,2024-10-23,16:26:10,Vandalism,Downtown Central,District 1,37.783167,-122.410497,Parking Facility,Reported Vandalism at Parking Facility
SYN-2024-03110,2024-10-23,17:21:56,Fraud,Waterfront Marina,District 2,37.797005,-122.434414,Parking Facility,Reported Fraud at Parking Facility
SYN-2024-04106,2024-10-23,18:40:30,Burglary,Mission Commercial,District 3,37.763639,-122.422827,Residential Apartment,Reported Burglary at Residential Apartment
SYN-2024-03653,2024-10-23,23:41:28,Vandalism,Mission Commercial,District 3,37.752292,-122.414394,Bar / Restaurant,Reported Vandalism at Bar / Restaurant
SYN-2024-00686,2024-10-24,13:32:37,Fraud,Westside Arts,District 5,37.775655,-122.434737,Alleyway,Reported Fraud at Alleyway
SYN-2024-02393,2024-10-24,14:57:49,Burglary,Mission Commercial,District 3,37.762096,-122.419632,Residential Apartment,Reported Burglary at Residential Apartment
SYN-2024-02175,2024-10-24,16:24:44,Assault,Downtown Central,District 1,37.774895,-122.419109,Park / Public Space,Reported Assault at Park / Public Space
SYN-2024-04241,2024-10-24,17:18:31,Robbery,Downtown Central,District 1,37.771362,-122.418371,Residential Apartment,Reported Robbery at Residential Apartment
SYN-2024-01486,2024-10-24,22:33:32,Motor Vehicle Theft,South Rail Corridor,District 4,37.744168,-122.386748,Street / Sidewalk,Reported Motor Vehicle Theft at Street / Sidewalk
SYN-2024-03983,2024-10-25,09:32:10,Motor Vehicle Theft,Mission Commercial,District 3,37.761426,-122.417459,Parking Facility,Reported Motor Vehicle Theft at Parking Facility
SYN-2024-04168,2024-10-25,11:29:03,Vandalism,Mission Commercial,District 3,37.763001,-122.414839,Transit Station,Reported Vandalism at Transit Station
SYN-2024-04381,2024-10-25,14:23:56,Fraud,Mission Commercial,District 3,37.759283,-122.417593,Residential Apartment,Reported Fraud at Residential Apartment
SYN-2024-01943,2024-10-25,16:05:27,Theft / Larceny,Downtown Central,District 1,37.785535,-122.418593,Residential Apartment,Reported Theft / Larceny at Residential Apartment
SYN-2024-04426,2024-10-25,17:13:57,Burglary,Downtown Central,District 1,37.771856,-122.412799,Residential Apartment,Reported Burglary at Residential Apartment
SYN-2024-02268,2024-10-26,06:26:28,Motor Vehicle Theft,South Rail Corridor,District 4,37.749498,-122.38933,Street / Sidewalk,Reported Motor Vehicle Theft at Street / Sidewalk
SYN-2024-03709,2024-10-26,13:02:28,Theft / Larceny,Westside Arts,District 5,37.779592,-122.438575,Parking Facility,Reported Theft / Larceny at Parking Facility
SYN-2024-02330,2024-10-26,14:50:56,Robbery,Downtown Central,District 1,37.763829,-122.41584,Commercial Retail,Reported Robbery at Commercial Retail
SYN-2024-03850,2024-10-26,17:18:23,Burglary,Waterfront Marina,District 2,37.798245,-122.427213,Residential Apartment,Reported Burglary at Residential Apartment
SYN-2024-03590,2024-10-26,18:43:35,Vandalism,Waterfront Marina,District 2,37.801532,-122.44284,Residential Apartment,Reported Vandalism at Residential Apartment
SYN-2024-01798,2024-10-26,19:19:45,Public Disorder,Downtown Central,District 1,37.773082,-122.419757,Park / Public Space,Reported Public Disorder at Park / Public Space
SYN-2024-02195,2024-10-26,21:13:06,Assault,Waterfront Marina,District 2,37.80369,-122.43954,Street / Sidewalk,Reported Assault at Street / Sidewalk
SYN-2024-03549,2024-10-27,13:06:30,Vandalism,Downtown Central,District 1,37.790503,-122.415965,Parking Facility,Reported Vandalism at Parking Facility
SYN-2024-01590,2024-10-27,14:21:13,Theft / Larceny,Mission Commercial,District 3,37.758278,-122.421918,Alleyway,Reported Theft / Larceny at Alleyway
SYN-2024-03518,2024-10-27,17:40:16,Assault,Westside Arts,District 5,37.782464,-122.429317,Street / Sidewalk,Reported Assault at Street / Sidewalk
SYN-2024-02216,2024-10-27,19:14:52,Public Disorder,Waterfront Marina,District 2,37.804821,-122.43575,Street / Sidewalk,Reported Public Disorder at Street / Sidewalk
SYN-2024-04277,2024-10-27,23:18:50,Assault,Mission Commercial,District 3,37.75859,-122.422741,Street / Sidewalk,Reported Assault at Street / Sidewalk
SYN-2024-00452,2024-10-28,15:36:11,Vandalism,Mission Commercial,District 3,37.764339,-122.426737,Alleyway,Reported Vandalism at Alleyway
SYN-2024-01498,2024-10-28,16:47:02,Burglary,Waterfront Marina,District 2,37.80628,-122.438833,Commercial Retail,Reported Burglary at Commercial Retail
SYN-2024-03370,2024-10-28,19:25:29,Burglary,Westside Arts,District 5,37.773647,-122.431627,Commercial Retail,Reported Burglary at Commercial Retail
SYN-2024-00898,2024-10-28,20:35:59,Burglary,South Rail Corridor,District 4,37.742402,-122.383036,Residential Apartment,Reported Burglary at Residential Apartment
SYN-2024-04291,2024-10-28,22:12:24,Assault,Downtown Central,District 1,37.782874,-122.421335,Park / Public Space,Reported Assault at Park / Public Space
SYN-2024-00091,2024-10-29,00:53:42,Theft / Larceny,Mission Commercial,District 3,37.759771,-122.426562,Street / Sidewalk,Reported Theft / Larceny at Street / Sidewalk
SYN-2024-01026,2024-10-29,12:25:02,Motor Vehicle Theft,Westside Arts,District 5,37.776821,-122.439578,Parking Facility,Reported Motor Vehicle Theft at Parking Facility
SYN-2024-01672,2024-10-29,13:05:18,Assault,Downtown Central,District 1,37.777485,-122.413745,Park / Public Space,Reported Assault at Park / Public Space
SYN-2024-00575,2024-10-29,19:40:39,Theft / Larceny,South Rail Corridor,District 4,37.753042,-122.397079,Residential Apartment,Reported Theft / Larceny at Residential Apartment
SYN-2024-02545,2024-10-29,21:51:02,Narcotics,Downtown Central,District 1,37.783076,-122.411576,Street / Sidewalk,Reported Narcotics at Street / Sidewalk
SYN-2024-00064,2024-10-30,09:00:45,Vandalism,Mission Commercial,District 3,37.759326,-122.420966,Street / Sidewalk,Reported Vandalism at Street / Sidewalk
SYN-2024-00581,2024-10-30,11:39:34,Motor Vehicle Theft,Mission Commercial,District 3,37.755241,-122.411032,Street / Sidewalk,Reported Motor Vehicle Theft at Street / Sidewalk
SYN-2024-02665,2024-10-30,15:55:26,Burglary,South Rail Corridor,District 4,37.751063,-122.391877,Residential Apartment,Reported Burglary at Residential Apartment
SYN-2024-04213,2024-10-30,20:15:06,Motor Vehicle Theft,Mission Commercial,District 3,37.757615,-122.411767,Street / Sidewalk,Reported Motor Vehicle Theft at Street / Sidewalk
SYN-2024-00923,2024-10-31,12:26:30,Burglary,Mission Commercial,District 3,37.751856,-122.415584,Residential Apartment,Reported Burglary at Residential Apartment
SYN-2024-04434,2024-10-31,12:35:12,Robbery,Downtown Central,District 1,37.788409,-122.417727,Parking Facility,Reported Robbery at Parking Facility
SYN-2024-03463,2024-10-31,15:27:10,Fraud,Downtown Central,District 1,37.775678,-122.418376,Bar / Restaurant,Reported Fraud at Bar / Restaurant
SYN-2024-03094,2024-10-31,18:13:58,Burglary,Mission Commercial,District 3,37.763989,-122.422518,Commercial Retail,Reported Burglary at Commercial Retail
SYN-2024-04167,2024-10-31,18:20:37,Assault,Downtown Central,District 1,37.782689,-122.415726,Park / Public Space,Reported Assault at Park / Public Space
SYN-2024-02612,2024-10-31,19:16:39,Vandalism,Mission Commercial,District 3,37.756152,-122.411195,Commercial Retail,Reported Vandalism at Commercial Retail
SYN-2024-00248,2024-10-31,20:02:28,Public Disorder,Downtown Central,District 1,37.787293,-122.417315,Bar / Restaurant,Reported Public Disorder at Bar / Restaurant
SYN-2024-03954,2024-10-31,21:38:56,Theft / Larceny,Mission Commercial,District 3,37.764646,-122.418285,Transit Station,Reported Theft / Larceny at Transit Station
SYN-2024-04445,2024-11-01,15:27:05,Narcotics,Mission Commercial,District 3,37.764748,-122.419689,Street / Sidewalk,Reported Narcotics at Street / Sidewalk
SYN-2024-02859,2024-11-02,02:53:28,Burglary,South Rail Corridor,District 4,37.767247,-122.408104,Commercial Retail,Reported Burglary at Commercial Retail
SYN-2024-02986,2024-11-02,03:30:25,Assault,Downtown Central,District 1,37.772907,-122.420492,Street / Sidewalk,Reported Assault at Street / Sidewalk
SYN-2024-01383,2024-11-02,12:12:48,Vandalism,Downtown Central,District 1,37.772177,-122.421356,Parking Facility,Reported Vandalism at Parking Facility
SYN-2024-00510,2024-11-02,16:43:20,Theft / Larceny,Mission Commercial,District 3,37.762849,-122.421417,Park / Public Space,Reported Theft / Larceny at Park / Public Space
SYN-2024-00172,2024-11-02,17:32:53,Burglary,Mission Commercial,District 3,37.763569,-122.418626,Commercial Retail,Reported Burglary at Commercial Retail
SYN-2024-04453,2024-11-02,20:12:41,Public Disorder,Downtown Central,District 1,37.782505,-122.45733,Bar / Restaurant,Reported Public Disorder at Bar / Restaurant
SYN-2024-02026,2024-11-02,21:15:39,Theft / Larceny,Downtown Central,District 1,37.780299,-122.414515,Street / Sidewalk,Reported Theft / Larceny at Street / Sidewalk
SYN-2024-00028,2024-11-02,22:06:56,Assault,Downtown Central,District 1,37.778085,-122.410524,Park / Public Space,Reported Assault at Park / Public Space
SYN-2024-02777,2024-11-02,22:53:44,Assault,Downtown Central,District 1,37.776351,-122.413743,Street / Sidewalk,Reported Assault at Street / Sidewalk
SYN-2024-03853,2024-11-02,23:58:58,Assault,Mission Commercial,District 3,37.754165,-122.413822,Park / Public Space,Reported Assault at Park / Public Space
SYN-2024-01432,2024-11-03,01:18:20,Theft / Larceny,Downtown Central,District 1,37.771517,-122.422648,Parking Facility,Reported Theft / Larceny at Parking Facility
SYN-2024-02173,2024-11-03,09:56:59,Motor Vehicle Theft,Westside Arts,District 5,37.774564,-122.436237,Parking Facility,Reported Motor Vehicle Theft at Parking Facility
SYN-2024-02715,2024-11-03,10:04:53,Theft / Larceny,Waterfront Marina,District 2,37.798856,-122.434057,Street / Sidewalk,Reported Theft / Larceny at Street / Sidewalk
SYN-2024-04181,2024-11-03,11:07:59,Vandalism,Downtown Central,District 1,37.782076,-122.413014,Transit Station,Reported Vandalism at Transit Station
SYN-2024-01200,2024-11-03,11:35:42,Fraud,Downtown Central,District 1,37.766934,-122.448497,Commercial Retail,Reported Fraud at Commercial Retail
SYN-2024-03995,2024-11-03,11:55:43,Burglary,Waterfront Marina,District 2,37.806148,-122.439472,Residential Apartment,Reported Burglary at Residential Apartment
SYN-2024-02296,2024-11-03,11:55:45,Burglary,South Rail Corridor,District 4,37.751013,-122.394101,Residential Apartment,Reported Burglary at Residential Apartment
SYN-2024-01950,2024-11-03,20:05:54,Burglary,Waterfront Marina,District 2,37.80292,-122.43676,Commercial Retail,Reported Burglary at Commercial Retail
SYN-2024-03901,2024-11-03,20:06:24,Theft / Larceny,Downtown Central,District 1,37.774452,-122.425417,Commercial Retail,Reported Theft / Larceny at Commercial Retail
SYN-2024-03026,2024-11-03,22:09:12,Public Disorder,Westside Arts,District 5,37.77435,-122.432786,Bar / Restaurant,Reported Public Disorder at Bar / Restaurant
SYN-2024-00840,2024-11-03,22:57:50,Public Disorder,Downtown Central,District 1,37.765115,-122.418991,Street / Sidewalk,Reported Public Disorder at Street / Sidewalk
SYN-2024-00702,2024-11-04,06:34:21,Assault,Mission Commercial,District 3,37.757317,-122.419703,Bar / Restaurant,Reported Assault at Bar / Restaurant
SYN-2024-00342,2024-11-04,07:33:17,Assault,Westside Arts,District 5,37.779533,-122.431488,Street / Sidewalk,Reported Assault at Street / Sidewalk
SYN-2024-03733,2024-11-04,16:07:47,Assault,Mission Commercial,District 3,37.761146,-122.414447,Park / Public Space,Reported Assault at Park / Public Space
SYN-2024-02673,2024-11-04,19:25:20,Assault,Downtown Central,District 1,37.780328,-122.416867,Bar / Restaurant,Reported Assault at Bar / Restaurant
SYN-2024-02502,2024-11-04,19:40:26,Vandalism,Waterfront Marina,District 2,37.802247,-122.441493,Transit Station,Reported Vandalism at Transit Station
SYN-2024-02306,2024-11-04,20:55:58,Vandalism,Downtown Central,District 1,37.77739,-122.420175,Street / Sidewalk,Reported Vandalism at Street / Sidewalk
SYN-2024-00106,2024-11-04,22:03:30,Public Disorder,Waterfront Marina,District 2,37.80345,-122.437924,Bar / Restaurant,Reported Public Disorder at Bar / Restaurant
SYN-2024-00682,2024-11-05,08:12:07,Assault,Waterfront Marina,District 2,37.803612,-122.430844,Bar / Restaurant,Reported Assault at Bar / Restaurant
SYN-2024-01319,2024-11-05,08:29:59,Narcotics,South Rail Corridor,District 4,37.739972,-122.402465,Residential Apartment,Reported Narcotics at Residential Apartment
SYN-2024-00513,2024-11-05,13:02:49,Theft / Larceny,Downtown Central,District 1,37.781296,-122.418561,Street / Sidewalk,Reported Theft / Larceny at Street / Sidewalk
SYN-2024-02182,2024-11-05,19:37:39,Vandalism,Mission Commercial,District 3,37.76134,-122.421326,Parking Facility,Reported Vandalism at Parking Facility
SYN-2024-00163,2024-11-05,19:43:25,Theft / Larceny,Downtown Central,District 1,37.774372,-122.414287,Street / Sidewalk,Reported Theft / Larceny at Street / Sidewalk
SYN-2024-00257,2024-11-05,22:17:05,Theft / Larceny,Westside Arts,District 5,37.774303,-122.435945,Park / Public Space,Reported Theft / Larceny at Park / Public Space
SYN-2024-00481,2024-11-05,23:32:17,Burglary,Waterfront Marina,District 2,37.802427,-122.437988,Commercial Retail,Reported Burglary at Commercial Retail
SYN-2024-02623,2024-11-06,05:16:58,Vandalism,South Rail Corridor,District 4,37.743556,-122.38762,Park / Public Space,Reported Vandalism at Park / Public Space
SYN-2024-00600,2024-11-06,20:21:04,Theft / Larceny,South Rail Corridor,District 4,37.738539,-122.385311,Bar / Restaurant,Reported Theft / Larceny at Bar / Restaurant
SYN-2024-02278,2024-11-06,21:42:55,Narcotics,Downtown Central,District 1,37.785734,-122.410738,Commercial Retail,Reported Narcotics at Commercial Retail
SYN-2024-01620,2024-11-07,09:07:28,Robbery,South Rail Corridor,District 4,37.742803,-122.389563,Residential Apartment,Reported Robbery at Residential Apartment
SYN-2024-00723,2024-11-07,14:54:40,Motor Vehicle Theft,Mission Commercial,District 3,37.766952,-122.419644,Street / Sidewalk,Reported Motor Vehicle Theft at Street / Sidewalk
SYN-2024-00602,2024-11-07,15:47:29,Motor Vehicle Theft,Downtown Central,District 1,37.787755,-122.419482,Street / Sidewalk,Reported Motor Vehicle Theft at Street / Sidewalk
SYN-2024-02408,2024-11-08,03:46:02,Assault,Mission Commercial,District 3,37.759945,-122.41951,Street / Sidewalk,Reported Assault at Street / Sidewalk
SYN-2024-00985,2024-11-08,16:40:29,Burglary,Mission Commercial,District 3,37.753929,-122.420023,Commercial Retail,Reported Burglary at Commercial Retail
SYN-2024-00971,2024-11-08,20:44:15,Public Disorder,Downtown Central,District 1,37.779483,-122.416402,Street / Sidewalk,Reported Public Disorder at Street / Sidewalk
SYN-2024-03514,2024-11-09,07:18:24,Assault,Downtown Central,District 1,37.780089,-122.416911,Street / Sidewalk,Reported Assault at Street / Sidewalk
SYN-2024-04157,2024-11-09,11:06:08,Public Disorder,Waterfront Marina,District 2,37.806051,-122.441505,Park / Public Space,Reported Public Disorder at Park / Public Space
SYN-2024-00590,2024-11-09,11:30:23,Vandalism,South Rail Corridor,District 4,37.745997,-122.378318,Street / Sidewalk,Reported Vandalism at Street / Sidewalk
SYN-2024-00799,2024-11-09,13:38:30,Public Disorder,Downtown Central,District 1,37.77938,-122.417221,Street / Sidewalk,Reported Public Disorder at Street / Sidewalk
SYN-2024-01161,2024-11-09,13:47:20,Burglary,Mission Commercial,District 3,37.769482,-122.418662,Commercial Retail,Reported Burglary at Commercial Retail
SYN-2024-01754,2024-11-09,15:52:21,Vandalism,Downtown Central,District 1,37.784843,-122.419316,Parking Facility,Reported Vandalism at Parking Facility
SYN-2024-02671,2024-11-09,16:40:15,Narcotics,Waterfront Marina,District 2,37.798117,-122.44588,Park / Public Space,Reported Narcotics at Park / Public Space
SYN-2024-04108,2024-11-09,18:01:54,Narcotics,Mission Commercial,District 3,37.755905,-122.417799,Transit Station,Reported Narcotics at Transit Station
SYN-2024-04359,2024-11-09,18:11:19,Narcotics,South Rail Corridor,District 4,37.742236,-122.38874,Street / Sidewalk,Reported Narcotics at Street / Sidewalk
SYN-2024-00847,2024-11-09,19:06:33,Assault,Downtown Central,District 1,37.781339,-122.418777,Street / Sidewalk,Reported Assault at Street / Sidewalk
SYN-2024-01666,2024-11-09,23:20:30,Public Disorder,Mission Commercial,District 3,37.757933,-122.41832,Bar / Restaurant,Reported Public Disorder at Bar / Restaurant
SYN-2024-04101,2024-11-09,23:36:37,Assault,Mission Commercial,District 3,37.762035,-122.415264,Park / Public Space,Reported Assault at Park / Public Space
SYN-2024-02176,2024-11-09,23:38:34,Vandalism,South Rail Corridor,District 4,37.745968,-122.399217,Park / Public Space,Reported Vandalism at Park / Public Space
SYN-2024-01971,2024-11-10,03:46:26,Motor Vehicle Theft,Waterfront Marina,District 2,37.804325,-122.433765,Street / Sidewalk,Reported Motor Vehicle Theft at Street / Sidewalk
SYN-2024-00612,2024-11-10,08:05:27,Vandalism,Westside Arts,District 5,37.773583,-122.4255,Commercial Retail,Reported Vandalism at Commercial Retail
SYN-2024-02524,2024-11-10,11:35:37,Vandalism,Waterfront Marina,District 2,37.793545,-122.434556,Park / Public Space,Reported Vandalism at Park / Public Space
SYN-2024-04185,2024-11-10,17:56:31,Assault,Waterfront Marina,District 2,37.803402,-122.439694,Park / Public Space,Reported Assault at Park / Public Space
SYN-2024-04473,2024-11-10,21:11:51,Vandalism,Mission Commercial,District 3,37.761861,-122.413308,Street / Sidewalk,Reported Vandalism at Street / Sidewalk
SYN-2024-01721,2024-11-11,07:00:47,Burglary,Waterfront Marina,District 2,37.805154,-122.436054,Commercial Retail,Reported Burglary at Commercial Retail
SYN-2024-02096,2024-11-11,13:44:48,Assault,Mission Commercial,District 3,37.762812,-122.425481,Bar / Restaurant,Reported Assault at Bar / Restaurant
SYN-2024-00283,2024-11-11,20:05:10,Public Disorder,Waterfront Marina,District 2,37.810098,-122.434903,Park / Public Space,Reported Public Disorder at Park / Public Space
SYN-2024-01953,2024-11-12,00:40:16,Burglary,Waterfront Marina,District 2,37.800542,-122.434092,Residential Apartment,Reported Burglary at Residential Apartment
SYN-2024-04251,2024-11-12,07:27:44,Public Disorder,Waterfront Marina,District 2,37.807151,-122.433321,Bar / Restaurant,Reported Public Disorder at Bar / Restaurant
SYN-2024-03387,2024-11-12,11:13:50,Fraud,Waterfront Marina,District 2,37.805256,-122.438977,Alleyway,Reported Fraud at Alleyway
SYN-2024-04496,2024-11-12,13:47:29,Robbery,Downtown Central,District 1,37.771229,-122.418285,Commercial Retail,Reported Robbery at Commercial Retail
SYN-2024-00791,2024-11-12,14:15:39,Public Disorder,Downtown Central,District 1,37.78088,-122.414354,Street / Sidewalk,Reported Public Disorder at Street / Sidewalk
SYN-2024-00913,2024-11-12,23:50:57,Theft / Larceny,Downtown Central,District 1,37.77849,-122.41527,Park / Public Space,Reported Theft / Larceny at Park / Public Space
SYN-2024-02795,2024-11-13,11:54:02,Assault,Mission Commercial,District 3,37.763771,-122.414699,Bar / Restaurant,Reported Assault at Bar / Restaurant
SYN-2024-02375,2024-11-13,12:54:56,Motor Vehicle Theft,Mission Commercial,District 3,37.759717,-122.417902,Parking Facility,Reported Motor Vehicle Theft at Parking Facility
SYN-2024-00773,2024-11-13,15:43:29,Theft / Larceny,Downtown Central,District 1,37.781954,-122.422836,Parking Facility,Reported Theft / Larceny at Parking Facility
SYN-2024-03322,2024-11-13,17:31:58,Assault,Waterfront Marina,District 2,37.798572,-122.434493,Street / Sidewalk,Reported Assault at Street / Sidewalk
SYN-2024-03582,2024-11-13,19:55:21,Fraud,Mission Commercial,District 3,37.767648,-122.413866,Residential Apartment,Reported Fraud at Residential Apartment
SYN-2024-02660,2024-11-13,21:19:35,Public Disorder,Waterfront Marina,District 2,37.798951,-122.434328,Park / Public Space,Reported Public Disorder at Park / Public Space
SYN-2024-03249,2024-11-13,23:07:50,Vandalism,Downtown Central,District 1,37.771635,-122.416619,Alleyway,Reported Vandalism at Alleyway
SYN-2024-00796,2024-11-14,10:27:11,Motor Vehicle Theft,Westside Arts,District 5,37.777156,-122.428161,Parking Facility,Reported Motor Vehicle Theft at Parking Facility
SYN-2024-00276,2024-11-14,12:35:29,Public Disorder,Downtown Central,District 1,37.778766,-122.42057,Park / Public Space,Reported Public Disorder at Park / Public Space
SYN-2024-03744,2024-11-14,14:54:48,Theft / Larceny,Waterfront Marina,District 2,37.804918,-122.434119,Parking Facility,Reported Theft / Larceny at Parking Facility
SYN-2024-04307,2024-11-15,09:03:40,Theft / Larceny,Waterfront Marina,District 2,37.800573,-122.439104,Residential Apartment,Reported Theft / Larceny at Residential Apartment
SYN-2024-02191,2024-11-15,10:36:47,Burglary,Mission Commercial,District 3,37.754683,-122.417645,Commercial Retail,Reported Burglary at Commercial Retail
SYN-2024-03550,2024-11-15,17:32:52,Vandalism,Waterfront Marina,District 2,37.803673,-122.43607,Alleyway,Reported Vandalism at Alleyway
SYN-2024-04375,2024-11-15,19:37:36,Public Disorder,Westside Arts,District 5,37.776036,-122.434545,Street / Sidewalk,Reported Public Disorder at Street / Sidewalk
SYN-2024-00055,2024-11-15,21:24:25,Theft / Larceny,South Rail Corridor,District 4,37.750536,-122.402805,Residential Apartment,Reported Theft / Larceny at Residential Apartment
SYN-2024-00956,2024-11-16,02:19:44,Narcotics,South Rail Corridor,District 4,37.75141,-122.392995,Commercial Retail,Reported Narcotics at Commercial Retail
SYN-2024-03204,2024-11-16,09:07:35,Robbery,Westside Arts,District 5,37.767592,-122.435812,Commercial Retail,Reported Robbery at Commercial Retail
SYN-2024-00119,2024-11-16,16:45:40,Theft / Larceny,Mission Commercial,District 3,37.764579,-122.410433,Street / Sidewalk,Reported Theft / Larceny at Street / Sidewalk
SYN-2024-00164,2024-11-16,20:20:46,Public Disorder,South Rail Corridor,District 4,37.746358,-122.392249,Bar / Restaurant,Reported Public Disorder at Bar / Restaurant
SYN-2024-03908,2024-11-16,20:50:05,Public Disorder,Downtown Central,District 1,37.791903,-122.390343,Street / Sidewalk,Reported Public Disorder at Street / Sidewalk
SYN-2024-03319,2024-11-17,01:29:44,Vandalism,Waterfront Marina,District 2,37.808998,-122.436704,Parking Facility,Reported Vandalism at Parking Facility
SYN-2024-02169,2024-11-17,11:44:51,Theft / Larceny,Westside Arts,District 5,37.772683,-122.434023,Bar / Restaurant,Reported Theft / Larceny at Bar / Restaurant
SYN-2024-00229,2024-11-17,13:20:18,Burglary,Westside Arts,District 5,37.773804,-122.428794,Residential Apartment,Reported Burglary at Residential Apartment
SYN-2024-00916,2024-11-17,18:32:28,Burglary,Downtown Central,District 1,37.77929,-122.408098,Residential Apartment,Reported Burglary at Residential Apartment
SYN-2024-02597,2024-11-17,19:36:26,Theft / Larceny,Mission Commercial,District 3,37.766177,-122.418127,Transit Station,Reported Theft / Larceny at Transit Station
SYN-2024-03547,2024-11-17,22:13:19,Theft / Larceny,Mission Commercial,District 3,37.753081,-122.422614,Parking Facility,Reported Theft / Larceny at Parking Facility
SYN-2024-01168,2024-11-17,22:23:57,Vandalism,Waterfront Marina,District 2,37.79816,-122.436035,Park / Public Space,Reported Vandalism at Park / Public Space
SYN-2024-04171,2024-11-17,22:38:44,Robbery,Downtown Central,District 1,37.778861,-122.416983,Park / Public Space,Reported Robbery at Park / Public Space
SYN-2024-00008,2024-11-18,10:31:25,Burglary,Waterfront Marina,District 2,37.80212,-122.431352,Residential Apartment,Reported Burglary at Residential Apartment
SYN-2024-00008,2024-11-18,10:31:25,Burglary,Waterfront Marina,District 2,37.80212,-122.431352,Residential Apartment,Reported Burglary at Residential Apartment
SYN-2024-04070,2024-11-18,16:55:05,Assault,Mission Commercial,District 3,37.749678,-122.391437,Bar / Restaurant,Reported Assault at Bar / Restaurant
SYN-2024-00512,2024-11-18,18:17:26,Robbery,Downtown Central,District 1,37.782191,-122.418021,Park / Public Space,Reported Robbery at Park / Public Space
SYN-2024-04220,2024-11-18,19:34:00,Public Disorder,Downtown Central,District 1,37.779888,-122.41335,Bar / Restaurant,Reported Public Disorder at Bar / Restaurant
SYN-2024-04092,2024-11-18,21:08:51,Motor Vehicle Theft,Mission Commercial,District 3,37.759233,-122.419808,Parking Facility,Reported Motor Vehicle Theft at Parking Facility
SYN-2024-03784,2024-11-19,16:58:33,Fraud,Westside Arts,District 5,37.774044,-122.442099,Commercial Retail,Reported Fraud at Commercial Retail
SYN-2024-04382,2024-11-19,17:31:18,Fraud,Downtown Central,District 1,37.739419,-122.455462,Alleyway,Reported Fraud at Alleyway
SYN-2024-02458,2024-11-19,20:06:31,Assault,Downtown Central,District 1,37.78349,-122.417344,Street / Sidewalk,Reported Assault at Street / Sidewalk
SYN-2024-00592,2024-11-20,14:23:11,Burglary,Downtown Central,District 1,37.782132,-122.412804,Commercial Retail,Reported Burglary at Commercial Retail
SYN-2024-01091,2024-11-20,21:10:57,Motor Vehicle Theft,South Rail Corridor,District 4,37.754297,-122.394076,Parking Facility,Reported Motor Vehicle Theft at Parking Facility
SYN-2024-00925,2024-11-20,21:59:09,Vandalism,Mission Commercial,District 3,37.757934,-122.430743,Bar / Restaurant,Reported Vandalism at Bar / Restaurant
SYN-2024-04395,2024-11-20,23:10:07,Motor Vehicle Theft,Westside Arts,District 5,37.778577,-122.442527,Parking Facility,Reported Motor Vehicle Theft at Parking Facility
SYN-2024-02391,2024-11-21,07:20:21,Fraud,Westside Arts,District 5,37.781757,-122.436091,Parking Facility,Reported Fraud at Parking Facility
SYN-2024-01077,2024-11-21,09:04:00,Public Disorder,Downtown Central,District 1,37.776931,-122.416449,Park / Public Space,Reported Public Disorder at Park / Public Space
SYN-2024-02002,2024-11-21,10:01:49,Vandalism,Downtown Central,District 1,37.774751,-122.417087,Commercial Retail,Reported Vandalism at Commercial Retail
SYN-2024-02304,2024-11-21,14:59:14,Assault,Mission Commercial,District 3,37.757918,-122.419703,Street / Sidewalk,Reported Assault at Street / Sidewalk
SYN-2024-00727,2024-11-21,21:21:40,Motor Vehicle Theft,Downtown Central,District 1,37.776785,-122.420603,Parking Facility,Reported Motor Vehicle Theft at Parking Facility
SYN-2024-00935,2024-11-21,22:27:15,Burglary,Mission Commercial,District 3,37.761665,-122.423982,Commercial Retail,Reported Burglary at Commercial Retail
SYN-2024-03860,2024-11-22,01:23:54,Motor Vehicle Theft,Westside Arts,District 5,37.774465,-122.440204,Street / Sidewalk,Reported Motor Vehicle Theft at Street / Sidewalk
SYN-2024-02350,2024-11-23,02:02:39,Burglary,Westside Arts,District 5,37.77379,-122.432332,Commercial Retail,Reported Burglary at Commercial Retail
SYN-2024-01544,2024-11-23,10:47:02,Burglary,Waterfront Marina,District 2,37.804404,-122.431324,Residential Apartment,Reported Burglary at Residential Apartment
SYN-2024-03533,2024-11-23,11:26:31,Burglary,South Rail Corridor,District 4,37.749062,-122.40284,Residential Apartment,Reported Burglary at Residential Apartment
SYN-2024-03450,2024-11-23,12:53:44,Theft / Larceny,Mission Commercial,District 3,37.756433,-122.421886,Residential Apartment,Reported Theft / Larceny at Residential Apartment
SYN-2024-03712,2024-11-23,16:49:46,Narcotics,South Rail Corridor,District 4,37.748021,-122.389765,Transit Station,Reported Narcotics at Transit Station
SYN-2024-01765,2024-11-23,20:12:07,Motor Vehicle Theft,Mission Commercial,District 3,37.760814,-122.415053,Street / Sidewalk,Reported Motor Vehicle Theft at Street / Sidewalk
SYN-2024-04259,2024-11-23,23:02:00,Theft / Larceny,Mission Commercial,District 3,37.763559,-122.415653,Street / Sidewalk,Reported Theft / Larceny at Street / Sidewalk
SYN-2024-03803,2024-11-23,23:50:36,Theft / Larceny,Downtown Central,District 1,37.774571,-122.421232,Commercial Retail,Reported Theft / Larceny at Commercial Retail
SYN-2024-00183,2024-11-24,03:49:05,Theft / Larceny,Westside Arts,District 5,37.778378,-122.428364,Street / Sidewalk,Reported Theft / Larceny at Street / Sidewalk
SYN-2024-01633,2024-11-24,07:21:49,Theft / Larceny,Waterfront Marina,District 2,37.809055,-122.438995,Parking Facility,Reported Theft / Larceny at Parking Facility
SYN-2024-01881,2024-11-24,09:37:42,Burglary,Downtown Central,District 1,37.780406,-122.418717,Commercial Retail,Reported Burglary at Commercial Retail
SYN-2024-01477,2024-11-25,02:19:52,Robbery,Downtown Central,District 1,37.784242,-122.415676,Street / Sidewalk,Reported Robbery at Street / Sidewalk
SYN-2024-03443,2024-11-25,11:10:51,Public Disorder,Downtown Central,District 1,37.78305,-122.418452,Street / Sidewalk,Reported Public Disorder at Street / Sidewalk
SYN-2024-00815,2024-11-25,13:02:51,Assault,Westside Arts,District 5,37.770986,-122.43209,Bar / Restaurant,Reported Assault at Bar / Restaurant
SYN-2024-01520,2024-11-25,13:11:55,Theft / Larceny,Westside Arts,District 5,37.774192,-122.435828,Alleyway,Reported Theft / Larceny at Alleyway
SYN-2024-04258,2024-11-25,14:20:35,Motor Vehicle Theft,Mission Commercial,District 3,37.760619,-122.410809,Street / Sidewalk,Reported Motor Vehicle Theft at Street / Sidewalk
SYN-2024-02772,2024-11-25,19:33:14,Robbery,Downtown Central,District 1,37.783915,-122.421784,Transit Station,Reported Robbery at Transit Station
SYN-2024-03827,2024-11-25,22:46:58,Burglary,Mission Commercial,District 3,37.7535,-122.419633,Residential Apartment,Reported Burglary at Residential Apartment
SYN-2024-01136,2024-11-26,08:04:57,Robbery,Downtown Central,District 1,37.767428,-122.425774,Alleyway,Reported Robbery at Alleyway
SYN-2024-00447,2024-11-26,09:46:02,Fraud,Westside Arts,District 5,37.773455,-122.436832,Commercial Retail,Reported Fraud at Commercial Retail
SYN-2024-03922,2024-11-26,15:15:54,Vandalism,Westside Arts,District 5,37.775118,-122.437895,Residential Apartment,Reported Vandalism at Residential Apartment
SYN-2024-02213,2024-11-26,20:12:25,Burglary,Mission Commercial,District 3,37.752675,-122.41321,Commercial Retail,Reported Burglary at Commercial Retail
SYN-2024-03379,2024-11-27,06:42:19,Public Disorder,Downtown Central,District 1,37.773601,-122.425028,Park / Public Space,Reported Public Disorder at Park / Public Space
SYN-2024-00394,2024-11-27,07:33:40,Public Disorder,Waterfront Marina,District 2,37.798131,-122.438825,Street / Sidewalk,Reported Public Disorder at Street / Sidewalk
SYN-2024-00296,2024-11-27,09:45:58,Theft / Larceny,Downtown Central,District 1,37.770974,-122.408831,Park / Public Space,Reported Theft / Larceny at Park / Public Space
SYN-2024-03623,2024-11-27,19:38:55,Public Disorder,Downtown Central,District 1,37.740866,-122.458714,Park / Public Space,Reported Public Disorder at Park / Public Space
SYN-2024-02020,2024-11-28,09:22:39,Public Disorder,Westside Arts,District 5,37.774201,-122.437402,Park / Public Space,Reported Public Disorder at Park / Public Space
SYN-2024-02682,2024-11-28,15:51:37,Burglary,South Rail Corridor,District 4,37.753659,-122.385388,Residential Apartment,Reported Burglary at Residential Apartment
SYN-2024-02390,2024-11-28,16:41:38,Assault,Westside Arts,District 5,37.756229,-122.413301,Park / Public Space,Reported Assault at Park / Public Space
SYN-2024-04343,2024-11-28,19:45:09,Assault,Downtown Central,District 1,37.782127,-122.413208,Park / Public Space,Reported Assault at Park / Public Space
SYN-2024-01963,2024-11-28,19:57:46,Motor Vehicle Theft,South Rail Corridor,District 4,37.759953,-122.388743,Parking Facility,Reported Motor Vehicle Theft at Parking Facility
SYN-2024-01996,2024-11-29,08:48:17,Vandalism,South Rail Corridor,District 4,37.752174,-122.398717,Parking Facility,Reported Vandalism at Parking Facility
SYN-2024-04289,2024-11-29,09:36:33,Burglary,South Rail Corridor,District 4,37.746228,-122.395701,Residential Apartment,Reported Burglary at Residential Apartment
SYN-2024-03365,2024-11-29,11:22:30,Burglary,South Rail Corridor,District 4,37.753401,-122.387287,Residential Apartment,Reported Burglary at Residential Apartment
SYN-2024-01057,2024-11-29,11:27:07,Fraud,Downtown Central,District 1,37.776985,-122.415499,Commercial Retail,Reported Fraud at Commercial Retail
SYN-2024-04027,2024-11-29,11:40:10,Vandalism,Westside Arts,District 5,37.770353,-122.437189,Commercial Retail,Reported Vandalism at Commercial Retail
SYN-2024-03654,2024-11-29,17:18:49,Narcotics,Westside Arts,District 5,37.780221,-122.432755,Parking Facility,Reported Narcotics at Parking Facility
SYN-2024-00714,2024-11-29,17:39:26,Robbery,Mission Commercial,District 3,37.768115,-122.421188,Park / Public Space,Reported Robbery at Park / Public Space
SYN-2024-00221,2024-11-30,01:17:50,Narcotics,South Rail Corridor,District 4,37.746455,-122.389468,Park / Public Space,Reported Narcotics at Park / Public Space
SYN-2024-03493,2024-11-30,11:00:12,Burglary,Downtown Central,District 1,37.775787,-122.422661,Residential Apartment,Reported Burglary at Residential Apartment
SYN-2024-03092,2024-11-30,11:12:05,Fraud,Westside Arts,District 5,37.773754,-122.438321,Street / Sidewalk,Reported Fraud at Street / Sidewalk
SYN-2024-01304,2024-11-30,13:20:53,Fraud,Westside Arts,District 5,37.772464,-122.433046,Bar / Restaurant,Reported Fraud at Bar / Restaurant
SYN-2024-00596,2024-11-30,17:37:33,Fraud,Downtown Central,District 1,37.787082,-122.412317,Transit Station,Reported Fraud at Transit Station
SYN-2024-01849,2024-11-30,19:17:15,Burglary,Waterfront Marina,District 2,37.79953,-122.437857,Residential Apartment,Reported Burglary at Residential Apartment
SYN-2024-03721,2024-11-30,19:20:47,Fraud,Westside Arts,District 5,37.776014,-122.434924,Parking Facility,Reported Fraud at Parking Facility
SYN-2024-01580,2024-11-30,22:58:33,Theft / Larceny,Downtown Central,District 1,37.773894,-122.411158,Commercial Retail,Reported Theft / Larceny at Commercial Retail
SYN-2024-01203,2024-12-01,08:19:33,Theft / Larceny,Downtown Central,District 1,37.770741,-122.413626,Alleyway,Reported Theft / Larceny at Alleyway
SYN-2024-01316,2024-12-01,13:48:10,Narcotics,South Rail Corridor,District 4,37.742426,-122.403446,Transit Station,Reported Narcotics at Transit Station
SYN-2024-01882,2024-12-01,15:39:05,Theft / Larceny,Mission Commercial,District 3,37.757518,-122.421878,Street / Sidewalk,Reported Theft / Larceny at Street / Sidewalk
SYN-2024-02566,2024-12-01,17:09:11,Burglary,South Rail Corridor,District 4,37.750013,-122.395762,Commercial Retail,Reported Burglary at Commercial Retail
SYN-2024-00284,2024-12-01,18:22:25,Vandalism,Mission Commercial,District 3,37.766395,-122.423824,Parking Facility,Reported Vandalism at Parking Facility
SYN-2024-02865,2024-12-02,09:15:05,Public Disorder,Westside Arts,District 5,37.768,-122.436816,Bar / Restaurant,Reported Public Disorder at Bar / Restaurant
SYN-2024-00951,2024-12-02,16:20:57,Theft / Larceny,Downtown Central,District 1,37.776796,-122.417381,Transit Station,Reported Theft / Larceny at Transit Station
SYN-2024-02370,2024-12-02,18:02:04,Vandalism,Mission Commercial,District 3,37.761012,-122.418802,Parking Facility,Reported Vandalism at Parking Facility
SYN-2024-00669,2024-12-02,18:43:07,Assault,Mission Commercial,District 3,37.760935,-122.417647,Bar / Restaurant,Reported Assault at Bar / Restaurant
SYN-2024-01918,2024-12-02,21:08:54,Burglary,Mission Commercial,District 3,37.817105,-122.395516,Residential Apartment,Reported Burglary at Residential Apartment
SYN-2024-03882,2024-12-03,09:28:39,Theft / Larceny,Westside Arts,District 5,37.774212,-122.437588,Transit Station,Reported Theft / Larceny at Transit Station
SYN-2024-00228,2024-12-03,14:52:55,Theft / Larceny,Westside Arts,District 5,37.77728,-122.435784,Transit Station,Reported Theft / Larceny at Transit Station
SYN-2024-03490,2024-12-03,23:08:42,Assault,Downtown Central,District 1,37.784329,-122.422354,Park / Public Space,Reported Assault at Park / Public Space
SYN-2024-00017,2024-12-04,05:15:17,Theft / Larceny,Westside Arts,District 5,,,Parking Facility,Reported Theft / Larceny at Parking Facility
SYN-2024-02151,2024-12-04,08:15:12,Assault,Waterfront Marina,District 2,37.799662,-122.441289,Street / Sidewalk,Reported Assault at Street / Sidewalk
SYN-2024-02773,2024-12-04,19:36:07,Vandalism,South Rail Corridor,District 4,37.738597,-122.396138,Parking Facility,Reported Vandalism at Parking Facility
SYN-2024-04054,2024-12-04,19:54:12,Fraud,Westside Arts,District 5,37.77458,-122.433281,Bar / Restaurant,Reported Fraud at Bar / Restaurant
SYN-2024-02501,2024-12-04,20:54:15,Public Disorder,Mission Commercial,District 3,37.761821,-122.415565,Street / Sidewalk,Reported Public Disorder at Street / Sidewalk
SYN-2024-02308,2024-12-04,22:25:38,Robbery,Downtown Central,District 1,37.782606,-122.422246,Park / Public Space,Reported Robbery at Park / Public Space
SYN-2024-01185,2024-12-05,01:30:02,Theft / Larceny,Westside Arts,District 5,37.763933,-122.412119,Bar / Restaurant,Reported Theft / Larceny at Bar / Restaurant
SYN-2024-00287,2024-12-05,08:29:03,Robbery,Downtown Central,District 1,37.77525,-122.413598,Bar / Restaurant,Reported Robbery at Bar / Restaurant
SYN-2024-04019,2024-12-05,11:07:29,Theft / Larceny,Westside Arts,District 5,37.772803,-122.433978,Alleyway,Reported Theft / Larceny at Alleyway
SYN-2024-00332,2024-12-05,16:29:54,Theft / Larceny,Downtown Central,District 1,37.779828,-122.414721,Commercial Retail,Reported Theft / Larceny at Commercial Retail
SYN-2024-00594,2024-12-05,17:18:30,Narcotics,Waterfront Marina,District 2,37.800663,-122.446856,Parking Facility,Reported Narcotics at Parking Facility
SYN-2024-02770,2024-12-05,18:01:23,Theft / Larceny,Waterfront Marina,District 2,37.799169,-122.443975,Commercial Retail,Reported Theft / Larceny at Commercial Retail
SYN-2024-00317,2024-12-05,18:03:47,Vandalism,Mission Commercial,District 3,37.803565,-122.435756,Park / Public Space,Reported Vandalism at Park / Public Space
SYN-2024-04406,2024-12-06,01:20:12,Vandalism,South Rail Corridor,District 4,37.74578,-122.39657,Bar / Restaurant,Reported Vandalism at Bar / Restaurant
SYN-2024-02916,2024-12-06,09:28:30,Theft / Larceny,Mission Commercial,District 3,37.761868,-122.418943,Park / Public Space,Reported Theft / Larceny at Park / Public Space
SYN-2024-03728,2024-12-06,14:22:47,Robbery,Westside Arts,District 5,37.775813,-122.429808,Street / Sidewalk,Reported Robbery at Street / Sidewalk
SYN-2024-02811,2024-12-06,15:31:49,Vandalism,Mission Commercial,District 3,37.761209,-122.413362,Transit Station,Reported Vandalism at Transit Station
SYN-2024-01415,2024-12-06,17:50:04,Robbery,Mission Commercial,District 3,37.757752,-122.42083,Alleyway,Reported Robbery at Alleyway
SYN-2024-00129,2024-12-07,06:42:09,Vandalism,South Rail Corridor,District 4,37.748397,-122.394278,Bar / Restaurant,Reported Vandalism at Bar / Restaurant
SYN-2024-03866,2024-12-07,16:21:13,Assault,Waterfront Marina,District 2,37.801762,-122.439317,Bar / Restaurant,Reported Assault at Bar / Restaurant
SYN-2024-00827,2024-12-07,18:54:46,Theft / Larceny,South Rail Corridor,District 4,37.750798,-122.402893,Street / Sidewalk,Reported Theft / Larceny at Street / Sidewalk
SYN-2024-03310,2024-12-07,21:51:34,Theft / Larceny,Downtown Central,District 1,37.811169,-122.438507,Residential Apartment,Reported Theft / Larceny at Residential Apartment
SYN-2024-03479,2024-12-08,09:08:16,Fraud,South Rail Corridor,District 4,37.747363,-122.393303,Parking Facility,Reported Fraud at Parking Facility
SYN-2024-00429,2024-12-08,13:35:59,Public Disorder,Waterfront Marina,District 2,37.809601,-122.445367,Street / Sidewalk,Reported Public Disorder at Street / Sidewalk
SYN-2024-01703,2024-12-08,19:59:17,Public Disorder,Westside Arts,District 5,37.783032,-122.430581,Park / Public Space,Reported Public Disorder at Park / Public Space
SYN-2024-04326,2024-12-08,20:10:26,Robbery,Downtown Central,District 1,37.775605,-122.419086,Residential Apartment,Reported Robbery at Residential Apartment
SYN-2024-04016,2024-12-08,20:29:14,Public Disorder,Waterfront Marina,District 2,37.793118,-122.443152,Street / Sidewalk,Reported Public Disorder at Street / Sidewalk
SYN-2024-01913,2024-12-08,20:58:19,Public Disorder,Mission Commercial,District 3,37.790235,-122.416251,Bar / Restaurant,Reported Public Disorder at Bar / Restaurant
SYN-2024-00906,2024-12-09,11:34:06,Robbery,Downtown Central,District 1,37.782299,-122.406458,Transit Station,Reported Robbery at Transit Station
SYN-2024-00185,2024-12-09,11:41:34,Robbery,Mission Commercial,District 3,37.757435,-122.418477,Parking Facility,Reported Robbery at Parking Facility
SYN-2024-00497,2024-12-09,17:09:10,Vandalism,Waterfront Marina,District 2,37.79925,-122.429992,Street / Sidewalk,Reported Vandalism at Street / Sidewalk
SYN-2024-02245,2024-12-09,21:01:43,Vandalism,Downtown Central,District 1,37.782273,-122.414758,Parking Facility,Reported Vandalism at Parking Facility
SYN-2024-01400,2024-12-10,09:20:37,Theft / Larceny,Mission Commercial,District 3,37.75982,-122.421274,Commercial Retail,Reported Theft / Larceny at Commercial Retail
SYN-2024-01454,2024-12-10,19:34:21,Burglary,Mission Commercial,District 3,37.766782,-122.413861,Residential Apartment,Reported Burglary at Residential Apartment
SYN-2024-01777,2024-12-11,17:57:24,Robbery,Downtown Central,District 1,37.779318,-122.407571,Alleyway,Reported Robbery at Alleyway
SYN-2024-01983,2024-12-11,18:01:30,Narcotics,South Rail Corridor,District 4,37.752046,-122.391934,Alleyway,Reported Narcotics at Alleyway
SYN-2024-04078,2024-12-12,07:14:42,Robbery,Downtown Central,District 1,37.786403,-122.425403,Alleyway,Reported Robbery at Alleyway
SYN-2024-03297,2024-12-12,07:21:02,Vandalism,Downtown Central,District 1,37.779059,-122.412051,Alleyway,Reported Vandalism at Alleyway
SYN-2024-02868,2024-12-12,08:29:47,Theft / Larceny,Mission Commercial,District 3,37.751171,-122.419323,Residential Apartment,Reported Theft / Larceny at Residential Apartment
SYN-2024-03958,2024-12-12,08:30:38,Narcotics,Westside Arts,District 5,37.777149,-122.438631,Transit Station,Reported Narcotics at Transit Station
SYN-2024-00622,2024-12-12,10:54:25,Public Disorder,Downtown Central,District 1,37.779761,-122.425145,Park / Public Space,Reported Public Disorder at Park / Public Space
SYN-2024-03688,2024-12-12,16:41:00,Theft / Larceny,Downtown Central,District 1,37.772662,-122.424835,Street / Sidewalk,Reported Theft / Larceny at Street / Sidewalk
SYN-2024-04255,2024-12-12,20:00:53,Burglary,Mission Commercial,District 3,37.751313,-122.423083,Commercial Retail,Reported Burglary at Commercial Retail
SYN-2024-03396,2024-12-12,20:18:43,Vandalism,Downtown Central,District 1,37.778635,-122.41515,Commercial Retail,Reported Vandalism at Commercial Retail
SYN-2024-04105,2024-12-12,23:31:14,Motor Vehicle Theft,Waterfront Marina,District 2,37.803364,-122.427631,Street / Sidewalk,Reported Motor Vehicle Theft at Street / Sidewalk
SYN-2024-02139,2024-12-13,09:12:49,Motor Vehicle Theft,South Rail Corridor,District 4,37.741603,-122.383785,Parking Facility,Reported Motor Vehicle Theft at Parking Facility
SYN-2024-00767,2024-12-13,10:27:43,Vandalism,Westside Arts,District 5,37.781248,-122.434081,Transit Station,Reported Vandalism at Transit Station
SYN-2024-02741,2024-12-13,18:37:35,Motor Vehicle Theft,Westside Arts,District 5,37.769594,-122.431106,Parking Facility,Reported Motor Vehicle Theft at Parking Facility
SYN-2024-00121,2024-12-13,19:04:32,Theft / Larceny,Westside Arts,District 5,37.780007,-122.436345,Park / Public Space,Reported Theft / Larceny at Park / Public Space
SYN-2024-01173,2024-12-13,19:47:52,Vandalism,South Rail Corridor,District 4,37.80454,-122.45849,Transit Station,Reported Vandalism at Transit Station
SYN-2024-02430,2024-12-13,19:58:28,Assault,Downtown Central,District 1,37.773039,-122.422214,Street / Sidewalk,Reported Assault at Street / Sidewalk
SYN-2024-04335,2024-12-14,01:40:47,Robbery,Downtown Central,District 1,37.785933,-122.414296,Park / Public Space,Reported Robbery at Park / Public Space
SYN-2024-02628,2024-12-14,08:00:19,Robbery,Mission Commercial,District 3,37.756528,-122.429897,Street / Sidewalk,Reported Robbery at Street / Sidewalk
SYN-2024-02349,2024-12-14,10:21:12,Theft / Larceny,Mission Commercial,District 3,37.760705,-122.415625,Transit Station,Reported Theft / Larceny at Transit Station
SYN-2024-02949,2024-12-14,13:28:08,Burglary,Mission Commercial,District 3,37.758071,-122.420366,Commercial Retail,Reported Burglary at Commercial Retail
SYN-2024-02317,2024-12-14,18:17:44,Vandalism,Mission Commercial,District 3,37.770455,-122.3802,Transit Station,Reported Vandalism at Transit Station
SYN-2024-00525,2024-12-14,18:27:50,Vandalism,South Rail Corridor,District 4,37.744556,-122.400037,Residential Apartment,Reported Vandalism at Residential Apartment
SYN-2024-04210,2024-12-15,08:44:45,Public Disorder,Downtown Central,District 1,37.779234,-122.420133,Park / Public Space,Reported Public Disorder at Park / Public Space
SYN-2024-02919,2024-12-15,12:40:17,Vandalism,Mission Commercial,District 3,37.751509,-122.412686,Transit Station,Reported Vandalism at Transit Station
SYN-2024-02683,2024-12-15,13:04:05,Motor Vehicle Theft,Mission Commercial,District 3,37.761971,-122.416859,Parking Facility,Reported Motor Vehicle Theft at Parking Facility
SYN-2024-01353,2024-12-15,16:20:58,Fraud,Downtown Central,District 1,37.784057,-122.422307,Alleyway,Reported Fraud at Alleyway
SYN-2024-01892,2024-12-15,17:37:50,Theft / Larceny,Downtown Central,District 1,37.773827,-122.418829,Street / Sidewalk,Reported Theft / Larceny at Street / Sidewalk
SYN-2024-00810,2024-12-16,10:31:43,Theft / Larceny,Waterfront Marina,District 2,37.807809,-122.436736,Transit Station,Reported Theft / Larceny at Transit Station
SYN-2024-04415,2024-12-16,10:42:24,Burglary,Mission Commercial,District 3,37.759931,-122.41301,Commercial Retail,Reported Burglary at Commercial Retail
SYN-2024-03723,2024-12-16,11:23:50,Motor Vehicle Theft,Mission Commercial,District 3,37.760679,-122.419263,Street / Sidewalk,Reported Motor Vehicle Theft at Street / Sidewalk
SYN-2024-00304,2024-12-16,13:46:04,Robbery,Mission Commercial,District 3,37.768425,-122.419782,Commercial Retail,Reported Robbery at Commercial Retail
SYN-2024-01689,2024-12-16,14:03:29,Vandalism,Downtown Central,District 1,37.776051,-122.416438,Transit Station,Reported Vandalism at Transit Station
SYN-2024-00177,2024-12-16,18:55:46,Vandalism,Westside Arts,District 5,37.775961,-122.432468,Transit Station,Reported Vandalism at Transit Station
SYN-2024-03458,2024-12-16,19:29:24,Assault,Downtown Central,District 1,37.782402,-122.415698,Street / Sidewalk,Reported Assault at Street / Sidewalk
SYN-2024-02412,2024-12-17,09:35:06,Assault,Downtown Central,District 1,37.775331,-122.416155,Bar / Restaurant,Reported Assault at Bar / Restaurant
SYN-2024-02796,2024-12-17,10:49:28,Narcotics,Waterfront Marina,District 2,37.809749,-122.435472,Commercial Retail,Reported Narcotics at Commercial Retail
SYN-2024-01126,2024-12-17,12:28:09,Assault,Mission Commercial,District 3,37.761916,-122.415514,Bar / Restaurant,Reported Assault at Bar / Restaurant
SYN-2024-02876,2024-12-17,13:00:19,Burglary,South Rail Corridor,District 4,37.74058,-122.388117,Commercial Retail,Reported Burglary at Commercial Retail
SYN-2024-00873,2024-12-17,15:48:12,Motor Vehicle Theft,Mission Commercial,District 3,37.7571,-122.419952,Street / Sidewalk,Reported Motor Vehicle Theft at Street / Sidewalk
SYN-2024-00029,2024-12-17,17:16:32,Robbery,Mission Commercial,District 3,37.757145,-122.417513,Street / Sidewalk,Reported Robbery at Street / Sidewalk
SYN-2024-03495,2024-12-17,18:44:21,Vandalism,Mission Commercial,District 3,37.802561,-122.397306,Park / Public Space,Reported Vandalism at Park / Public Space
SYN-2024-01550,2024-12-17,22:10:25,Burglary,South Rail Corridor,District 4,37.742359,-122.397351,Residential Apartment,Reported Burglary at Residential Apartment
SYN-2024-03306,2024-12-18,15:28:23,Assault,Mission Commercial,District 3,37.761796,-122.420258,Street / Sidewalk,Reported Assault at Street / Sidewalk
SYN-2024-02586,2024-12-18,15:38:19,Public Disorder,Waterfront Marina,District 2,37.800887,-122.436282,Park / Public Space,Reported Public Disorder at Park / Public Space
SYN-2024-01744,2024-12-18,17:24:10,Motor Vehicle Theft,Mission Commercial,District 3,37.753065,-122.415939,Street / Sidewalk,Reported Motor Vehicle Theft at Street / Sidewalk
SYN-2024-00062,2024-12-18,19:21:22,Theft / Larceny,Westside Arts,District 5,37.774437,-122.438084,Transit Station,Reported Theft / Larceny at Transit Station
SYN-2024-03639,2024-12-18,22:40:30,Public Disorder,Waterfront Marina,District 2,37.811814,-122.439395,Bar / Restaurant,Reported Public Disorder at Bar / Restaurant
SYN-2024-02283,2024-12-18,23:11:48,Motor Vehicle Theft,Westside Arts,District 5,37.78697,-122.43736,Street / Sidewalk,Reported Motor Vehicle Theft at Street / Sidewalk
SYN-2024-03011,2024-12-19,07:54:18,Assault,Mission Commercial,District 3,37.756727,-122.418363,Park / Public Space,Reported Assault at Park / Public Space
SYN-2024-03711,2024-12-19,10:21:39,Theft / Larceny,Downtown Central,District 1,37.782853,-122.413333,Park / Public Space,Reported Theft / Larceny at Park / Public Space
SYN-2024-02570,2024-12-19,11:09:57,Assault,Mission Commercial,District 3,37.759279,-122.412401,Street / Sidewalk,Reported Assault at Street / Sidewalk
SYN-2024-03558,2024-12-20,11:53:00,Vandalism,Mission Commercial,District 3,37.760207,-122.424534,Street / Sidewalk,Reported Vandalism at Street / Sidewalk
SYN-2024-02838,2024-12-20,18:43:39,Theft / Larceny,Waterfront Marina,District 2,37.737504,-122.437263,Parking Facility,Reported Theft / Larceny at Parking Facility
SYN-2024-02701,2024-12-20,19:13:15,Burglary,Waterfront Marina,District 2,37.748006,-122.429718,Residential Apartment,Reported Burglary at Residential Apartment
SYN-2024-04432,2024-12-20,20:33:11,Burglary,Waterfront Marina,District 2,37.807012,-122.433727,Commercial Retail,Reported Burglary at Commercial Retail
SYN-2024-03414,2024-12-21,08:15:38,Assault,Downtown Central,District 1,37.771989,-122.412252,Street / Sidewalk,Reported Assault at Street / Sidewalk
SYN-2024-00438,2024-12-21,10:05:28,Vandalism,Downtown Central,District 1,37.787823,-122.416995,Parking Facility,Reported Vandalism at Parking Facility
SYN-2024-03918,2024-12-21,13:55:47,Public Disorder,Downtown Central,District 1,37.770413,-122.406586,Bar / Restaurant,Reported Public Disorder at Bar / Restaurant
SYN-2024-00802,2024-12-22,15:44:23,Burglary,Westside Arts,District 5,37.775046,-122.434047,Commercial Retail,Reported Burglary at Commercial Retail
SYN-2024-00568,2024-12-22,16:12:07,Narcotics,South Rail Corridor,District 4,37.755642,-122.392553,Park / Public Space,Reported Narcotics at Park / Public Space
SYN-2024-01905,2024-12-23,08:46:27,Theft / Larceny,Downtown Central,District 1,37.781782,-122.426024,Park / Public Space,Reported Theft / Larceny at Park / Public Space
SYN-2024-02364,2024-12-23,18:30:54,Burglary,Waterfront Marina,District 2,37.794602,-122.443864,Commercial Retail,Reported Burglary at Commercial Retail
SYN-2024-01832,2024-12-23,19:20:12,Burglary,Waterfront Marina,District 2,37.805643,-122.439517,Commercial Retail,Reported Burglary at Commercial Retail
SYN-2024-01922,2024-12-23,20:55:26,Burglary,South Rail Corridor,District 4,37.743273,-122.383978,Residential Apartment,Reported Burglary at Residential Apartment
SYN-2024-02046,2024-12-24,07:11:22,Burglary,Westside Arts,District 5,37.777254,-122.43704,Commercial Retail,Reported Burglary at Commercial Retail
SYN-2024-01593,2024-12-24,18:53:50,Assault,Downtown Central,District 1,37.813763,-122.402746,Park / Public Space,Reported Assault at Park / Public Space
SYN-2024-01253,2024-12-24,21:03:25,Fraud,Mission Commercial,District 3,37.757477,-122.421594,Commercial Retail,Reported Fraud at Commercial Retail
SYN-2024-03986,2024-12-24,22:41:09,Burglary,South Rail Corridor,District 4,37.747596,-122.383217,Residential Apartment,Reported Burglary at Residential Apartment
SYN-2024-03844,2024-12-25,13:18:57,Assault,Mission Commercial,District 3,37.762873,-122.41576,Street / Sidewalk,Reported Assault at Street / Sidewalk
SYN-2024-02394,2024-12-25,19:34:34,Theft / Larceny,Mission Commercial,District 3,37.767879,-122.41701,Transit Station,Reported Theft / Larceny at Transit Station
SYN-2024-00760,2024-12-26,02:32:39,Vandalism,Downtown Central,District 1,37.780408,-122.420948,Bar / Restaurant,Reported Vandalism at Bar / Restaurant
SYN-2024-01387,2024-12-26,12:32:10,Theft / Larceny,Downtown Central,District 1,37.775856,-122.409546,Transit Station,Reported Theft / Larceny at Transit Station
SYN-2024-03007,2024-12-26,13:37:43,Motor Vehicle Theft,Waterfront Marina,District 2,37.809164,-122.429206,Street / Sidewalk,Reported Motor Vehicle Theft at Street / Sidewalk
SYN-2024-01788,2024-12-26,17:13:40,Robbery,Westside Arts,District 5,37.770943,-122.438051,Transit Station,Reported Robbery at Transit Station
SYN-2024-03601,2024-12-26,19:00:28,Public Disorder,Downtown Central,District 1,37.777027,-122.424061,Street / Sidewalk,Reported Public Disorder at Street / Sidewalk
SYN-2024-00418,2024-12-27,00:53:16,Theft / Larceny,Downtown Central,District 1,37.813826,-122.421876,Park / Public Space,Reported Theft / Larceny at Park / Public Space
SYN-2024-01031,2024-12-27,02:15:22,Robbery,Downtown Central,District 1,37.779348,-122.412752,Commercial Retail,Reported Robbery at Commercial Retail
SYN-2024-03131,2024-12-27,20:08:58,Theft / Larceny,Mission Commercial,District 3,37.762916,-122.420141,Transit Station,Reported Theft / Larceny at Transit Station
SYN-2024-02884,2024-12-27,22:21:36,Narcotics,Downtown Central,District 1,37.775879,-122.4108,Street / Sidewalk,Reported Narcotics at Street / Sidewalk
SYN-2024-00288,2024-12-28,09:17:28,Theft / Larceny,Waterfront Marina,District 2,37.79289,-122.436937,Residential Apartment,Reported Theft / Larceny at Residential Apartment
SYN-2024-02121,2024-12-28,12:34:47,Assault,Downtown Central,District 1,37.780902,-122.420208,Bar / Restaurant,Reported Assault at Bar / Restaurant
SYN-2024-03452,2024-12-28,13:15:13,Vandalism,Downtown Central,District 1,37.773381,-122.416936,Commercial Retail,Reported Vandalism at Commercial Retail
SYN-2024-03512,2024-12-28,15:34:07,Public Disorder,Downtown Central,District 1,37.783189,-122.412151,Bar / Restaurant,Reported Public Disorder at Bar / Restaurant
SYN-2024-00419,2024-12-28,16:11:47,Fraud,Westside Arts,District 5,37.775255,-122.432332,Alleyway,Reported Fraud at Alleyway
SYN-2024-01162,2024-12-28,17:08:29,Theft / Larceny,Waterfront Marina,District 2,37.801236,-122.440597,Residential Apartment,Reported Theft / Larceny at Residential Apartment
SYN-2024-03563,2024-12-28,20:55:25,Assault,Mission Commercial,District 3,37.765199,-122.410049,Street / Sidewalk,Reported Assault at Street / Sidewalk
SYN-2024-00505,2024-12-28,21:39:36,Burglary,Mission Commercial,District 3,37.760359,-122.415706,Residential Apartment,Reported Burglary at Residential Apartment
SYN-2024-03333,2024-12-29,18:47:34,Public Disorder,Mission Commercial,District 3,37.766092,-122.411554,Park / Public Space,Reported Public Disorder at Park / Public Space
SYN-2024-02982,2024-12-29,20:32:20,Motor Vehicle Theft,Westside Arts,District 5,37.751577,-122.41908,Parking Facility,Reported Motor Vehicle Theft at Parking Facility
SYN-2024-03160,2024-12-29,20:47:21,Vandalism,Mission Commercial,District 3,37.767326,-122.428759,Street / Sidewalk,Reported Vandalism at Street / Sidewalk
SYN-2024-04008,2024-12-29,21:42:40,Theft / Larceny,Mission Commercial,District 3,37.790652,-122.388344,Alleyway,Reported Theft / Larceny at Alleyway
SYN-2024-00996,2024-12-29,22:29:56,Assault,Westside Arts,District 5,37.776591,-122.436898,Street / Sidewalk,Reported Assault at Street / Sidewalk
SYN-2024-03144,2024-12-30,00:48:09,Assault,Downtown Central,District 1,37.776471,-122.416298,Street / Sidewalk,Reported Assault at Street / Sidewalk
SYN-2024-00606,2024-12-30,02:18:33,Burglary,Westside Arts,District 5,37.775653,-122.433535,Residential Apartment,Reported Burglary at Residential Apartment
SYN-2024-02993,2024-12-30,16:42:52,Theft / Larceny,Westside Arts,District 5,37.778344,-122.433121,Bar / Restaurant,Reported Theft / Larceny at Bar / Restaurant
SYN-2024-02386,2024-12-30,17:48:46,Vandalism,Downtown Central,District 1,37.782834,-122.421253,Bar / Restaurant,Reported Vandalism at Bar / Restaurant
SYN-2024-01805,2024-12-30,19:13:46,Public Disorder,Waterfront Marina,District 2,37.796181,-122.438063,Street / Sidewalk,Reported Public Disorder at Street / Sidewalk
SYN-2024-01267,2024-12-31,09:13:19,Public Disorder,Waterfront Marina,District 2,37.804358,-122.441404,Street / Sidewalk,Reported Public Disorder at Street / Sidewalk
SYN-2025-02686,2025-01-01,08:59:25,Motor Vehicle Theft,Mission Commercial,District 3,37.759367,-122.418596,Street / Sidewalk,Reported Motor Vehicle Theft at Street / Sidewalk
SYN-2025-02315,2025-01-01,09:26:06,Burglary,Westside Arts,District 5,37.776194,-122.430143,Residential Apartment,Reported Burglary at Residential Apartment
SYN-2025-00950,2025-01-01,11:13:42,Motor Vehicle Theft,Mission Commercial,District 3,37.759753,-122.418462,Parking Facility,Reported Motor Vehicle Theft at Parking Facility
SYN-2025-01102,2025-01-01,15:11:48,Vandalism,Downtown Central,District 1,37.776342,-122.42431,Alleyway,Reported Vandalism at Alleyway
SYN-2025-01795,2025-01-01,18:14:20,Burglary,Downtown Central,District 1,37.780915,-122.412979,Commercial Retail,Reported Burglary at Commercial Retail
SYN-2025-01652,2025-01-01,19:00:59,Burglary,Waterfront Marina,District 2,37.805777,-122.442014,Commercial Retail,Reported Burglary at Commercial Retail
SYN-2025-03467,2025-01-01,22:24:43,Burglary,Westside Arts,District 5,37.774112,-122.437756,Residential Apartment,Reported Burglary at Residential Apartment
SYN-2025-00290,2025-01-02,15:50:31,Robbery,Downtown Central,District 1,37.780795,-122.413196,Park / Public Space,Reported Robbery at Park / Public Space
SYN-2025-00977,2025-01-03,07:58:24,Narcotics,Westside Arts,District 5,37.77659,-122.436568,Alleyway,Reported Narcotics at Alleyway
SYN-2025-03907,2025-01-03,09:59:14,Theft / Larceny,Mission Commercial,District 3,37.759513,-122.425045,Alleyway,Reported Theft / Larceny at Alleyway
SYN-2025-04060,2025-01-03,12:41:48,Motor Vehicle Theft,Mission Commercial,District 3,37.757489,-122.416739,Street / Sidewalk,Reported Motor Vehicle Theft at Street / Sidewalk
SYN-2025-04267,2025-01-03,16:22:29,Vandalism,Waterfront Marina,District 2,37.798421,-122.442252,Residential Apartment,Reported Vandalism at Residential Apartment
SYN-2025-03302,2025-01-03,16:28:17,Narcotics,Westside Arts,District 5,37.788107,-122.385021,Commercial Retail,Reported Narcotics at Commercial Retail
SYN-2025-01734,2025-01-03,18:44:00,Motor Vehicle Theft,Westside Arts,District 5,37.748707,-122.455943,Street / Sidewalk,Reported Motor Vehicle Theft at Street / Sidewalk
SYN-2025-02857,2025-01-03,19:08:45,Public Disorder,Downtown Central,District 1,37.779432,-122.418064,Bar / Restaurant,Reported Public Disorder at Bar / Restaurant
SYN-2025-02630,2025-01-03,19:45:56,Vandalism,Downtown Central,District 1,37.763904,-122.415488,Commercial Retail,Reported Vandalism at Commercial Retail
SYN-2025-02232,2025-01-04,12:55:51,Theft / Larceny,Mission Commercial,District 3,37.760039,-122.422908,Bar / Restaurant,Reported Theft / Larceny at Bar / Restaurant
SYN-2025-04083,2025-01-04,15:43:46,Motor Vehicle Theft,Westside Arts,District 5,37.778966,-122.433469,Parking Facility,Reported Motor Vehicle Theft at Parking Facility
SYN-2025-04397,2025-01-04,16:48:36,Vandalism,Downtown Central,District 1,37.784843,-122.420379,Transit Station,Reported Vandalism at Transit Station
SYN-2025-01210,2025-01-04,18:38:26,Theft / Larceny,Waterfront Marina,District 2,37.797206,-122.43938,Alleyway,Reported Theft / Larceny at Alleyway
SYN-2025-04435,2025-01-04,18:47:47,Theft / Larceny,Westside Arts,District 5,37.744445,-122.384165,Commercial Retail,Reported Theft / Larceny at Commercial Retail
SYN-2025-02807,2025-01-04,19:51:25,Theft / Larceny,Downtown Central,District 1,37.769146,-122.423886,Residential Apartment,Reported Theft / Larceny at Residential Apartment
SYN-2025-03929,2025-01-04,20:57:03,Public Disorder,Downtown Central,District 1,37.780917,-122.42278,Street / Sidewalk,Reported Public Disorder at Street / Sidewalk
SYN-2025-01752,2025-01-04,22:27:23,Vandalism,Mission Commercial,District 3,37.756083,-122.421649,Bar / Restaurant,Reported Vandalism at Bar / Restaurant
SYN-2025-00156,2025-01-05,08:12:50,Motor Vehicle Theft,Downtown Central,District 1,37.774158,-122.419364,Street / Sidewalk,Reported Motor Vehicle Theft at Street / Sidewalk
SYN-2025-00695,2025-01-05,11:28:48,Assault,Mission Commercial,District 3,37.755152,-122.413412,Bar / Restaurant,Reported Assault at Bar / Restaurant
SYN-2025-04154,2025-01-05,11:50:01,Motor Vehicle Theft,Mission Commercial,District 3,37.757957,-122.416898,Street / Sidewalk,Reported Motor Vehicle Theft at Street / Sidewalk
SYN-2025-01037,2025-01-05,12:07:44,Assault,Downtown Central,District 1,37.775594,-122.412433,Street / Sidewalk,Reported Assault at Street / Sidewalk
SYN-2025-02744,2025-01-05,17:54:41,Theft / Larceny,Downtown Central,District 1,37.78042,-122.416503,Parking Facility,Reported Theft / Larceny at Parking Facility
SYN-2025-04141,2025-01-05,18:17:21,Assault,Mission Commercial,District 3,37.753832,-122.419507,Park / Public Space,Reported Assault at Park / Public Space
SYN-2025-02972,2025-01-05,18:23:12,Public Disorder,Downtown Central,District 1,37.743466,-122.391826,Bar / Restaurant,Reported Public Disorder at Bar / Restaurant
SYN-2025-00871,2025-01-05,19:37:33,Public Disorder,Westside Arts,District 5,37.776457,-122.43411,Bar / Restaurant,Reported Public Disorder at Bar / Restaurant
SYN-2025-03168,2025-01-05,19:43:07,Burglary,South Rail Corridor,District 4,37.751308,-122.393642,Commercial Retail,Reported Burglary at Commercial Retail
SYN-2025-02535,2025-01-06,03:04:20,Public Disorder,Downtown Central,District 1,37.77337,-122.415162,Street / Sidewalk,Reported Public Disorder at Street / Sidewalk
SYN-2025-01206,2025-01-06,11:54:42,Burglary,Mission Commercial,District 3,37.754821,-122.425107,Commercial Retail,Reported Burglary at Commercial Retail
SYN-2025-03669,2025-01-06,12:28:46,Motor Vehicle Theft,Westside Arts,District 5,37.784494,-122.434372,Street / Sidewalk,Reported Motor Vehicle Theft at Street / Sidewalk
SYN-2025-01694,2025-01-06,19:50:28,Robbery,Downtown Central,District 1,37.771614,-122.395227,Residential Apartment,Reported Robbery at Residential Apartment
SYN-2025-00131,2025-01-06,22:21:49,Motor Vehicle Theft,Mission Commercial,District 3,37.758,-122.412243,Street / Sidewalk,Reported Motor Vehicle Theft at Street / Sidewalk
SYN-2025-01433,2025-01-06,23:49:21,Theft / Larceny,Downtown Central,District 1,37.78034,-122.416276,Residential Apartment,Reported Theft / Larceny at Residential Apartment
SYN-2025-02740,2025-01-07,07:55:14,Burglary,Waterfront Marina,District 2,37.801104,-122.441272,Residential Apartment,Reported Burglary at Residential Apartment
SYN-2025-03082,2025-01-07,08:01:52,Theft / Larceny,Mission Commercial,District 3,37.753331,-122.420173,Street / Sidewalk,Reported Theft / Larceny at Street / Sidewalk
SYN-2025-02135,2025-01-07,10:00:08,Burglary,Westside Arts,District 5,37.763657,-122.394964,Commercial Retail,Reported Burglary at Commercial Retail
SYN-2025-00356,2025-01-07,20:52:14,Public Disorder,Waterfront Marina,District 2,37.801131,-122.44109,Park / Public Space,Reported Public Disorder at Park / Public Space
SYN-2025-03575,2025-01-08,00:25:38,Public Disorder,Waterfront Marina,District 2,37.800279,-122.441341,Street / Sidewalk,Reported Public Disorder at Street / Sidewalk
SYN-2025-02406,2025-01-08,00:32:57,Theft / Larceny,Westside Arts,District 5,37.773053,-122.436612,Bar / Restaurant,Reported Theft / Larceny at Bar / Restaurant
SYN-2025-01749,2025-01-08,16:14:15,Public Disorder,Downtown Central,District 1,37.779111,-122.41506,Bar / Restaurant,Reported Public Disorder at Bar / Restaurant
SYN-2025-00230,2025-01-08,16:37:34,Motor Vehicle Theft,Downtown Central,District 1,37.771683,-122.415201,Street / Sidewalk,Reported Motor Vehicle Theft at Street / Sidewalk
SYN-2025-00975,2025-01-08,20:19:45,Robbery,Downtown Central,District 1,37.775958,-122.424126,Alleyway,Reported Robbery at Alleyway
SYN-2025-01816,2025-01-08,22:00:28,Theft / Larceny,Waterfront Marina,District 2,37.797366,-122.430396,Alleyway,Reported Theft / Larceny at Alleyway
SYN-2025-04346,2025-01-08,22:04:47,Burglary,South Rail Corridor,District 4,37.752616,-122.396377,Commercial Retail,Reported Burglary at Commercial Retail
SYN-2025-02822,2025-01-09,12:47:56,Vandalism,Downtown Central,District 1,37.782023,-122.423229,Bar / Restaurant,Reported Vandalism at Bar / Restaurant
SYN-2025-00425,2025-01-09,14:26:44,Motor Vehicle Theft,Westside Arts,District 5,37.775814,-122.433273,Parking Facility,Reported Motor Vehicle Theft at Parking Facility
SYN-2025-00874,2025-01-09,14:45:07,Motor Vehicle Theft,South Rail Corridor,District 4,37.758468,-122.394916,Parking Facility,Reported Motor Vehicle Theft at Parking Facility
SYN-2025-01508,2025-01-09,17:36:15,Robbery,Downtown Central,District 1,37.775039,-122.435233,Transit Station,Reported Robbery at Transit Station
SYN-2025-00094,2025-01-09,21:53:10,Vandalism,Downtown Central,District 1,37.776285,-122.407684,Alleyway,Reported Vandalism at Alleyway
SYN-2025-01117,2025-01-10,17:23:16,Burglary,Mission Commercial,District 3,37.761627,-122.415612,Residential Apartment,Reported Burglary at Residential Apartment
SYN-2025-00630,2025-01-10,18:01:48,Assault,Waterfront Marina,District 2,37.799443,-122.433803,Street / Sidewalk,Reported Assault at Street / Sidewalk
SYN-2025-00112,2025-01-11,08:17:36,Vandalism,Downtown Central,District 1,37.77496,-122.423178,Street / Sidewalk,Reported Vandalism at Street / Sidewalk
SYN-2025-04228,2025-01-11,12:59:26,Vandalism,Mission Commercial,District 3,37.766785,-122.418466,Alleyway,Reported Vandalism at Alleyway
SYN-2025-00147,2025-01-11,13:28:57,Vandalism,South Rail Corridor,District 4,37.736278,-122.391802,Parking Facility,Reported Vandalism at Parking Facility
SYN-2025-03910,2025-01-11,14:33:40,Burglary,Mission Commercial,District 3,37.753911,-122.418544,Residential Apartment,Reported Burglary at Residential Apartment
SYN-2025-01764,2025-01-11,15:02:02,Public Disorder,Downtown Central,District 1,37.781863,-122.414026,Park / Public Space,Reported Public Disorder at Park / Public Space
SYN-2025-01311,2025-01-11,20:25:13,Theft / Larceny,Downtown Central,District 1,37.775649,-122.413619,Transit Station,Reported Theft / Larceny at Transit Station
SYN-2025-01521,2025-01-12,11:01:57,Burglary,Mission Commercial,District 3,37.76894,-122.415578,Commercial Retail,Reported Burglary at Commercial Retail
SYN-2025-03161,2025-01-12,11:11:55,Robbery,Downtown Central,District 1,37.774591,-122.423278,Park / Public Space,Reported Robbery at Park / Public Space
SYN-2025-03741,2025-01-12,11:42:43,Vandalism,Waterfront Marina,District 2,37.80939,-122.440363,Commercial Retail,Reported Vandalism at Commercial Retail
SYN-2025-00536,2025-01-12,15:44:05,Assault,Downtown Central,District 1,37.78789,-122.412241,Street / Sidewalk,Reported Assault at Street / Sidewalk
SYN-2025-00277,2025-01-12,15:49:49,Robbery,Downtown Central,District 1,37.779962,-122.417435,Residential Apartment,Reported Robbery at Residential Apartment
SYN-2025-01485,2025-01-12,18:18:12,Motor Vehicle Theft,South Rail Corridor,District 4,37.745478,-122.38272,Street / Sidewalk,Reported Motor Vehicle Theft at Street / Sidewalk
SYN-2025-02505,2025-01-12,20:45:31,Motor Vehicle Theft,Mission Commercial,District 3,37.756854,-122.416306,Street / Sidewalk,Reported Motor Vehicle Theft at Street / Sidewalk
SYN-2025-04091,2025-01-12,22:03:03,Theft / Larceny,Downtown Central,District 1,37.775816,-122.412623,Bar / Restaurant,Reported Theft / Larceny at Bar / Restaurant
SYN-2025-03359,2025-01-13,08:10:35,Narcotics,Westside Arts,District 5,37.774429,-122.431279,Street / Sidewalk,Reported Narcotics at Street / Sidewalk
SYN-2025-03736,2025-01-13,14:07:09,Vandalism,Waterfront Marina,District 2,37.797759,-122.434017,Commercial Retail,Reported Vandalism at Commercial Retail
SYN-2025-04186,2025-01-13,18:57:23,Assault,Downtown Central,District 1,37.780051,-122.42022,Bar / Restaurant,Reported Assault at Bar / Restaurant
SYN-2025-02533,2025-01-13,19:15:48,Public Disorder,Waterfront Marina,District 2,37.804451,-122.432308,Park / Public Space,Reported Public Disorder at Park / Public Space
SYN-2025-02144,2025-01-14,09:31:39,Vandalism,Mission Commercial,District 3,37.7607,-122.411725,Bar / Restaurant,Reported Vandalism at Bar / Restaurant
SYN-2025-01399,2025-01-14,10:56:31,Vandalism,South Rail Corridor,District 4,37.751692,-122.395732,Residential Apartment,Reported Vandalism at Residential Apartment
SYN-2025-04314,2025-01-14,14:20:00,Burglary,Downtown Central,District 1,37.776133,-122.411216,Commercial Retail,Reported Burglary at Commercial Retail
SYN-2025-03715,2025-01-14,14:44:01,Vandalism,Downtown Central,District 1,37.77638,-122.415459,Street / Sidewalk,Reported Vandalism at Street / Sidewalk
SYN-2025-01902,2025-01-14,16:27:59,Motor Vehicle Theft,Mission Commercial,District 3,37.761652,-122.422048,Parking Facility,Reported Motor Vehicle Theft at Parking Facility
SYN-2025-02577,2025-01-14,16:44:17,Vandalism,Downtown Central,District 1,37.776612,-122.421489,Parking Facility,Reported Vandalism at Parking Facility
SYN-2025-02256,2025-01-14,20:49:17,Vandalism,South Rail Corridor,District 4,37.745223,-122.385885,Park / Public Space,Reported Vandalism at Park / Public Space
SYN-2025-03469,2025-01-14,20:56:56,Burglary,Waterfront Marina,District 2,37.79952,-122.432505,Commercial Retail,Reported Burglary at Commercial Retail
SYN-2025-04287,2025-01-15,01:42:47,Motor Vehicle Theft,Mission Commercial,District 3,37.784302,-122.433211,Parking Facility,Reported Motor Vehicle Theft at Parking Facility
SYN-2025-00152,2025-01-15,06:08:33,Vandalism,Mission Commercial,District 3,37.764936,-122.414733,Transit Station,Reported Vandalism at Transit Station
SYN-2025-04140,2025-01-15,06:55:32,Public Disorder,Downtown Central,District 1,37.776771,-122.426819,Street / Sidewalk,Reported Public Disorder at Street / Sidewalk
SYN-2025-00711,2025-01-15,13:18:31,Public Disorder,Downtown Central,District 1,37.782777,-122.418584,Park / Public Space,Reported Public Disorder at Park / Public Space
SYN-2025-01388,2025-01-15,13:51:39,Assault,Mission Commercial,District 3,37.76168,-122.424037,Street / Sidewalk,Reported Assault at Street / Sidewalk
SYN-2025-01076,2025-01-15,15:16:30,Fraud,Mission Commercial,District 3,37.759013,-122.423425,Parking Facility,Reported Fraud at Parking Facility
SYN-2025-00462,2025-01-15,17:52:46,Public Disorder,Downtown Central,District 1,37.78008,-122.427904,Park / Public Space,Reported Public Disorder at Park / Public Space
SYN-2025-03088,2025-01-15,20:52:21,Robbery,Downtown Central,District 1,37.776892,-122.414504,Street / Sidewalk,Reported Robbery at Street / Sidewalk
SYN-2025-03637,2025-01-16,10:23:42,Vandalism,South Rail Corridor,District 4,37.745927,-122.390684,Parking Facility,Reported Vandalism at Parking Facility
SYN-2025-02779,2025-01-16,11:10:08,Narcotics,Westside Arts,District 5,37.776232,-122.437011,Street / Sidewalk,Reported Narcotics at Street / Sidewalk
SYN-2025-03173,2025-01-16,16:30:48,Assault,Downtown Central,District 1,37.777693,-122.418104,Bar / Restaurant,Reported Assault at Bar / Restaurant
SYN-2025-00844,2025-01-16,16:41:52,Motor Vehicle Theft,Mission Commercial,District 3,37.760918,-122.422795,Street / Sidewalk,Reported Motor Vehicle Theft at Street / Sidewalk
SYN-2025-04476,2025-01-16,16:58:58,Vandalism,Downtown Central,District 1,37.775867,-122.411788,Commercial Retail,Reported Vandalism at Commercial Retail
SYN-2025-02301,2025-01-16,17:19:44,Burglary,Waterfront Marina,District 2,37.802126,-122.437098,Commercial Retail,Reported Burglary at Commercial Retail
SYN-2025-00280,2025-01-16,19:37:06,Theft / Larceny,Mission Commercial,District 3,37.781104,-122.425201,Bar / Restaurant,Reported Theft / Larceny at Bar / Restaurant
SYN-2025-00143,2025-01-17,00:50:04,Assault,Downtown Central,District 1,37.771975,-122.420972,Park / Public Space,Reported Assault at Park / Public Space
SYN-2025-03932,2025-01-17,04:27:37,Public Disorder,Westside Arts,District 5,37.777088,-122.431968,Bar / Restaurant,Reported Public Disorder at Bar / Restaurant
SYN-2025-01692,2025-01-17,04:50:22,Burglary,South Rail Corridor,District 4,37.73544,-122.398841,Residential Apartment,Reported Burglary at Residential Apartment
SYN-2025-02615,2025-01-17,07:25:34,Vandalism,Downtown Central,District 1,37.784534,-122.406112,Street / Sidewalk,Reported Vandalism at Street / Sidewalk
SYN-2025-01063,2025-01-17,10:46:15,Motor Vehicle Theft,South Rail Corridor,District 4,37.742484,-122.393097,Street / Sidewalk,Reported Motor Vehicle Theft at Street / Sidewalk
SYN-2025-02148,2025-01-17,11:04:13,Assault,Downtown Central,District 1,37.783365,-122.415378,Street / Sidewalk,Reported Assault at Street / Sidewalk
SYN-2025-04149,2025-01-17,13:30:19,Motor Vehicle Theft,Mission Commercial,District 3,37.765994,-122.420044,Street / Sidewalk,Reported Motor Vehicle Theft at Street / Sidewalk
SYN-2025-03613,2025-01-17,13:31:56,Public Disorder,Waterfront Marina,District 2,37.798344,-122.431523,Bar / Restaurant,Reported Public Disorder at Bar / Restaurant
SYN-2025-01163,2025-01-17,14:24:20,Assault,Mission Commercial,District 3,37.757023,-122.417824,Bar / Restaurant,Reported Assault at Bar / Restaurant
SYN-2025-03559,2025-01-18,11:42:01,Burglary,South Rail Corridor,District 4,37.746721,-122.390992,Residential Apartment,Reported Burglary at Residential Apartment
SYN-2025-00860,2025-01-18,14:11:34,Theft / Larceny,Waterfront Marina,District 2,37.799758,-122.436102,Alleyway,Reported Theft / Larceny at Alleyway
SYN-2025-02152,2025-01-18,18:03:49,Theft / Larceny,Downtown Central,District 1,37.779655,-122.418962,Alleyway,Reported Theft / Larceny at Alleyway
SYN-2025-03596,2025-01-18,20:58:38,Public Disorder,Mission Commercial,District 3,37.768877,-122.427652,Street / Sidewalk,Reported Public Disorder at Street / Sidewalk
SYN-2025-03919,2025-01-19,09:09:51,Public Disorder,Downtown Central,District 1,37.773484,-122.410297,Street / Sidewalk,Reported Public Disorder at Street / Sidewalk
SYN-2025-00750,2025-01-19,10:11:52,Vandalism,South Rail Corridor,District 4,37.746077,-122.393046,Commercial Retail,Reported Vandalism at Commercial Retail
SYN-2025-01937,2025-01-19,17:13:43,Theft / Larceny,Downtown Central,District 1,37.779403,-122.414493,Park / Public Space,Reported Theft / Larceny at Park / Public Space
SYN-2025-04304,2025-01-19,23:13:15,Assault,Westside Arts,District 5,37.777799,-122.429126,Park / Public Space,Reported Assault at Park / Public Space
SYN-2025-01535,2025-01-20,06:53:10,Theft / Larceny,Downtown Central,District 1,37.783112,-122.414526,Park / Public Space,Reported Theft / Larceny at Park / Public Space
SYN-2025-01527,2025-01-20,10:04:57,Motor Vehicle Theft,Westside Arts,District 5,37.774671,-122.437163,Parking Facility,Reported Motor Vehicle Theft at Parking Facility
SYN-2025-03462,2025-01-20,14:51:50,Burglary,Mission Commercial,District 3,37.753649,-122.405465,Commercial Retail,Reported Burglary at Commercial Retail
SYN-2025-04057,2025-01-20,18:36:37,Vandalism,Waterfront Marina,District 2,37.806218,-122.436003,Transit Station,Reported Vandalism at Transit Station
SYN-2025-01667,2025-01-20,19:55:46,Narcotics,South Rail Corridor,District 4,37.750353,-122.389343,Bar / Restaurant,Reported Narcotics at Bar / Restaurant
SYN-2025-02303,2025-01-21,02:21:26,Motor Vehicle Theft,Mission Commercial,District 3,37.761307,-122.420031,Parking Facility,Reported Motor Vehicle Theft at Parking Facility
SYN-2025-00927,2025-01-21,10:12:43,Theft / Larceny,Mission Commercial,District 3,37.810699,-122.419833,Park / Public Space,Reported Theft / Larceny at Park / Public Space
SYN-2025-03539,2025-01-21,15:47:16,Assault,Mission Commercial,District 3,37.76566,-122.419083,Bar / Restaurant,Reported Assault at Bar / Restaurant
SYN-2025-02639,2025-01-21,16:16:45,Fraud,Downtown Central,District 1,37.777234,-122.419576,Bar / Restaurant,Reported Fraud at Bar / Restaurant
SYN-2025-00196,2025-01-21,18:42:55,Theft / Larceny,Mission Commercial,District 3,37.763993,-122.41918,Park / Public Space,Reported Theft / Larceny at Park / Public Space
SYN-2025-01247,2025-01-21,21:52:49,Assault,Mission Commercial,District 3,37.766595,-122.417227,Park / Public Space,Reported Assault at Park / Public Space
SYN-2025-03301,2025-01-21,22:28:35,Burglary,Waterfront Marina,District 2,37.801214,-122.445769,Commercial Retail,Reported Burglary at Commercial Retail
SYN-2025-00441,2025-01-22,06:40:15,Vandalism,Mission Commercial,District 3,37.759677,-122.426269,Transit Station,Reported Vandalism at Transit Station
SYN-2025-03015,2025-01-22,15:31:52,Burglary,Westside Arts,District 5,37.776842,-122.438799,Residential Apartment,Reported Burglary at Residential Apartment
SYN-2025-04460,2025-01-22,16:45:02,Narcotics,Downtown Central,District 1,37.795129,-122.415577,Transit Station,Reported Narcotics at Transit Station
SYN-2025-00395,2025-01-22,17:53:04,Burglary,Mission Commercial,District 3,37.755153,-122.412578,Residential Apartment,Reported Burglary at Residential Apartment
SYN-2025-03272,2025-01-23,07:07:01,Vandalism,Waterfront Marina,District 2,37.796872,-122.430838,Alleyway,Reported Vandalism at Alleyway
SYN-2025-00959,2025-01-23,11:10:59,Vandalism,Downtown Central,District 1,37.782802,-122.411903,Parking Facility,Reported Vandalism at Parking Facility
SYN-2025-02920,2025-01-23,11:54:49,Narcotics,South Rail Corridor,District 4,37.759131,-122.392724,Alleyway,Reported Narcotics at Alleyway
SYN-2025-03321,2025-01-23,12:26:35,Motor Vehicle Theft,Mission Commercial,District 3,37.753968,-122.414725,Street / Sidewalk,Reported Motor Vehicle Theft at Street / Sidewalk
SYN-2025-00424,2025-01-23,16:20:23,Theft / Larceny,Westside Arts,District 5,37.770119,-122.434112,Transit Station,Reported Theft / Larceny at Transit Station
SYN-2025-01526,2025-01-23,19:15:52,Burglary,Mission Commercial,District 3,37.749505,-122.422129,Residential Apartment,Reported Burglary at Residential Apartment
SYN-2025-04231,2025-01-23,20:40:44,Burglary,Mission Commercial,District 3,37.758454,-122.419758,Residential Apartment,Reported Burglary at Residential Apartment
SYN-2025-02392,2025-01-24,16:12:58,Narcotics,Mission Commercial,District 3,37.767961,-122.423102,Street / Sidewalk,Reported Narcotics at Street / Sidewalk
SYN-2025-02633,2025-01-24,16:22:47,Public Disorder,Mission Commercial,District 3,37.759665,-122.421513,Street / Sidewalk,Reported Public Disorder at Street / Sidewalk
SYN-2025-04303,2025-01-24,17:31:24,Assault,Downtown Central,District 1,37.778868,-122.417279,Bar / Restaurant,Reported Assault at Bar / Restaurant
SYN-2025-02539,2025-01-24,18:05:01,Public Disorder,Downtown Central,District 1,37.777145,-122.419143,Park / Public Space,Reported Public Disorder at Park / Public Space
SYN-2025-04178,2025-01-24,21:41:02,Robbery,Waterfront Marina,District 2,37.804287,-122.438297,Residential Apartment,Reported Robbery at Residential Apartment
SYN-2025-00309,2025-01-25,14:16:28,Motor Vehicle Theft,Mission Commercial,District 3,37.763595,-122.413977,Parking Facility,Reported Motor Vehicle Theft at Parking Facility
SYN-2025-02449,2025-01-25,14:46:13,Fraud,Downtown Central,District 1,37.771137,-122.397669,Commercial Retail,Reported Fraud at Commercial Retail
SYN-2025-00381,2025-01-25,17:30:10,Motor Vehicle Theft,Mission Commercial,District 3,37.761957,-122.421712,Parking Facility,Reported Motor Vehicle Theft at Parking Facility
SYN-2025-04339,2025-01-25,18:08:29,Burglary,Waterfront Marina,District 2,37.806561,-122.432132,Residential Apartment,Reported Burglary at Residential Apartment
SYN-2025-03829,2025-01-25,18:31:03,Motor Vehicle Theft,Westside Arts,District 5,37.765496,-122.439698,Street / Sidewalk,Reported Motor Vehicle Theft at Street / Sidewalk
SYN-2025-01035,2025-01-25,19:41:05,Narcotics,South Rail Corridor,District 4,37.75732,-122.384064,Bar / Restaurant,Reported Narcotics at Bar / Restaurant
SYN-2025-03886,2025-01-25,20:18:06,Burglary,Westside Arts,District 5,37.774374,-122.432253,Residential Apartment,Reported Burglary at Residential Apartment
SYN-2025-01789,2025-01-26,09:32:43,Theft / Larceny,Westside Arts,District 5,37.77578,-122.434223,Park / Public Space,Reported Theft / Larceny at Park / Public Space
SYN-2025-00761,2025-01-26,14:16:41,Robbery,Downtown Central,District 1,37.772127,-122.417554,Transit Station,Reported Robbery at Transit Station
SYN-2025-01989,2025-01-26,20:16:25,Public Disorder,Westside Arts,District 5,37.779578,-122.432975,Park / Public Space,Reported Public Disorder at Park / Public Space
SYN-2025-01572,2025-01-26,21:35:15,Theft / Larceny,Westside Arts,District 5,37.780024,-122.436278,Parking Facility,Reported Theft / Larceny at Parking Facility
SYN-2025-03776,2025-01-27,03:36:13,Vandalism,Downtown Central,District 1,37.772081,-122.411002,Transit Station,Reported Vandalism at Transit Station
SYN-2025-04163,2025-01-27,15:37:26,Vandalism,Mission Commercial,District 3,37.761568,-122.417559,Alleyway,Reported Vandalism at Alleyway
SYN-2025-00336,2025-01-27,16:46:23,Robbery,South Rail Corridor,District 4,37.730371,-122.401312,Residential Apartment,Reported Robbery at Residential Apartment
SYN-2025-01523,2025-01-28,21:10:36,Theft / Larceny,Westside Arts,District 5,37.814292,-122.406029,Transit Station,Reported Theft / Larceny at Transit Station
SYN-2025-01021,2025-01-28,22:03:17,Public Disorder,Waterfront Marina,District 2,37.801007,-122.436121,Bar / Restaurant,Reported Public Disorder at Bar / Restaurant
SYN-2025-01242,2025-01-29,09:34:03,Assault,Waterfront Marina,District 2,37.799274,-122.437414,Street / Sidewalk,Reported Assault at Street / Sidewalk
SYN-2025-02689,2025-01-29,13:41:26,Burglary,Mission Commercial,District 3,37.757589,-122.424652,Residential Apartment,Reported Burglary at Residential Apartment
SYN-2025-03492,2025-01-29,13:46:39,Public Disorder,Downtown Central,District 1,37.785433,-122.40709,Bar / Restaurant,Reported Public Disorder at Bar / Restaurant
SYN-2025-01191,2025-01-29,17:50:12,Motor Vehicle Theft,South Rail Corridor,District 4,37.74943,-122.386386,Street / Sidewalk,Reported Motor Vehicle Theft at Street / Sidewalk
SYN-2025-02419,2025-01-29,20:54:05,Public Disorder,Westside Arts,District 5,37.773824,-122.44099,Street / Sidewalk,Reported Public Disorder at Street / Sidewalk
SYN-2025-00964,2025-01-29,23:55:39,Motor Vehicle Theft,Mission Commercial,District 3,37.768078,-122.405099,Street / Sidewalk,Reported Motor Vehicle Theft at Street / Sidewalk
SYN-2025-03941,2025-01-30,08:01:39,Burglary,Westside Arts,District 5,37.730519,-122.397743,Commercial Retail,Reported Burglary at Commercial Retail
SYN-2025-02850,2025-01-30,09:15:59,Theft / Larceny,Mission Commercial,District 3,37.768201,-122.419689,Transit Station,Reported Theft / Larceny at Transit Station
SYN-2025-03300,2025-01-30,10:18:38,Robbery,Waterfront Marina,District 2,37.804111,-122.446698,Transit Station,Reported Robbery at Transit Station
SYN-2025-01264,2025-01-30,16:11:17,Assault,South Rail Corridor,District 4,37.740038,-122.396571,Bar / Restaurant,Reported Assault at Bar / Restaurant
SYN-2025-03961,2025-01-30,17:44:31,Vandalism,Mission Commercial,District 3,37.766101,-122.412883,Bar / Restaurant,Reported Vandalism at Bar / Restaurant
SYN-2025-02962,2025-01-30,20:22:19,Vandalism,Downtown Central,District 1,37.771601,-122.41651,Parking Facility,Reported Vandalism at Parking Facility
SYN-2025-00323,2025-01-30,20:49:13,Burglary,Waterfront Marina,District 2,37.801254,-122.436523,Residential Apartment,Reported Burglary at Residential Apartment
SYN-2025-00912,2025-01-31,10:39:38,Public Disorder,Downtown Central,District 1,37.779682,-122.416521,Park / Public Space,Reported Public Disorder at Park / Public Space
SYN-2025-03500,2025-01-31,16:20:42,Fraud,Downtown Central,District 1,37.78495,-122.418648,Street / Sidewalk,Reported Fraud at Street / Sidewalk
SYN-2025-03789,2025-01-31,17:02:07,Public Disorder,Downtown Central,District 1,37.783422,-122.422549,Bar / Restaurant,Reported Public Disorder at Bar / Restaurant
SYN-2025-02509,2025-02-01,11:25:28,Burglary,Mission Commercial,District 3,37.75956,-122.41434,Commercial Retail,Reported Burglary at Commercial Retail
SYN-2025-01843,2025-02-01,11:55:25,Vandalism,Westside Arts,District 5,37.774593,-122.43749,Commercial Retail,Reported Vandalism at Commercial Retail
SYN-2025-02258,2025-02-01,15:37:09,Assault,Downtown Central,District 1,37.772336,-122.415184,Bar / Restaurant,Reported Assault at Bar / Restaurant
SYN-2025-03126,2025-02-01,18:51:33,Theft / Larceny,Downtown Central,District 1,37.771474,-122.420927,Parking Facility,Reported Theft / Larceny at Parking Facility
SYN-2025-01981,2025-02-01,21:09:48,Theft / Larceny,South Rail Corridor,District 4,37.748611,-122.384615,Street / Sidewalk,Reported Theft / Larceny at Street / Sidewalk
SYN-2025-01706,2025-02-01,23:01:09,Public Disorder,Downtown Central,District 1,37.77784,-122.419764,Park / Public Space,Reported Public Disorder at Park / Public Space
SYN-2025-02608,2025-02-02,00:30:56,Fraud,Waterfront Marina,District 2,37.8075,-122.435357,Alleyway,Reported Fraud at Alleyway
SYN-2025-03629,2025-02-02,00:37:09,Public Disorder,Downtown Central,District 1,37.778858,-122.421608,Park / Public Space,Reported Public Disorder at Park / Public Space
SYN-2025-04312,2025-02-02,02:55:22,Fraud,Westside Arts,District 5,37.779246,-122.441607,Residential Apartment,Reported Fraud at Residential Apartment
SYN-2025-04033,2025-02-02,07:30:48,Motor Vehicle Theft,Mission Commercial,District 3,37.768379,-122.418897,Parking Facility,Reported Motor Vehicle Theft at Parking Facility
SYN-2025-00787,2025-02-02,10:42:52,Robbery,Downtown Central,District 1,37.74967,-122.435877,Street / Sidewalk,Reported Robbery at Street / Sidewalk
SYN-2025-02143,2025-02-02,12:13:18,Public Disorder,Waterfront Marina,District 2,37.794655,-122.432085,Street / Sidewalk,Reported Public Disorder at Street / Sidewalk
SYN-2025-03281,2025-02-02,13:05:10,Motor Vehicle Theft,Mission Commercial,District 3,37.763624,-122.419814,Street / Sidewalk,Reported Motor Vehicle Theft at Street / Sidewalk
SYN-2025-02221,2025-02-02,15:13:19,Vandalism,Downtown Central,District 1,37.773077,-122.412023,Alleyway,Reported Vandalism at Alleyway
SYN-2025-00559,2025-02-02,16:19:31,Public Disorder,Mission Commercial,District 3,37.763622,-122.418625,Street / Sidewalk,Reported Public Disorder at Street / Sidewalk
SYN-2025-02353,2025-02-02,19:27:07,Vandalism,Downtown Central,District 1,37.772336,-122.420617,Bar / Restaurant,Reported Vandalism at Bar / Restaurant
SYN-2025-00848,2025-02-02,19:43:50,Public Disorder,Mission Commercial,District 3,37.759653,-122.412916,Street / Sidewalk,Reported Public Disorder at Street / Sidewalk
SYN-2025-00633,2025-02-03,07:31:06,Theft / Larceny,Westside Arts,District 5,37.775307,-122.438265,Alleyway,Reported Theft / Larceny at Alleyway
SYN-2025-01933,2025-02-03,09:01:51,Public Disorder,Waterfront Marina,District 2,37.801681,-122.444795,Park / Public Space,Reported Public Disorder at Park / Public Space
SYN-2025-04399,2025-02-03,17:01:33,Assault,Downtown Central,District 1,37.78161,-122.417059,Park / Public Space,Reported Assault at Park / Public Space
SYN-2025-02287,2025-02-03,19:23:25,Vandalism,Mission Commercial,District 3,37.759137,-122.420424,Street / Sidewalk,Reported Vandalism at Street / Sidewalk
SYN-2025-02203,2025-02-03,20:13:32,Robbery,Downtown Central,District 1,37.781763,-122.416601,Bar / Restaurant,Reported Robbery at Bar / Restaurant
SYN-2025-01245,2025-02-03,20:23:58,Theft / Larceny,Waterfront Marina,District 2,37.799547,-122.439355,Parking Facility,Reported Theft / Larceny at Parking Facility
SYN-2025-00936,2025-02-03,23:11:25,Narcotics,South Rail Corridor,District 4,37.748277,-122.394819,Bar / Restaurant,Reported Narcotics at Bar / Restaurant
SYN-2025-01409,2025-02-04,04:02:53,Vandalism,Waterfront Marina,District 2,37.79083,-122.434393,Parking Facility,Reported Vandalism at Parking Facility
SYN-2025-01291,2025-02-04,11:12:01,Motor Vehicle Theft,Mission Commercial,District 3,37.753607,-122.418458,Parking Facility,Reported Motor Vehicle Theft at Parking Facility
SYN-2025-02842,2025-02-04,15:05:17,Robbery,Downtown Central,District 1,37.780842,-122.420947,Street / Sidewalk,Reported Robbery at Street / Sidewalk
SYN-2025-00829,2025-02-04,16:18:18,Theft / Larceny,Westside Arts,District 5,37.772163,-122.429293,Bar / Restaurant,Reported Theft / Larceny at Bar / Restaurant
SYN-2025-03476,2025-02-04,16:32:04,Assault,Downtown Central,District 1,37.775713,-122.413262,Bar / Restaurant,Reported Assault at Bar / Restaurant
SYN-2025-02692,2025-02-04,17:24:15,Theft / Larceny,Mission Commercial,District 3,37.759826,-122.420714,Alleyway,Reported Theft / Larceny at Alleyway
SYN-2025-01767,2025-02-04,18:38:41,Assault,Downtown Central,District 1,37.774741,-122.410645,Street / Sidewalk,Reported Assault at Street / Sidewalk
SYN-2025-03914,2025-02-04,20:55:34,Public Disorder,Downtown Central,District 1,37.776913,-122.415582,Bar / Restaurant,Reported Public Disorder at Bar / Restaurant
SYN-2025-03371,2025-02-05,12:35:14,Burglary,Mission Commercial,District 3,37.756842,-122.420368,Residential Apartment,Reported Burglary at Residential Apartment
SYN-2025-04209,2025-02-05,14:26:17,Narcotics,Mission Commercial,District 3,37.760478,-122.416503,Alleyway,Reported Narcotics at Alleyway
SYN-2025-00828,2025-02-05,19:58:54,Theft / Larceny,Downtown Central,District 1,37.772602,-122.430143,Bar / Restaurant,Reported Theft / Larceny at Bar / Restaurant
SYN-2025-00522,2025-02-05,21:21:50,Public Disorder,Waterfront Marina,District 2,37.77278,-122.431885,Street / Sidewalk,Reported Public Disorder at Street / Sidewalk
SYN-2025-00988,2025-02-06,08:42:00,Motor Vehicle Theft,Mission Commercial,District 3,37.762736,-122.41739,Parking Facility,Reported Motor Vehicle Theft at Parking Facility
SYN-2025-03399,2025-02-06,11:18:53,Fraud,Downtown Central,District 1,37.77888,-122.417588,Residential Apartment,Reported Fraud at Residential Apartment
SYN-2025-04428,2025-02-06,18:32:08,Vandalism,Downtown Central,District 1,37.772028,-122.416739,Parking Facility,Reported Vandalism at Parking Facility
SYN-2025-03468,2025-02-07,11:19:27,Assault,Downtown Central,District 1,37.782704,-122.416863,Bar / Restaurant,Reported Assault at Bar / Restaurant
SYN-2025-00170,2025-02-07,13:21:35,Motor Vehicle Theft,South Rail Corridor,District 4,37.747693,-122.391068,Street / Sidewalk,Reported Motor Vehicle Theft at Street / Sidewalk
SYN-2025-01608,2025-02-07,14:09:05,Theft / Larceny,Mission Commercial,District 3,37.758583,-122.423314,Residential Apartment,Reported Theft / Larceny at Residential Apartment
SYN-2025-03051,2025-02-07,15:31:25,Assault,Mission Commercial,District 3,37.756555,-122.420567,Street / Sidewalk,Reported Assault at Street / Sidewalk
SYN-2025-00491,2025-02-07,17:47:36,Assault,Mission Commercial,District 3,37.755652,-122.419567,Park / Public Space,Reported Assault at Park / Public Space
SYN-2025-01642,2025-02-08,12:26:45,Burglary,Westside Arts,District 5,37.772151,-122.437056,Commercial Retail,Reported Burglary at Commercial Retail
SYN-2025-04013,2025-02-08,14:12:46,Theft / Larceny,Downtown Central,District 1,37.780444,-122.416163,Alleyway,Reported Theft / Larceny at Alleyway
SYN-2025-04229,2025-02-08,16:27:17,Assault,Mission Commercial,District 3,37.757114,-122.418499,Street / Sidewalk,Reported Assault at Street / Sidewalk
SYN-2025-00096,2025-02-08,16:29:23,Assault,Westside Arts,District 5,37.772764,-122.437653,Park / Public Space,Reported Assault at Park / Public Space
SYN-2025-02470,2025-02-08,17:22:16,Public Disorder,Downtown Central,District 1,37.779425,-122.412855,Park / Public Space,Reported Public Disorder at Park / Public Space
SYN-2025-01284,2025-02-08,17:38:26,Vandalism,Mission Commercial,District 3,37.758335,-122.416542,Bar / Restaurant,Reported Vandalism at Bar / Restaurant
SYN-2025-02340,2025-02-08,19:28:00,Motor Vehicle Theft,Mission Commercial,District 3,37.761533,-122.426104,Street / Sidewalk,Reported Motor Vehicle Theft at Street / Sidewalk
SYN-2025-03737,2025-02-08,20:50:48,Fraud,South Rail Corridor,District 4,37.744323,-122.386618,Transit Station,Reported Fraud at Transit Station
SYN-2025-00194,2025-02-09,11:00:47,Theft / Larceny,Downtown Central,District 1,37.793167,-122.411,Bar / Restaurant,Reported Theft / Larceny at Bar / Restaurant
SYN-2025-00297,2025-02-09,12:20:08,Motor Vehicle Theft,South Rail Corridor,District 4,37.756859,-122.393983,Parking Facility,Reported Motor Vehicle Theft at Parking Facility
SYN-2025-00933,2025-02-09,13:14:32,Robbery,Downtown Central,District 1,37.787612,-122.423038,Transit Station,Reported Robbery at Transit Station
SYN-2025-00621,2025-02-09,17:05:07,Vandalism,Downtown Central,District 1,37.781277,-122.418826,Commercial Retail,Reported Vandalism at Commercial Retail
SYN-2025-00239,2025-02-09,17:12:28,Burglary,Mission Commercial,District 3,37.760106,-122.426275,Residential Apartment,Reported Burglary at Residential Apartment
SYN-2025-02760,2025-02-10,01:09:12,Assault,Downtown Central,District 1,37.780907,-122.413245,Park / Public Space,Reported Assault at Park / Public Space
SYN-2025-02907,2025-02-10,13:38:15,Theft / Larceny,Waterfront Marina,District 2,37.800959,-122.436741,Residential Apartment,Reported Theft / Larceny at Residential Apartment
SYN-2025-01755,2025-02-10,14:07:54,Motor Vehicle Theft,South Rail Corridor,District 4,37.74299,-122.385432,Parking Facility,Reported Motor Vehicle Theft at Parking Facility
SYN-2025-03579,2025-02-10,17:22:12,Vandalism,Downtown Central,District 1,37.776594,-122.407699,Alleyway,Reported Vandalism at Alleyway
SYN-2025-03448,2025-02-10,18:37:59,Theft / Larceny,Mission Commercial,District 3,37.758141,-122.422133,Street / Sidewalk,Reported Theft / Larceny at Street / Sidewalk
SYN-2025-01069,2025-02-10,19:28:23,Theft / Larceny,Mission Commercial,District 3,37.763997,-122.429155,Transit Station,Reported Theft / Larceny at Transit Station
SYN-2025-01891,2025-02-11,04:19:14,Vandalism,Downtown Central,District 1,37.775495,-122.42069,Transit Station,Reported Vandalism at Transit Station
SYN-2025-04208,2025-02-11,09:43:41,Vandalism,Downtown Central,District 1,37.780561,-122.418239,Transit Station,Reported Vandalism at Transit Station
SYN-2025-02101,2025-02-11,14:59:36,Motor Vehicle Theft,Mission Commercial,District 3,37.768714,-122.419809,Parking Facility,Reported Motor Vehicle Theft at Parking Facility
SYN-2025-00908,2025-02-11,15:20:48,Vandalism,Mission Commercial,District 3,37.763349,-122.41665,Parking Facility,Reported Vandalism at Parking Facility
SYN-2025-02654,2025-02-11,17:27:03,Robbery,Waterfront Marina,District 2,37.799368,-122.438775,Park / Public Space,Reported Robbery at Park / Public Space
SYN-2025-01716,2025-02-11,22:58:52,Theft / Larceny,Mission Commercial,District 3,37.758811,-122.418831,Bar / Restaurant,Reported Theft / Larceny at Bar / Restaurant
SYN-2025-02204,2025-02-12,06:15:37,Theft / Larceny,Mission Commercial,District 3,37.76123,-122.424293,Commercial Retail,Reported Theft / Larceny at Commercial Retail
SYN-2025-00471,2025-02-12,13:27:49,Vandalism,Westside Arts,District 5,37.769783,-122.434601,Alleyway,Reported Vandalism at Alleyway
SYN-2025-00544,2025-02-12,15:48:59,Burglary,Mission Commercial,District 3,37.764949,-122.412608,Commercial Retail,Reported Burglary at Commercial Retail
SYN-2025-02106,2025-02-12,17:47:04,Vandalism,South Rail Corridor,District 4,37.755243,-122.398588,Residential Apartment,Reported Vandalism at Residential Apartment
SYN-2025-01859,2025-02-12,19:39:55,Vandalism,Mission Commercial,District 3,37.761574,-122.413689,Parking Facility,Reported Vandalism at Parking Facility
SYN-2025-02681,2025-02-13,02:15:52,Theft / Larceny,Downtown Central,District 1,37.788839,-122.410776,Street / Sidewalk,Reported Theft / Larceny at Street / Sidewalk
SYN-2025-02103,2025-02-13,15:31:28,Motor Vehicle Theft,Westside Arts,District 5,37.740928,-122.439615,Parking Facility,Reported Motor Vehicle Theft at Parking Facility
SYN-2025-02251,2025-02-13,19:39:28,Theft / Larceny,Mission Commercial,District 3,37.757627,-122.417884,Transit Station,Reported Theft / Larceny at Transit Station
SYN-2025-03014,2025-02-13,20:38:58,Vandalism,Westside Arts,District 5,37.778464,-122.433971,Bar / Restaurant,Reported Vandalism at Bar / Restaurant
SYN-2025-02520,2025-02-13,20:53:24,Motor Vehicle Theft,Mission Commercial,District 3,37.759093,-122.422729,Street / Sidewalk,Reported Motor Vehicle Theft at Street / Sidewalk
SYN-2025-00863,2025-02-13,21:53:52,Theft / Larceny,Mission Commercial,District 3,37.762579,-122.416384,Commercial Retail,Reported Theft / Larceny at Commercial Retail
SYN-2025-00234,2025-02-13,22:21:50,Theft / Larceny,Mission Commercial,District 3,37.759899,-122.42411,Transit Station,Reported Theft / Larceny at Transit Station
SYN-2025-01968,2025-02-13,22:54:08,Theft / Larceny,Downtown Central,District 1,37.773934,-122.41373,Alleyway,Reported Theft / Larceny at Alleyway
SYN-2025-02655,2025-02-14,11:42:34,Burglary,Downtown Central,District 1,37.762848,-122.402211,Commercial Retail,Reported Burglary at Commercial Retail
SYN-2025-04492,2025-02-14,13:08:13,Motor Vehicle Theft,Mission Commercial,District 3,37.753617,-122.419381,Parking Facility,Reported Motor Vehicle Theft at Parking Facility
SYN-2025-00348,2025-02-14,14:53:24,Fraud,Westside Arts,District 5,37.775512,-122.436687,Bar / Restaurant,Reported Fraud at Bar / Restaurant
SYN-2025-04246,2025-02-14,15:21:48,Robbery,Downtown Central,District 1,37.781025,-122.416013,Commercial Retail,Reported Robbery at Commercial Retail
SYN-2025-01525,2025-02-14,16:05:29,Public Disorder,Downtown Central,District 1,37.781525,-122.415641,Bar / Restaurant,Reported Public Disorder at Bar / Restaurant
SYN-2025-02371,2025-02-14,16:13:42,Vandalism,Downtown Central,District 1,37.786033,-122.425129,Park / Public Space,Reported Vandalism at Park / Public Space
SYN-2025-00411,2025-02-14,17:33:18,Theft / Larceny,Westside Arts,District 5,37.772759,-122.434096,Parking Facility,Reported Theft / Larceny at Parking Facility
SYN-2025-02843,2025-02-14,18:43:22,Assault,Mission Commercial,District 3,37.757439,-122.419974,Park / Public Space,Reported Assault at Park / Public Space
SYN-2025-04370,2025-02-14,18:58:55,Motor Vehicle Theft,Mission Commercial,District 3,37.763155,-122.418603,Street / Sidewalk,Reported Motor Vehicle Theft at Street / Sidewalk
SYN-2025-01836,2025-02-15,10:15:29,Public Disorder,Westside Arts,District 5,37.777671,-122.44011,Park / Public Space,Reported Public Disorder at Park / Public Space
SYN-2025-02247,2025-02-15,11:54:47,Motor Vehicle Theft,Mission Commercial,District 3,37.763441,-122.41831,Street / Sidewalk,Reported Motor Vehicle Theft at Street / Sidewalk
SYN-2025-02286,2025-02-15,13:32:18,Public Disorder,Waterfront Marina,District 2,37.801223,-122.44179,Bar / Restaurant,Reported Public Disorder at Bar / Restaurant
SYN-2025-01260,2025-02-15,17:13:25,Burglary,Mission Commercial,District 3,37.757094,-122.416548,Commercial Retail,Reported Burglary at Commercial Retail
SYN-2025-02162,2025-02-15,21:46:30,Theft / Larceny,Downtown Central,District 1,37.764061,-122.457236,Park / Public Space,Reported Theft / Larceny at Park / Public Space
SYN-2025-02571,2025-02-16,08:08:03,Motor Vehicle Theft,Westside Arts,District 5,37.776823,-122.437425,Parking Facility,Reported Motor Vehicle Theft at Parking Facility
SYN-2025-01947,2025-02-16,14:37:07,Burglary,Westside Arts,District 5,37.779721,-122.430616,Residential Apartment,Reported Burglary at Residential Apartment
SYN-2025-01127,2025-02-16,20:05:40,Theft / Larceny,Mission Commercial,District 3,37.760024,-122.423384,Park / Public Space,Reported Theft / Larceny at Park / Public Space
SYN-2025-01238,2025-02-17,03:58:30,Fraud,Waterfront Marina,District 2,37.807398,-122.433529,Commercial Retail,Reported Fraud at Commercial Retail
SYN-2025-01570,2025-02-17,06:29:11,Robbery,Waterfront Marina,District 2,37.801231,-122.425181,Alleyway,Reported Robbery at Alleyway
SYN-2025-00833,2025-02-17,08:25:31,Robbery,Downtown Central,District 1,37.77378,-122.411805,Parking Facility,Reported Robbery at Parking Facility
SYN-2025-00320,2025-02-17,08:54:33,Theft / Larceny,Waterfront Marina,District 2,37.802462,-122.435556,Residential Apartment,Reported Theft / Larceny at Residential Apartment
SYN-2025-00415,2025-02-17,11:26:32,Theft / Larceny,Downtown Central,District 1,37.783272,-122.413136,Transit Station,Reported Theft / Larceny at Transit Station
SYN-2025-02231,2025-02-17,12:39:10,Motor Vehicle Theft,Downtown Central,District 1,37.757364,-122.428364,Parking Facility,Reported Motor Vehicle Theft at Parking Facility
SYN-2025-02254,2025-02-17,13:21:36,Vandalism,Waterfront Marina,District 2,37.799739,-122.434584,Bar / Restaurant,Reported Vandalism at Bar / Restaurant
SYN-2025-01450,2025-02-17,16:56:06,Assault,Downtown Central,District 1,37.776001,-122.422331,Bar / Restaurant,Reported Assault at Bar / Restaurant
SYN-2025-04425,2025-02-17,18:13:24,Public Disorder,South Rail Corridor,District 4,37.748361,-122.395659,Bar / Restaurant,Reported Public Disorder at Bar / Restaurant
SYN-2025-01995,2025-02-17,18:15:14,Fraud,Westside Arts,District 5,37.773483,-122.435492,Park / Public Space,Reported Fraud at Park / Public Space
SYN-2025-02625,2025-02-17,20:27:54,Vandalism,Downtown Central,District 1,37.785548,-122.41951,Residential Apartment,Reported Vandalism at Residential Apartment
SYN-2025-00076,2025-02-17,20:52:00,Fraud,Westside Arts,District 5,37.77666,-122.410189,Bar / Restaurant,Reported Fraud at Bar / Restaurant
SYN-2025-02274,2025-02-17,21:02:47,Robbery,South Rail Corridor,District 4,37.757584,-122.381023,Street / Sidewalk,Reported Robbery at Street / Sidewalk
SYN-2025-01510,2025-02-17,22:03:26,Burglary,Westside Arts,District 5,37.772468,-122.43807,Commercial Retail,Reported Burglary at Commercial Retail
SYN-2025-01921,2025-02-18,15:00:53,Public Disorder,Downtown Central,District 1,37.777316,-122.418636,Bar / Restaurant,Reported Public Disorder at Bar / Restaurant
SYN-2025-03145,2025-02-18,17:30:47,Vandalism,Downtown Central,District 1,37.791172,-122.41641,Park / Public Space,Reported Vandalism at Park / Public Space
SYN-2025-02146,2025-02-19,10:51:04,Vandalism,Mission Commercial,District 3,37.760118,-122.418645,Commercial Retail,Reported Vandalism at Commercial Retail
SYN-2025-03311,2025-02-19,12:12:08,Vandalism,Mission Commercial,District 3,37.753976,-122.431729,Transit Station,Reported Vandalism at Transit Station
SYN-2025-04026,2025-02-19,12:38:41,Vandalism,Waterfront Marina,District 2,37.797637,-122.435563,Commercial Retail,Reported Vandalism at Commercial Retail
SYN-2025-01514,2025-02-19,13:43:09,Vandalism,Mission Commercial,District 3,37.756836,-122.414327,Bar / Restaurant,Reported Vandalism at Bar / Restaurant
SYN-2025-01741,2025-02-19,13:53:26,Fraud,Waterfront Marina,District 2,37.802907,-122.437884,Alleyway,Reported Fraud at Alleyway
SYN-2025-03165,2025-02-19,16:22:59,Assault,Waterfront Marina,District 2,37.79701,-122.435883,Park / Public Space,Reported Assault at Park / Public Space
SYN-2025-02266,2025-02-19,19:38:06,Assault,Mission Commercial,District 3,37.752725,-122.42353,Park / Public Space,Reported Assault at Park / Public Space
SYN-2025-01146,2025-02-19,21:22:41,Public Disorder,Downtown Central,District 1,37.771109,-122.409399,Street / Sidewalk,Reported Public Disorder at Street / Sidewalk
SYN-2025-00018,2025-02-20,09:06:42,Burglary,Mission Commercial,District 3,0.0,0.0,Commercial Retail,Reported Burglary at Commercial Retail
SYN-2025-01629,2025-02-20,11:34:08,Narcotics,Downtown Central,District 1,37.772998,-122.412647,Residential Apartment,Reported Narcotics at Residential Apartment
SYN-2025-03704,2025-02-20,12:12:23,Vandalism,Waterfront Marina,District 2,37.791932,-122.43523,Park / Public Space,Reported Vandalism at Park / Public Space
SYN-2025-01478,2025-02-20,14:54:39,Assault,Mission Commercial,District 3,37.761769,-122.428736,Bar / Restaurant,Reported Assault at Bar / Restaurant
SYN-2025-02366,2025-02-20,17:46:43,Public Disorder,Mission Commercial,District 3,37.759925,-122.418253,Bar / Restaurant,Reported Public Disorder at Bar / Restaurant
SYN-2025-01138,2025-02-20,20:30:55,Motor Vehicle Theft,Mission Commercial,District 3,37.753829,-122.420475,Parking Facility,Reported Motor Vehicle Theft at Parking Facility
SYN-2025-02634,2025-02-21,04:33:08,Vandalism,South Rail Corridor,District 4,37.799078,-122.424571,Alleyway,Reported Vandalism at Alleyway
SYN-2025-02257,2025-02-21,08:40:56,Burglary,Waterfront Marina,District 2,37.803678,-122.434561,Commercial Retail,Reported Burglary at Commercial Retail
SYN-2025-03478,2025-02-21,12:56:23,Burglary,Downtown Central,District 1,37.781943,-122.415575,Residential Apartment,Reported Burglary at Residential Apartment
SYN-2025-02778,2025-02-21,17:45:26,Assault,Downtown Central,District 1,37.782895,-122.42345,Bar / Restaurant,Reported Assault at Bar / Restaurant
SYN-2025-00618,2025-02-21,23:07:29,Public Disorder,Downtown Central,District 1,37.778654,-122.418958,Park / Public Space,Reported Public Disorder at Park / Public Space
SYN-2025-04396,2025-02-22,00:57:27,Burglary,Waterfront Marina,District 2,37.804031,-122.433796,Commercial Retail,Reported Burglary at Commercial Retail
SYN-2025-02514,2025-02-22,13:22:46,Motor Vehicle Theft,Mission Commercial,District 3,37.757296,-122.414934,Parking Facility,Reported Motor Vehicle Theft at Parking Facility
SYN-2025-03363,2025-02-22,14:02:50,Fraud,South Rail Corridor,District 4,37.744391,-122.390429,Residential Apartment,Reported Fraud at Residential Apartment
SYN-2025-00809,2025-02-22,14:58:39,Theft / Larceny,Downtown Central,District 1,37.776221,-122.414315,Commercial Retail,Reported Theft / Larceny at Commercial Retail
SYN-2025-01938,2025-02-22,15:52:19,Burglary,Westside Arts,District 5,37.771896,-122.430429,Residential Apartment,Reported Burglary at Residential Apartment
SYN-2025-04265,2025-02-22,16:54:15,Public Disorder,Downtown Central,District 1,37.77014,-122.422063,Street / Sidewalk,Reported Public Disorder at Street / Sidewalk
SYN-2025-02555,2025-02-22,17:52:36,Public Disorder,Downtown Central,District 1,37.770289,-122.41664,Park / Public Space,Reported Public Disorder at Park / Public Space
SYN-2025-00039,2025-02-22,18:35:08,Vandalism,Downtown Central,District 1,37.777097,-122.411259,,Reported Vandalism at Parking Facility
SYN-2025-02184,2025-02-22,21:19:51,Assault,South Rail Corridor,District 4,37.750581,-122.391365,Park / Public Space,Reported Assault at Park / Public Space
SYN-2025-03695,2025-02-23,16:48:47,Theft / Larceny,South Rail Corridor,District 4,37.744428,-122.377315,Commercial Retail,Reported Theft / Larceny at Commercial Retail
SYN-2025-04463,2025-02-23,18:33:22,Public Disorder,Downtown Central,District 1,37.770782,-122.41974,Park / Public Space,Reported Public Disorder at Park / Public Space
SYN-2025-02931,2025-02-23,18:35:14,Fraud,Waterfront Marina,District 2,37.799421,-122.443156,Alleyway,Reported Fraud at Alleyway
SYN-2025-04323,2025-02-24,11:47:44,Burglary,Mission Commercial,District 3,37.758083,-122.41064,Commercial Retail,Reported Burglary at Commercial Retail
SYN-2025-04341,2025-02-24,12:04:09,Burglary,Mission Commercial,District 3,37.752984,-122.419326,Commercial Retail,Reported Burglary at Commercial Retail
SYN-2025-02643,2025-02-24,19:19:08,Vandalism,Mission Commercial,District 3,37.764133,-122.419764,Alleyway,Reported Vandalism at Alleyway
SYN-2025-03064,2025-02-24,21:03:10,Motor Vehicle Theft,Mission Commercial,District 3,37.755448,-122.425964,Parking Facility,Reported Motor Vehicle Theft at Parking Facility
SYN-2025-02846,2025-02-25,08:42:13,Theft / Larceny,Downtown Central,District 1,37.775724,-122.425782,Residential Apartment,Reported Theft / Larceny at Residential Apartment
SYN-2025-00567,2025-02-25,09:44:02,Assault,Mission Commercial,District 3,37.755127,-122.424009,Park / Public Space,Reported Assault at Park / Public Space
SYN-2025-03552,2025-02-25,13:11:48,Narcotics,South Rail Corridor,District 4,37.747402,-122.387649,Park / Public Space,Reported Narcotics at Park / Public Space
SYN-2025-00213,2025-02-25,16:17:34,Motor Vehicle Theft,South Rail Corridor,District 4,37.751248,-122.393431,Parking Facility,Reported Motor Vehicle Theft at Parking Facility
SYN-2025-00442,2025-02-26,04:08:18,Vandalism,Downtown Central,District 1,37.77678,-122.419158,Alleyway,Reported Vandalism at Alleyway
SYN-2025-03101,2025-02-26,13:50:22,Vandalism,Westside Arts,District 5,37.772864,-122.431263,Residential Apartment,Reported Vandalism at Residential Apartment
SYN-2025-01954,2025-02-26,14:24:36,Theft / Larceny,Westside Arts,District 5,37.773144,-122.434154,Transit Station,Reported Theft / Larceny at Transit Station
SYN-2025-01602,2025-02-26,16:06:28,Motor Vehicle Theft,Mission Commercial,District 3,37.758952,-122.418456,Street / Sidewalk,Reported Motor Vehicle Theft at Street / Sidewalk
SYN-2025-01697,2025-02-26,17:17:30,Public Disorder,Waterfront Marina,District 2,37.79701,-122.441952,Park / Public Space,Reported Public Disorder at Park / Public Space
SYN-2025-03121,2025-02-26,20:16:29,Theft / Larceny,Westside Arts,District 5,37.771882,-122.437244,Parking Facility,Reported Theft / Larceny at Parking Facility
SYN-2025-03366,2025-02-27,05:09:59,Motor Vehicle Theft,Mission Commercial,District 3,37.755058,-122.418117,Street / Sidewalk,Reported Motor Vehicle Theft at Street / Sidewalk
SYN-2025-00473,2025-02-27,12:20:22,Theft / Larceny,Mission Commercial,District 3,37.755645,-122.412984,Transit Station,Reported Theft / Larceny at Transit Station
SYN-2025-00960,2025-02-27,18:33:33,Vandalism,Downtown Central,District 1,37.775604,-122.410003,Alleyway,Reported Vandalism at Alleyway
SYN-2025-00486,2025-02-27,22:19:28,Public Disorder,Westside Arts,District 5,37.774068,-122.428813,Park / Public Space,Reported Public Disorder at Park / Public Space
SYN-2025-03062,2025-02-27,22:27:32,Robbery,Downtown Central,District 1,37.786871,-122.415244,Bar / Restaurant,Reported Robbery at Bar / Restaurant
SYN-2025-04295,2025-02-28,09:04:57,Public Disorder,Westside Arts,District 5,37.800931,-122.391237,Park / Public Space,Reported Public Disorder at Park / Public Space
SYN-2025-00793,2025-02-28,11:01:14,Public Disorder,Waterfront Marina,District 2,37.811271,-122.433723,Bar / Restaurant,Reported Public Disorder at Bar / Restaurant
SYN-2025-00697,2025-02-28,13:42:15,Motor Vehicle Theft,Downtown Central,District 1,37.782287,-122.413127,Parking Facility,Reported Motor Vehicle Theft at Parking Facility
SYN-2025-00601,2025-02-28,14:36:48,Burglary,South Rail Corridor,District 4,37.7386,-122.391384,Commercial Retail,Reported Burglary at Commercial Retail
SYN-2025-01310,2025-02-28,16:02:12,Motor Vehicle Theft,Mission Commercial,District 3,37.793164,-122.413473,Parking Facility,Reported Motor Vehicle Theft at Parking Facility
SYN-2025-00116,2025-02-28,19:07:22,Theft / Larceny,Mission Commercial,District 3,37.758987,-122.416365,Alleyway,Reported Theft / Larceny at Alleyway
SYN-2025-02721,2025-02-28,19:50:03,Burglary,Waterfront Marina,District 2,37.79662,-122.437113,Commercial Retail,Reported Burglary at Commercial Retail
SYN-2025-00267,2025-03-01,13:40:34,Motor Vehicle Theft,Mission Commercial,District 3,37.757311,-122.419191,Street / Sidewalk,Reported Motor Vehicle Theft at Street / Sidewalk
SYN-2025-03861,2025-03-01,17:54:17,Burglary,Waterfront Marina,District 2,37.805501,-122.437124,Commercial Retail,Reported Burglary at Commercial Retail
SYN-2025-01810,2025-03-01,18:51:42,Vandalism,Mission Commercial,District 3,37.767967,-122.424666,Street / Sidewalk,Reported Vandalism at Street / Sidewalk
SYN-2025-03671,2025-03-01,22:04:11,Theft / Larceny,Westside Arts,District 5,37.773728,-122.437319,Residential Apartment,Reported Theft / Larceny at Residential Apartment
SYN-2025-01635,2025-03-02,04:48:47,Robbery,Mission Commercial,District 3,37.762164,-122.416787,Commercial Retail,Reported Robbery at Commercial Retail
SYN-2025-03477,2025-03-02,14:35:37,Narcotics,Waterfront Marina,District 2,37.801898,-122.441359,Residential Apartment,Reported Narcotics at Residential Apartment
SYN-2025-03219,2025-03-02,14:49:04,Fraud,Downtown Central,District 1,37.774847,-122.411877,Park / Public Space,Reported Fraud at Park / Public Space
SYN-2025-03591,2025-03-02,16:23:36,Burglary,Mission Commercial,District 3,37.754875,-122.41679,Commercial Retail,Reported Burglary at Commercial Retail
SYN-2025-04372,2025-03-03,10:51:13,Robbery,Downtown Central,District 1,37.765194,-122.427648,Park / Public Space,Reported Robbery at Park / Public Space
SYN-2025-02006,2025-03-03,13:08:13,Burglary,Waterfront Marina,District 2,37.796534,-122.433357,Commercial Retail,Reported Burglary at Commercial Retail
SYN-2025-04192,2025-03-03,18:04:08,Robbery,Downtown Central,District 1,37.773045,-122.422898,Bar / Restaurant,Reported Robbery at Bar / Restaurant
SYN-2025-04118,2025-03-03,20:28:57,Burglary,South Rail Corridor,District 4,37.744032,-122.392371,Residential Apartment,Reported Burglary at Residential Apartment
SYN-2025-01273,2025-03-03,23:23:54,Robbery,Downtown Central,District 1,37.780302,-122.417875,Street / Sidewalk,Reported Robbery at Street / Sidewalk
SYN-2025-02474,2025-03-04,04:56:13,Robbery,Downtown Central,District 1,37.773764,-122.415401,Residential Apartment,Reported Robbery at Residential Apartment
SYN-2025-04235,2025-03-04,07:40:41,Assault,Westside Arts,District 5,37.77664,-122.437022,Park / Public Space,Reported Assault at Park / Public Space
SYN-2025-02858,2025-03-04,11:01:55,Public Disorder,Downtown Central,District 1,37.79359,-122.424039,Street / Sidewalk,Reported Public Disorder at Street / Sidewalk
SYN-2025-03355,2025-03-04,11:10:44,Fraud,Waterfront Marina,District 2,37.799555,-122.436428,Street / Sidewalk,Reported Fraud at Street / Sidewalk
SYN-2025-02496,2025-03-04,12:41:21,Assault,Downtown Central,District 1,37.777156,-122.421353,Street / Sidewalk,Reported Assault at Street / Sidewalk
SYN-2025-02528,2025-03-04,19:34:52,Public Disorder,Downtown Central,District 1,37.779738,-122.421512,Park / Public Space,Reported Public Disorder at Park / Public Space
SYN-2025-03149,2025-03-04,19:57:28,Motor Vehicle Theft,Mission Commercial,District 3,37.760323,-122.41676,Street / Sidewalk,Reported Motor Vehicle Theft at Street / Sidewalk
SYN-2025-03440,2025-03-05,10:19:43,Fraud,Mission Commercial,District 3,37.759234,-122.417535,Street / Sidewalk,Reported Fraud at Street / Sidewalk
SYN-2025-00700,2025-03-05,13:43:44,Vandalism,Mission Commercial,District 3,37.763237,-122.418839,Park / Public Space,Reported Vandalism at Park / Public Space
SYN-2025-02302,2025-03-05,14:40:03,Motor Vehicle Theft,Westside Arts,District 5,37.776201,-122.438618,Street / Sidewalk,Reported Motor Vehicle Theft at Street / Sidewalk
SYN-2025-00279,2025-03-05,15:03:09,Burglary,Westside Arts,District 5,37.76945,-122.435693,Residential Apartment,Reported Burglary at Residential Apartment
SYN-2025-00049,2025-03-05,18:51:38,Burglary,Waterfront Marina,District 2,37.805917,-122.436278,Commercial Retail,Reported Burglary at Commercial Retail
SYN-2025-03689,2025-03-06,15:16:16,Theft / Larceny,Mission Commercial,District 3,37.762432,-122.424997,Residential Apartment,Reported Theft / Larceny at Residential Apartment
SYN-2025-03963,2025-03-06,15:17:02,Theft / Larceny,Mission Commercial,District 3,37.759823,-122.41613,Park / Public Space,Reported Theft / Larceny at Park / Public Space
SYN-2025-00052,2025-03-07,06:01:47,Narcotics,Mission Commercial,District 3,37.769126,-122.414802,Park / Public Space,Reported Narcotics at Park / Public Space
SYN-2025-01302,2025-03-07,06:29:49,Burglary,South Rail Corridor,District 4,37.741154,-122.397249,Commercial Retail,Reported Burglary at Commercial Retail
SYN-2025-04077,2025-03-07,08:04:02,Public Disorder,Downtown Central,District 1,37.781626,-122.414549,Street / Sidewalk,Reported Public Disorder at Street / Sidewalk
SYN-2025-01627,2025-03-07,11:39:24,Motor Vehicle Theft,Mission Commercial,District 3,37.757162,-122.417649,Parking Facility,Reported Motor Vehicle Theft at Parking Facility
SYN-2025-02609,2025-03-07,15:06:34,Vandalism,Downtown Central,District 1,37.775145,-122.413056,Parking Facility,Reported Vandalism at Parking Facility
SYN-2025-03605,2025-03-07,15:21:26,Assault,Downtown Central,District 1,37.765519,-122.41805,Street / Sidewalk,Reported Assault at Street / Sidewalk
SYN-2025-04002,2025-03-07,17:00:21,Robbery,South Rail Corridor,District 4,37.751354,-122.383246,Bar / Restaurant,Reported Robbery at Bar / Restaurant
SYN-2025-02230,2025-03-07,17:01:06,Burglary,Mission Commercial,District 3,37.757884,-122.421421,Residential Apartment,Reported Burglary at Residential Apartment
SYN-2025-03335,2025-03-07,18:10:37,Burglary,Downtown Central,District 1,37.774507,-122.417718,Commercial Retail,Reported Burglary at Commercial Retail
SYN-2025-02469,2025-03-07,21:57:59,Public Disorder,Downtown Central,District 1,37.786207,-122.415278,Bar / Restaurant,Reported Public Disorder at Bar / Restaurant
SYN-2025-03791,2025-03-08,01:36:04,Public Disorder,Westside Arts,District 5,37.774519,-122.433163,Park / Public Space,Reported Public Disorder at Park / Public Space
SYN-2025-02523,2025-03-08,09:16:03,Motor Vehicle Theft,Mission Commercial,District 3,37.757555,-122.416588,Street / Sidewalk,Reported Motor Vehicle Theft at Street / Sidewalk
SYN-2025-02506,2025-03-08,10:19:43,Theft / Larceny,Downtown Central,District 1,37.779901,-122.421586,Transit Station,Reported Theft / Larceny at Transit Station
SYN-2025-02491,2025-03-08,10:38:06,Burglary,Waterfront Marina,District 2,37.771212,-122.395795,Commercial Retail,Reported Burglary at Commercial Retail
SYN-2025-01121,2025-03-08,13:11:47,Theft / Larceny,Downtown Central,District 1,37.776818,-122.41603,Commercial Retail,Reported Theft / Larceny at Commercial Retail
SYN-2025-02515,2025-03-08,13:21:11,Robbery,South Rail Corridor,District 4,37.747711,-122.391392,Parking Facility,Reported Robbery at Parking Facility
SYN-2025-01042,2025-03-08,13:35:15,Burglary,Westside Arts,District 5,37.766422,-122.44272,Commercial Retail,Reported Burglary at Commercial Retail
SYN-2025-02559,2025-03-08,14:31:32,Fraud,Downtown Central,District 1,37.7738,-122.41875,Transit Station,Reported Fraud at Transit Station
SYN-2025-01246,2025-03-08,18:57:40,Theft / Larceny,Downtown Central,District 1,37.787922,-122.416426,Transit Station,Reported Theft / Larceny at Transit Station
SYN-2025-03627,2025-03-08,19:09:32,Assault,Downtown Central,District 1,37.782166,-122.42064,Street / Sidewalk,Reported Assault at Street / Sidewalk
SYN-2025-02000,2025-03-08,19:29:09,Assault,Downtown Central,District 1,37.78424,-122.414882,Bar / Restaurant,Reported Assault at Bar / Restaurant
SYN-2025-03795,2025-03-08,21:16:25,Fraud,Downtown Central,District 1,37.777022,-122.423315,Park / Public Space,Reported Fraud at Park / Public Space
SYN-2025-02690,2025-03-08,22:02:47,Assault,Waterfront Marina,District 2,37.802439,-122.441554,Bar / Restaurant,Reported Assault at Bar / Restaurant
SYN-2025-03473,2025-03-09,11:26:06,Assault,Downtown Central,District 1,37.772633,-122.422836,Park / Public Space,Reported Assault at Park / Public Space
SYN-2025-01625,2025-03-09,14:31:57,Motor Vehicle Theft,Mission Commercial,District 3,37.764814,-122.422795,Parking Facility,Reported Motor Vehicle Theft at Parking Facility
SYN-2025-01566,2025-03-09,17:28:46,Burglary,South Rail Corridor,District 4,37.756428,-122.384116,Residential Apartment,Reported Burglary at Residential Apartment
SYN-2025-00313,2025-03-09,18:12:52,Theft / Larceny,Westside Arts,District 5,37.770721,-122.436582,Commercial Retail,Reported Theft / Larceny at Commercial Retail
SYN-2025-02400,2025-03-09,18:36:28,Vandalism,Mission Commercial,District 3,37.758843,-122.422364,Transit Station,Reported Vandalism at Transit Station
SYN-2025-00738,2025-03-09,22:58:15,Assault,Downtown Central,District 1,37.784027,-122.416111,Park / Public Space,Reported Assault at Park / Public Space
SYN-2025-02223,2025-03-10,00:00:10,Theft / Larceny,Waterfront Marina,District 2,37.795996,-122.439027,Commercial Retail,Reported Theft / Larceny at Commercial Retail
SYN-2025-02922,2025-03-10,10:00:54,Robbery,Downtown Central,District 1,37.782648,-122.41272,Bar / Restaurant,Reported Robbery at Bar / Restaurant
SYN-2025-03739,2025-03-10,11:24:52,Public Disorder,Downtown Central,District 1,37.78244,-122.419612,Street / Sidewalk,Reported Public Disorder at Street / Sidewalk
SYN-2025-00090,2025-03-10,18:29:54,Narcotics,Downtown Central,District 1,37.775674,-122.41393,Alleyway,Reported Narcotics at Alleyway
SYN-2025-01890,2025-03-11,09:17:55,Theft / Larceny,Mission Commercial,District 3,37.758274,-122.417357,Alleyway,Reported Theft / Larceny at Alleyway
SYN-2025-00995,2025-03-11,11:07:36,Assault,Mission Commercial,District 3,37.764358,-122.422459,Bar / Restaurant,Reported Assault at Bar / Restaurant
SYN-2025-00405,2025-03-11,15:14:58,Vandalism,Waterfront Marina,District 2,37.809256,-122.436751,Bar / Restaurant,Reported Vandalism at Bar / Restaurant
SYN-2025-02276,2025-03-11,15:42:06,Fraud,Mission Commercial,District 3,37.75866,-122.419376,Commercial Retail,Reported Fraud at Commercial Retail
SYN-2025-03707,2025-03-11,17:30:29,Theft / Larceny,Downtown Central,District 1,37.781794,-122.421081,Residential Apartment,Reported Theft / Larceny at Residential Apartment
SYN-2025-01073,2025-03-11,18:24:08,Theft / Larceny,Westside Arts,District 5,37.766107,-122.431323,Commercial Retail,Reported Theft / Larceny at Commercial Retail
SYN-2025-01653,2025-03-11,18:58:10,Robbery,Downtown Central,District 1,37.782286,-122.419915,Residential Apartment,Reported Robbery at Residential Apartment
SYN-2025-00854,2025-03-11,19:15:47,Fraud,Westside Arts,District 5,37.780261,-122.436188,Street / Sidewalk,Reported Fraud at Street / Sidewalk
SYN-2025-02183,2025-03-12,00:49:14,Public Disorder,Waterfront Marina,District 2,37.791395,-122.433747,Bar / Restaurant,Reported Public Disorder at Bar / Restaurant
SYN-2025-01793,2025-03-12,01:54:21,Vandalism,Downtown Central,District 1,37.779588,-122.413855,Park / Public Space,Reported Vandalism at Park / Public Space
SYN-2025-02360,2025-03-12,07:15:00,Burglary,Waterfront Marina,District 2,37.811784,-122.436529,Residential Apartment,Reported Burglary at Residential Apartment
SYN-2025-02341,2025-03-12,08:08:56,Vandalism,Waterfront Marina,District 2,37.801005,-122.442222,Street / Sidewalk,Reported Vandalism at Street / Sidewalk
SYN-2025-04015,2025-03-12,09:19:44,Theft / Larceny,Mission Commercial,District 3,37.765139,-122.427364,Bar / Restaurant,Reported Theft / Larceny at Bar / Restaurant
SYN-2025-01079,2025-03-12,12:39:49,Vandalism,Mission Commercial,District 3,37.743718,-122.401547,Residential Apartment,Reported Vandalism at Residential Apartment
SYN-2025-00675,2025-03-12,15:29:43,Burglary,Downtown Central,District 1,37.772172,-122.418182,Residential Apartment,Reported Burglary at Residential Apartment
SYN-2025-04180,2025-03-12,17:02:59,Public Disorder,Downtown Central,District 1,37.779929,-122.42108,Bar / Restaurant,Reported Public Disorder at Bar / Restaurant
SYN-2025-03174,2025-03-12,17:07:09,Burglary,Mission Commercial,District 3,37.765087,-122.420233,Residential Apartment,Reported Burglary at Residential Apartment
SYN-2025-03106,2025-03-12,18:21:50,Public Disorder,Mission Commercial,District 3,37.758144,-122.416868,Bar / Restaurant,Reported Public Disorder at Bar / Restaurant
SYN-2025-00885,2025-03-12,21:25:06,Burglary,Westside Arts,District 5,37.77447,-122.434489,Residential Apartment,Reported Burglary at Residential Apartment
SYN-2025-00677,2025-03-13,02:04:58,Theft / Larceny,Downtown Central,District 1,37.771526,-122.415312,Bar / Restaurant,Reported Theft / Larceny at Bar / Restaurant
SYN-2025-00805,2025-03-13,12:34:42,Theft / Larceny,Waterfront Marina,District 2,37.809893,-122.441064,Bar / Restaurant,Reported Theft / Larceny at Bar / Restaurant
SYN-2025-00598,2025-03-13,13:18:22,Narcotics,Mission Commercial,District 3,37.765012,-122.423264,Commercial Retail,Reported Narcotics at Commercial Retail
SYN-2025-04230,2025-03-13,16:21:12,Motor Vehicle Theft,Westside Arts,District 5,37.773394,-122.431444,Street / Sidewalk,Reported Motor Vehicle Theft at Street / Sidewalk
SYN-2025-03937,2025-03-13,18:05:42,Assault,Downtown Central,District 1,37.771998,-122.421835,Street / Sidewalk,Reported Assault at Street / Sidewalk
SYN-2025-03167,2025-03-13,19:38:58,Burglary,Mission Commercial,District 3,37.753277,-122.426697,Commercial Retail,Reported Burglary at Commercial Retail
SYN-2025-00636,2025-03-13,19:41:52,Vandalism,Downtown Central,District 1,37.777075,-122.412423,Bar / Restaurant,Reported Vandalism at Bar / Restaurant
SYN-2025-00798,2025-03-13,20:48:58,Theft / Larceny,South Rail Corridor,District 4,37.751466,-122.387107,Parking Facility,Reported Theft / Larceny at Parking Facility
SYN-2025-03690,2025-03-13,20:50:40,Motor Vehicle Theft,Downtown Central,District 1,37.77989,-122.408195,Street / Sidewalk,Reported Motor Vehicle Theft at Street / Sidewalk
SYN-2025-03023,2025-03-13,22:09:14,Vandalism,Downtown Central,District 1,37.772034,-122.426997,Commercial Retail,Reported Vandalism at Commercial Retail
SYN-2025-00620,2025-03-14,05:53:51,Burglary,Mission Commercial,District 3,37.790674,-122.406232,Residential Apartment,Reported Burglary at Residential Apartment
SYN-2025-01401,2025-03-14,07:50:51,Theft / Larceny,Westside Arts,District 5,37.745982,-122.449321,Street / Sidewalk,Reported Theft / Larceny at Street / Sidewalk
SYN-2025-03968,2025-03-14,11:24:40,Theft / Larceny,Waterfront Marina,District 2,37.784438,-122.457099,Bar / Restaurant,Reported Theft / Larceny at Bar / Restaurant
SYN-2025-00051,2025-03-14,14:03:16,Motor Vehicle Theft,Mission Commercial,District 3,37.76235,-122.421217,Parking Facility,Reported Motor Vehicle Theft at Parking Facility
SYN-2025-02110,2025-03-14,17:51:06,Theft / Larceny,Westside Arts,District 5,37.782897,-122.43826,Bar / Restaurant,Reported Theft / Larceny at Bar / Restaurant
SYN-2025-02058,2025-03-14,19:30:20,Theft / Larceny,Waterfront Marina,District 2,37.737789,-122.392302,Alleyway,Reported Theft / Larceny at Alleyway
SYN-2025-00865,2025-03-15,09:32:11,Motor Vehicle Theft,Downtown Central,District 1,37.779148,-122.408103,Parking Facility,Reported Motor Vehicle Theft at Parking Facility
SYN-2025-03750,2025-03-15,14:27:56,Fraud,Westside Arts,District 5,37.778415,-122.440058,Commercial Retail,Reported Fraud at Commercial Retail
SYN-2025-01420,2025-03-15,17:30:01,Fraud,Downtown Central,District 1,37.778028,-122.413429,Transit Station,Reported Fraud at Transit Station
SYN-2025-01294,2025-03-15,17:33:18,Assault,Downtown Central,District 1,37.770306,-122.407691,Park / Public Space,Reported Assault at Park / Public Space
SYN-2025-00068,2025-03-15,17:39:47,Motor Vehicle Theft,Downtown Central,District 1,37.782102,-122.415264,Street / Sidewalk,Reported Motor Vehicle Theft at Street / Sidewalk
SYN-2025-00812,2025-03-15,18:21:20,Burglary,Waterfront Marina,District 2,37.810833,-122.438382,Commercial Retail,Reported Burglary at Commercial Retail
SYN-2025-03376,2025-03-16,07:22:06,Vandalism,South Rail Corridor,District 4,37.754213,-122.390371,Bar / Restaurant,Reported Vandalism at Bar / Restaurant
SYN-2025-01364,2025-03-16,10:38:36,Fraud,Westside Arts,District 5,37.777648,-122.431272,Park / Public Space,Reported Fraud at Park / Public Space
SYN-2025-02687,2025-03-16,14:54:54,Burglary,Downtown Central,District 1,37.778253,-122.420455,Commercial Retail,Reported Burglary at Commercial Retail
SYN-2025-01654,2025-03-16,17:24:55,Burglary,Westside Arts,District 5,37.772726,-122.437597,Commercial Retail,Reported Burglary at Commercial Retail
SYN-2025-01286,2025-03-16,19:45:28,Theft / Larceny,Downtown Central,District 1,37.769427,-122.424475,Park / Public Space,Reported Theft / Larceny at Park / Public Space
SYN-2025-02041,2025-03-17,13:36:12,Robbery,South Rail Corridor,District 4,37.754915,-122.392515,Parking Facility,Reported Robbery at Parking Facility
SYN-2025-00224,2025-03-17,16:26:06,Assault,Downtown Central,District 1,37.781058,-122.42636,Bar / Restaurant,Reported Assault at Bar / Restaurant
SYN-2025-03045,2025-03-17,16:42:48,Vandalism,Downtown Central,District 1,37.754585,-122.431815,Bar / Restaurant,Reported Vandalism at Bar / Restaurant
SYN-2025-00553,2025-03-17,17:58:28,Burglary,Westside Arts,District 5,37.795479,-122.397821,Residential Apartment,Reported Burglary at Residential Apartment
SYN-2025-02549,2025-03-17,19:14:32,Assault,Mission Commercial,District 3,37.762696,-122.421529,Park / Public Space,Reported Assault at Park / Public Space
SYN-2025-03619,2025-03-17,19:15:09,Theft / Larceny,Waterfront Marina,District 2,37.802185,-122.438229,Transit Station,Reported Theft / Larceny at Transit Station
SYN-2025-03010,2025-03-17,20:43:48,Motor Vehicle Theft,Westside Arts,District 5,37.769159,-122.439521,Parking Facility,Reported Motor Vehicle Theft at Parking Facility
SYN-2025-03975,2025-03-17,21:03:54,Public Disorder,Downtown Central,District 1,37.777232,-122.42031,Street / Sidewalk,Reported Public Disorder at Street / Sidewalk
SYN-2025-03830,2025-03-17,23:37:21,Public Disorder,Downtown Central,District 1,37.779651,-122.414729,Park / Public Space,Reported Public Disorder at Park / Public Space
SYN-2025-01350,2025-03-18,12:25:01,Assault,Downtown Central,District 1,37.771436,-122.422977,Street / Sidewalk,Reported Assault at Street / Sidewalk
SYN-2025-04045,2025-03-18,14:35:00,Robbery,Mission Commercial,District 3,37.767829,-122.439278,Park / Public Space,Reported Robbery at Park / Public Space
SYN-2025-00546,2025-03-18,17:17:21,Vandalism,Downtown Central,District 1,37.772591,-122.411776,Transit Station,Reported Vandalism at Transit Station
SYN-2025-03059,2025-03-18,18:03:23,Burglary,Mission Commercial,District 3,37.766982,-122.424359,Commercial Retail,Reported Burglary at Commercial Retail
SYN-2025-04455,2025-03-18,21:43:35,Public Disorder,Mission Commercial,District 3,37.762125,-122.423505,Park / Public Space,Reported Public Disorder at Park / Public Space
SYN-2025-01446,2025-03-19,03:56:53,Vandalism,Downtown Central,District 1,37.782037,-122.414474,Transit Station,Reported Vandalism at Transit Station
SYN-2025-01386,2025-03-19,06:18:22,Burglary,Waterfront Marina,District 2,37.80541,-122.440695,Residential Apartment,Reported Burglary at Residential Apartment
SYN-2025-00663,2025-03-19,08:07:20,Public Disorder,Downtown Central,District 1,37.782502,-122.41875,Street / Sidewalk,Reported Public Disorder at Street / Sidewalk
SYN-2025-00352,2025-03-19,11:22:42,Motor Vehicle Theft,Westside Arts,District 5,37.814093,-122.419555,Street / Sidewalk,Reported Motor Vehicle Theft at Street / Sidewalk
SYN-2025-02676,2025-03-19,14:23:51,Fraud,Waterfront Marina,District 2,37.800905,-122.434003,Residential Apartment,Reported Fraud at Residential Apartment
SYN-2025-01352,2025-03-19,14:35:05,Vandalism,Westside Arts,District 5,37.771848,-122.432499,Street / Sidewalk,Reported Vandalism at Street / Sidewalk
SYN-2025-01052,2025-03-19,18:33:20,Robbery,Downtown Central,District 1,37.776487,-122.419586,Street / Sidewalk,Reported Robbery at Street / Sidewalk
SYN-2025-01292,2025-03-19,20:31:42,Narcotics,Downtown Central,District 1,37.777208,-122.423318,Commercial Retail,Reported Narcotics at Commercial Retail
SYN-2025-00836,2025-03-20,08:20:04,Robbery,Westside Arts,District 5,37.773903,-122.438431,Parking Facility,Reported Robbery at Parking Facility
SYN-2025-04408,2025-03-20,09:20:27,Theft / Larceny,Mission Commercial,District 3,37.760864,-122.426074,Transit Station,Reported Theft / Larceny at Transit Station
SYN-2025-04356,2025-03-20,09:46:30,Vandalism,Waterfront Marina,District 2,37.801901,-122.435817,Park / Public Space,Reported Vandalism at Park / Public Space
SYN-2025-02662,2025-03-20,14:10:56,Motor Vehicle Theft,Westside Arts,District 5,37.780305,-122.439776,Parking Facility,Reported Motor Vehicle Theft at Parking Facility
SYN-2025-04237,2025-03-20,18:32:05,Burglary,Downtown Central,District 1,37.774519,-122.424224,Commercial Retail,Reported Burglary at Commercial Retail
SYN-2025-02579,2025-03-20,19:37:57,Theft / Larceny,Downtown Central,District 1,37.773728,-122.421517,Park / Public Space,Reported Theft / Larceny at Park / Public Space
SYN-2025-04222,2025-03-20,19:50:45,Vandalism,Downtown Central,District 1,37.78647,-122.411273,Parking Facility,Reported Vandalism at Parking Facility
SYN-2025-00468,2025-03-20,20:55:49,Theft / Larceny,Downtown Central,District 1,37.77792,-122.418182,Street / Sidewalk,Reported Theft / Larceny at Street / Sidewalk
SYN-2025-00861,2025-03-20,21:45:12,Assault,Downtown Central,District 1,37.778606,-122.427316,Bar / Restaurant,Reported Assault at Bar / Restaurant
SYN-2025-01181,2025-03-20,22:41:19,Burglary,Downtown Central,District 1,37.791327,-122.415768,Commercial Retail,Reported Burglary at Commercial Retail
SYN-2025-01085,2025-03-21,09:55:23,Vandalism,Waterfront Marina,District 2,37.803272,-122.431509,Park / Public Space,Reported Vandalism at Park / Public Space
SYN-2025-02498,2025-03-21,12:56:59,Motor Vehicle Theft,Downtown Central,District 1,37.779968,-122.421823,Street / Sidewalk,Reported Motor Vehicle Theft at Street / Sidewalk
SYN-2025-01606,2025-03-21,16:33:43,Burglary,Mission Commercial,District 3,37.757295,-122.418935,Commercial Retail,Reported Burglary at Commercial Retail
SYN-2025-00150,2025-03-21,23:03:04,Fraud,Westside Arts,District 5,37.778072,-122.431152,Parking Facility,Reported Fraud at Parking Facility
SYN-2025-00688,2025-03-22,11:12:30,Public Disorder,Downtown Central,District 1,37.774695,-122.426943,Bar / Restaurant,Reported Public Disorder at Bar / Restaurant
SYN-2025-02564,2025-03-22,12:07:39,Assault,Mission Commercial,District 3,37.758485,-122.42772,Street / Sidewalk,Reported Assault at Street / Sidewalk
SYN-2025-04475,2025-03-22,13:21:28,Theft / Larceny,Mission Commercial,District 3,37.757924,-122.410152,Alleyway,Reported Theft / Larceny at Alleyway
SYN-2025-00037,2025-03-22,15:24:57,Vandalism,Mission Commercial,District 3,37.813302,-122.416924,,Reported Vandalism at Bar / Restaurant
SYN-2025-03606,2025-03-22,17:25:44,Vandalism,South Rail Corridor,District 4,37.803183,-122.42857,Park / Public Space,Reported Vandalism at Park / Public Space
SYN-2025-03195,2025-03-22,20:33:46,Assault,South Rail Corridor,District 4,37.750824,-122.386719,Bar / Restaurant,Reported Assault at Bar / Restaurant
SYN-2025-01372,2025-03-22,21:05:27,Public Disorder,Downtown Central,District 1,37.783609,-122.408796,Street / Sidewalk,Reported Public Disorder at Street / Sidewalk
SYN-2025-03546,2025-03-23,07:09:49,Motor Vehicle Theft,Westside Arts,District 5,37.767395,-122.436947,Parking Facility,Reported Motor Vehicle Theft at Parking Facility
SYN-2025-02208,2025-03-23,17:29:58,Assault,Downtown Central,District 1,37.7763,-122.411932,Bar / Restaurant,Reported Assault at Bar / Restaurant
SYN-2025-01123,2025-03-23,18:11:17,Public Disorder,Mission Commercial,District 3,37.759419,-122.414951,Bar / Restaurant,Reported Public Disorder at Bar / Restaurant
SYN-2025-01615,2025-03-23,18:32:42,Theft / Larceny,Mission Commercial,District 3,37.759352,-122.418771,Commercial Retail,Reported Theft / Larceny at Commercial Retail
SYN-2025-00938,2025-03-23,19:09:01,Narcotics,Westside Arts,District 5,37.796075,-122.381327,Bar / Restaurant,Reported Narcotics at Bar / Restaurant
SYN-2025-03436,2025-03-23,19:31:44,Theft / Larceny,Waterfront Marina,District 2,37.796246,-122.436961,Street / Sidewalk,Reported Theft / Larceny at Street / Sidewalk
SYN-2025-00151,2025-03-24,04:49:41,Burglary,Mission Commercial,District 3,37.755795,-122.4278,Residential Apartment,Reported Burglary at Residential Apartment
SYN-2025-01862,2025-03-24,13:01:35,Motor Vehicle Theft,Downtown Central,District 1,37.777426,-122.420329,Parking Facility,Reported Motor Vehicle Theft at Parking Facility
SYN-2025-02640,2025-03-24,13:49:08,Theft / Larceny,Mission Commercial,District 3,37.759728,-122.420232,Park / Public Space,Reported Theft / Larceny at Park / Public Space
SYN-2025-01389,2025-03-24,14:32:02,Fraud,Westside Arts,District 5,37.778834,-122.429483,Commercial Retail,Reported Fraud at Commercial Retail
SYN-2025-01787,2025-03-24,18:01:29,Assault,South Rail Corridor,District 4,37.742061,-122.390908,Park / Public Space,Reported Assault at Park / Public Space
SYN-2025-03604,2025-03-24,18:19:15,Vandalism,South Rail Corridor,District 4,37.746989,-122.387625,Residential Apartment,Reported Vandalism at Residential Apartment
SYN-2025-01700,2025-03-24,19:52:15,Fraud,Downtown Central,District 1,37.775821,-122.414858,Bar / Restaurant,Reported Fraud at Bar / Restaurant
SYN-2025-03262,2025-03-24,22:47:48,Motor Vehicle Theft,Mission Commercial,District 3,37.758307,-122.415152,Parking Facility,Reported Motor Vehicle Theft at Parking Facility
SYN-2025-03699,2025-03-25,06:14:32,Vandalism,Downtown Central,District 1,37.782336,-122.424733,Park / Public Space,Reported Vandalism at Park / Public Space
SYN-2025-03197,2025-03-25,07:23:46,Motor Vehicle Theft,Mission Commercial,District 3,37.763165,-122.412522,Street / Sidewalk,Reported Motor Vehicle Theft at Street / Sidewalk
SYN-2025-02504,2025-03-25,13:21:05,Theft / Larceny,South Rail Corridor,District 4,37.756455,-122.386347,Residential Apartment,Reported Theft / Larceny at Residential Apartment
SYN-2025-02569,2025-03-25,13:56:33,Narcotics,Mission Commercial,District 3,37.758236,-122.416436,Alleyway,Reported Narcotics at Alleyway
SYN-2025-01254,2025-03-25,14:53:15,Motor Vehicle Theft,Westside Arts,District 5,37.776199,-122.435275,Street / Sidewalk,Reported Motor Vehicle Theft at Street / Sidewalk
SYN-2025-03279,2025-03-25,16:08:54,Burglary,Downtown Central,District 1,37.77634,-122.418925,Residential Apartment,Reported Burglary at Residential Apartment
SYN-2025-02635,2025-03-25,17:29:02,Theft / Larceny,Westside Arts,District 5,37.775688,-122.431012,Bar / Restaurant,Reported Theft / Larceny at Bar / Restaurant
SYN-2025-00451,2025-03-25,18:01:44,Assault,Mission Commercial,District 3,37.755727,-122.418604,Street / Sidewalk,Reported Assault at Street / Sidewalk
SYN-2025-04024,2025-03-26,12:31:52,Narcotics,Downtown Central,District 1,37.788377,-122.417338,Street / Sidewalk,Reported Narcotics at Street / Sidewalk
SYN-2025-04248,2025-03-26,12:33:02,Burglary,Mission Commercial,District 3,37.763768,-122.415677,Commercial Retail,Reported Burglary at Commercial Retail
SYN-2025-04142,2025-03-26,16:36:57,Motor Vehicle Theft,Downtown Central,District 1,37.741747,-122.438642,Parking Facility,Reported Motor Vehicle Theft at Parking Facility
SYN-2025-00751,2025-03-26,16:48:23,Theft / Larceny,Downtown Central,District 1,37.779725,-122.413329,Residential Apartment,Reported Theft / Larceny at Residential Apartment
SYN-2025-01390,2025-03-26,18:40:17,Motor Vehicle Theft,Downtown Central,District 1,37.775416,-122.413796,Street / Sidewalk,Reported Motor Vehicle Theft at Street / Sidewalk
SYN-2025-01541,2025-03-27,07:59:11,Robbery,Downtown Central,District 1,37.781736,-122.40925,Alleyway,Reported Robbery at Alleyway
SYN-2025-04497,2025-03-27,12:28:29,Vandalism,Downtown Central,District 1,37.786202,-122.40976,Transit Station,Reported Vandalism at Transit Station
SYN-2025-03083,2025-03-27,16:17:32,Vandalism,South Rail Corridor,District 4,37.751831,-122.396374,Residential Apartment,Reported Vandalism at Residential Apartment
SYN-2025-03960,2025-03-27,16:45:58,Robbery,Mission Commercial,District 3,37.756123,-122.417714,Commercial Retail,Reported Robbery at Commercial Retail
SYN-2025-02147,2025-03-27,18:05:27,Theft / Larceny,Mission Commercial,District 3,37.77739,-122.414233,Bar / Restaurant,Reported Theft / Larceny at Bar / Restaurant
SYN-2025-03726,2025-03-27,18:22:02,Public Disorder,Downtown Central,District 1,37.775321,-122.405884,Street / Sidewalk,Reported Public Disorder at Street / Sidewalk
SYN-2025-03312,2025-03-27,19:01:47,Theft / Larceny,Mission Commercial,District 3,37.754512,-122.429814,Street / Sidewalk,Reported Theft / Larceny at Street / Sidewalk
SYN-2025-02421,2025-03-28,00:39:59,Robbery,Downtown Central,District 1,37.778119,-122.416596,Commercial Retail,Reported Robbery at Commercial Retail
SYN-2025-02265,2025-03-28,12:17:53,Robbery,Downtown Central,District 1,37.777704,-122.421217,Parking Facility,Reported Robbery at Parking Facility
SYN-2025-00474,2025-03-28,14:59:52,Burglary,Downtown Central,District 1,37.78041,-122.418872,Residential Apartment,Reported Burglary at Residential Apartment
SYN-2025-03356,2025-03-28,15:20:10,Theft / Larceny,Mission Commercial,District 3,37.758056,-122.414841,Alleyway,Reported Theft / Larceny at Alleyway
SYN-2025-04161,2025-03-28,17:23:06,Motor Vehicle Theft,South Rail Corridor,District 4,37.742591,-122.391422,Street / Sidewalk,Reported Motor Vehicle Theft at Street / Sidewalk
SYN-2025-02076,2025-03-29,01:25:13,Theft / Larceny,Downtown Central,District 1,37.784777,-122.407525,Commercial Retail,Reported Theft / Larceny at Commercial Retail
SYN-2025-03691,2025-03-29,16:14:12,Theft / Larceny,South Rail Corridor,District 4,37.754699,-122.398439,Parking Facility,Reported Theft / Larceny at Parking Facility
SYN-2025-04039,2025-03-29,21:31:44,Public Disorder,Westside Arts,District 5,37.773372,-122.438404,Park / Public Space,Reported Public Disorder at Park / Public Space
SYN-2025-03991,2025-03-30,01:23:41,Burglary,Westside Arts,District 5,37.775795,-122.431183,Residential Apartment,Reported Burglary at Residential Apartment
SYN-2025-03905,2025-03-30,02:09:16,Assault,Downtown Central,District 1,37.776285,-122.407613,Park / Public Space,Reported Assault at Park / Public Space
SYN-2025-00992,2025-03-30,13:59:07,Vandalism,Downtown Central,District 1,37.78229,-122.422063,Parking Facility,Reported Vandalism at Parking Facility
SYN-2025-04051,2025-03-30,15:21:48,Burglary,Mission Commercial,District 3,37.757071,-122.418771,Commercial Retail,Reported Burglary at Commercial Retail
SYN-2025-01368,2025-03-30,18:24:54,Theft / Larceny,Westside Arts,District 5,37.773213,-122.438418,Transit Station,Reported Theft / Larceny at Transit Station
SYN-2025-03143,2025-03-30,19:11:26,Assault,Mission Commercial,District 3,37.752935,-122.413982,Bar / Restaurant,Reported Assault at Bar / Restaurant
SYN-2025-02126,2025-03-31,00:25:20,Burglary,Downtown Central,District 1,37.773562,-122.412029,Residential Apartment,Reported Burglary at Residential Apartment
SYN-2025-03593,2025-03-31,02:15:49,Theft / Larceny,Waterfront Marina,District 2,37.802761,-122.44171,Bar / Restaurant,Reported Theft / Larceny at Bar / Restaurant
SYN-2025-03892,2025-03-31,10:53:38,Theft / Larceny,Mission Commercial,District 3,37.760322,-122.419281,Street / Sidewalk,Reported Theft / Larceny at Street / Sidewalk
SYN-2025-01465,2025-03-31,11:13:59,Vandalism,Westside Arts,District 5,37.773252,-122.429056,Street / Sidewalk,Reported Vandalism at Street / Sidewalk
SYN-2025-02201,2025-03-31,12:12:37,Narcotics,Mission Commercial,District 3,37.75997,-122.423459,Street / Sidewalk,Reported Narcotics at Street / Sidewalk
SYN-2025-00730,2025-03-31,13:52:24,Public Disorder,Waterfront Marina,District 2,37.806789,-122.448691,Bar / Restaurant,Reported Public Disorder at Bar / Restaurant
SYN-2025-02300,2025-03-31,21:15:52,Theft / Larceny,Westside Arts,District 5,37.773434,-122.432232,Street / Sidewalk,Reported Theft / Larceny at Street / Sidewalk
SYN-2025-00498,2025-04-01,09:57:08,Motor Vehicle Theft,South Rail Corridor,District 4,37.774786,-122.420109,Parking Facility,Reported Motor Vehicle Theft at Parking Facility
SYN-2025-03597,2025-04-01,13:57:53,Assault,Mission Commercial,District 3,37.760246,-122.413075,Park / Public Space,Reported Assault at Park / Public Space
SYN-2025-00322,2025-04-01,20:37:35,Public Disorder,Downtown Central,District 1,37.777526,-122.420646,Street / Sidewalk,Reported Public Disorder at Street / Sidewalk
SYN-2025-04204,2025-04-02,14:21:03,Burglary,Waterfront Marina,District 2,37.805927,-122.436134,Residential Apartment,Reported Burglary at Residential Apartment
SYN-2025-03444,2025-04-02,14:43:59,Motor Vehicle Theft,Mission Commercial,District 3,37.752104,-122.418296,Parking Facility,Reported Motor Vehicle Theft at Parking Facility
SYN-2025-01979,2025-04-02,17:38:58,Motor Vehicle Theft,South Rail Corridor,District 4,37.731189,-122.436175,Parking Facility,Reported Motor Vehicle Theft at Parking Facility
SYN-2025-03030,2025-04-02,18:03:40,Motor Vehicle Theft,Mission Commercial,District 3,37.757088,-122.416592,Street / Sidewalk,Reported Motor Vehicle Theft at Street / Sidewalk
SYN-2025-03616,2025-04-02,18:23:04,Vandalism,Waterfront Marina,District 2,37.803675,-122.428815,Transit Station,Reported Vandalism at Transit Station
SYN-2025-03398,2025-04-02,19:32:16,Assault,Mission Commercial,District 3,37.754002,-122.421337,Bar / Restaurant,Reported Assault at Bar / Restaurant
SYN-2025-04023,2025-04-02,23:58:32,Burglary,Downtown Central,District 1,37.784867,-122.419111,Residential Apartment,Reported Burglary at Residential Apartment
SYN-2025-02652,2025-04-03,09:03:14,Public Disorder,Waterfront Marina,District 2,37.80239,-122.440638,Street / Sidewalk,Reported Public Disorder at Street / Sidewalk
SYN-2025-03374,2025-04-03,09:15:40,Motor Vehicle Theft,South Rail Corridor,District 4,37.752255,-122.398912,Parking Facility,Reported Motor Vehicle Theft at Parking Facility
SYN-2025-03244,2025-04-03,16:16:01,Burglary,South Rail Corridor,District 4,37.74958,-122.392442,Commercial Retail,Reported Burglary at Commercial Retail
SYN-2025-02167,2025-04-03,17:41:37,Robbery,Downtown Central,District 1,37.777033,-122.422925,Residential Apartment,Reported Robbery at Residential Apartment
SYN-2025-03405,2025-04-03,18:38:01,Assault,Downtown Central,District 1,37.779305,-122.403334,Park / Public Space,Reported Assault at Park / Public Space
SYN-2025-00061,2025-04-03,19:05:18,Burglary,Downtown Central,District 1,37.774855,-122.412531,Commercial Retail,Reported Burglary at Commercial Retail
SYN-2025-03453,2025-04-04,09:24:57,Robbery,Downtown Central,District 1,37.778501,-122.418297,Residential Apartment,Reported Robbery at Residential Apartment
SYN-2025-01929,2025-04-04,09:59:59,Theft / Larceny,Downtown Central,District 1,37.779864,-122.406883,Park / Public Space,Reported Theft / Larceny at Park / Public Space
SYN-2025-03526,2025-04-04,14:04:37,Burglary,Downtown Central,District 1,37.780181,-122.418188,Residential Apartment,Reported Burglary at Residential Apartment
SYN-2025-03778,2025-04-04,19:18:20,Theft / Larceny,Mission Commercial,District 3,37.757525,-122.421873,Commercial Retail,Reported Theft / Larceny at Commercial Retail
SYN-2025-02869,2025-04-04,20:28:05,Assault,South Rail Corridor,District 4,37.750972,-122.395938,Park / Public Space,Reported Assault at Park / Public Space
SYN-2025-02136,2025-04-04,21:33:25,Theft / Larceny,Downtown Central,District 1,37.765623,-122.425282,Residential Apartment,Reported Theft / Larceny at Residential Apartment
SYN-2025-00496,2025-04-05,06:45:24,Narcotics,Westside Arts,District 5,37.770496,-122.430803,Parking Facility,Reported Narcotics at Parking Facility
SYN-2025-01461,2025-04-05,08:07:46,Burglary,South Rail Corridor,District 4,37.741226,-122.38845,Commercial Retail,Reported Burglary at Commercial Retail
SYN-2025-01410,2025-04-05,08:20:47,Vandalism,South Rail Corridor,District 4,37.749107,-122.403272,Park / Public Space,Reported Vandalism at Park / Public Space
SYN-2025-01132,2025-04-05,09:55:11,Theft / Larceny,Mission Commercial,District 3,37.756628,-122.424043,Park / Public Space,Reported Theft / Larceny at Park / Public Space
SYN-2025-01560,2025-04-05,11:55:10,Burglary,Downtown Central,District 1,37.782044,-122.419418,Commercial Retail,Reported Burglary at Commercial Retail
SYN-2025-02179,2025-04-05,13:17:21,Fraud,Mission Commercial,District 3,37.760038,-122.422769,Bar / Restaurant,Reported Fraud at Bar / Restaurant
SYN-2025-00627,2025-04-05,13:29:02,Robbery,Downtown Central,District 1,37.781617,-122.412629,Transit Station,Reported Robbery at Transit Station
SYN-2025-02009,2025-04-05,14:16:49,Public Disorder,Downtown Central,District 1,37.777594,-122.416126,Park / Public Space,Reported Public Disorder at Park / Public Space
SYN-2025-00158,2025-04-05,15:33:22,Vandalism,Downtown Central,District 1,37.78291,-122.412887,Parking Facility,Reported Vandalism at Parking Facility
SYN-2025-03162,2025-04-05,17:10:26,Public Disorder,Downtown Central,District 1,37.781079,-122.425629,Park / Public Space,Reported Public Disorder at Park / Public Space
SYN-2025-03130,2025-04-05,18:41:52,Motor Vehicle Theft,Westside Arts,District 5,37.774782,-122.435089,Parking Facility,Reported Motor Vehicle Theft at Parking Facility
SYN-2025-03201,2025-04-06,02:03:39,Burglary,South Rail Corridor,District 4,37.755668,-122.392855,Commercial Retail,Reported Burglary at Commercial Retail
SYN-2025-03107,2025-04-06,14:16:39,Burglary,Westside Arts,District 5,37.778504,-122.429854,Commercial Retail,Reported Burglary at Commercial Retail
SYN-2025-02004,2025-04-06,15:19:02,Burglary,Mission Commercial,District 3,37.788743,-122.42982,Residential Apartment,Reported Burglary at Residential Apartment
SYN-2025-02726,2025-04-06,22:44:41,Public Disorder,Mission Commercial,District 3,37.760852,-122.420409,Bar / Restaurant,Reported Public Disorder at Bar / Restaurant
SYN-2025-03891,2025-04-06,22:51:31,Assault,South Rail Corridor,District 4,37.759907,-122.392122,Park / Public Space,Reported Assault at Park / Public Space
SYN-2025-01529,2025-04-07,11:06:25,Theft / Larceny,Mission Commercial,District 3,37.759731,-122.4237,Parking Facility,Reported Theft / Larceny at Parking Facility
SYN-2025-02343,2025-04-07,13:50:32,Narcotics,Downtown Central,District 1,37.778873,-122.419029,Bar / Restaurant,Reported Narcotics at Bar / Restaurant
SYN-2025-00922,2025-04-07,20:33:13,Theft / Larceny,Westside Arts,District 5,37.777685,-122.436908,Street / Sidewalk,Reported Theft / Larceny at Street / Sidewalk
SYN-2025-00966,2025-04-08,08:35:05,Motor Vehicle Theft,Mission Commercial,District 3,37.75868,-122.419066,Parking Facility,Reported Motor Vehicle Theft at Parking Facility
SYN-2025-00578,2025-04-08,15:05:35,Assault,Westside Arts,District 5,37.777026,-122.432767,Street / Sidewalk,Reported Assault at Street / Sidewalk
SYN-2025-02871,2025-04-08,18:02:03,Public Disorder,Downtown Central,District 1,37.77609,-122.418697,Park / Public Space,Reported Public Disorder at Park / Public Space
SYN-2025-00357,2025-04-08,19:14:00,Vandalism,Downtown Central,District 1,37.777402,-122.415379,Transit Station,Reported Vandalism at Transit Station
SYN-2025-04407,2025-04-08,23:04:17,Assault,Downtown Central,District 1,37.77342,-122.409926,Street / Sidewalk,Reported Assault at Street / Sidewalk
SYN-2025-01506,2025-04-08,23:37:51,Motor Vehicle Theft,Downtown Central,District 1,37.774817,-122.419056,Parking Facility,Reported Motor Vehicle Theft at Parking Facility
SYN-2025-02165,2025-04-09,13:59:00,Burglary,Waterfront Marina,District 2,37.733601,-122.403473,Residential Apartment,Reported Burglary at Residential Apartment
SYN-2025-00670,2025-04-09,17:17:38,Motor Vehicle Theft,Westside Arts,District 5,37.778041,-122.435969,Street / Sidewalk,Reported Motor Vehicle Theft at Street / Sidewalk
SYN-2025-00109,2025-04-09,18:20:27,Assault,Downtown Central,District 1,37.776928,-122.416662,Bar / Restaurant,Reported Assault at Bar / Restaurant
SYN-2025-03099,2025-04-09,18:21:00,Vandalism,Waterfront Marina,District 2,37.807211,-122.432398,Transit Station,Reported Vandalism at Transit Station
SYN-2025-03288,2025-04-09,18:36:23,Robbery,Downtown Central,District 1,37.785115,-122.425418,Residential Apartment,Reported Robbery at Residential Apartment
SYN-2025-00657,2025-04-09,20:31:07,Public Disorder,Downtown Central,District 1,37.776466,-122.416907,Street / Sidewalk,Reported Public Disorder at Street / Sidewalk
SYN-2025-00495,2025-04-10,07:20:44,Assault,Westside Arts,District 5,37.776265,-122.433758,Bar / Restaurant,Reported Assault at Bar / Restaurant
SYN-2025-04193,2025-04-10,10:28:09,Motor Vehicle Theft,Downtown Central,District 1,37.774432,-122.418026,Street / Sidewalk,Reported Motor Vehicle Theft at Street / Sidewalk
SYN-2025-00771,2025-04-10,15:10:20,Public Disorder,Waterfront Marina,District 2,37.805154,-122.433678,Bar / Restaurant,Reported Public Disorder at Bar / Restaurant
SYN-2025-00022,2025-04-10,18:46:50,Assault,Mission Commercial,District 3,0.0,0.0,Bar / Restaurant,Reported Assault at Bar / Restaurant
SYN-2025-02754,2025-04-10,21:11:24,Vandalism,Waterfront Marina,District 2,37.799256,-122.43973,Transit Station,Reported Vandalism at Transit Station
SYN-2025-02730,2025-04-11,00:04:28,Fraud,Mission Commercial,District 3,37.756625,-122.410952,Residential Apartment,Reported Fraud at Residential Apartment
SYN-2025-01303,2025-04-11,11:45:38,Motor Vehicle Theft,Mission Commercial,District 3,37.761305,-122.41886,Street / Sidewalk,Reported Motor Vehicle Theft at Street / Sidewalk
SYN-2025-02780,2025-04-11,17:15:22,Motor Vehicle Theft,South Rail Corridor,District 4,37.738083,-122.38454,Parking Facility,Reported Motor Vehicle Theft at Parking Facility
SYN-2025-00338,2025-04-11,17:21:27,Narcotics,Waterfront Marina,District 2,37.794686,-122.436548,Park / Public Space,Reported Narcotics at Park / Public Space
SYN-2025-00521,2025-04-11,17:49:29,Fraud,Mission Commercial,District 3,37.753443,-122.424924,Parking Facility,Reported Fraud at Parking Facility
SYN-2025-01949,2025-04-12,16:34:49,Burglary,Mission Commercial,District 3,37.753722,-122.420687,Residential Apartment,Reported Burglary at Residential Apartment
SYN-2025-02965,2025-04-12,17:58:58,Fraud,Westside Arts,District 5,37.778041,-122.43332,Residential Apartment,Reported Fraud at Residential Apartment
SYN-2025-01212,2025-04-12,20:16:22,Assault,Waterfront Marina,District 2,37.806653,-122.435559,Street / Sidewalk,Reported Assault at Street / Sidewalk
SYN-2025-03950,2025-04-12,23:28:00,Assault,Downtown Central,District 1,37.77858,-122.417162,Park / Public Space,Reported Assault at Park / Public Space
SYN-2025-00359,2025-04-13,09:21:06,Burglary,Westside Arts,District 5,37.769976,-122.433385,Residential Apartment,Reported Burglary at Residential Apartment
SYN-2025-02409,2025-04-13,09:48:38,Fraud,Westside Arts,District 5,37.778592,-122.437134,Alleyway,Reported Fraud at Alleyway
SYN-2025-02968,2025-04-13,12:26:30,Assault,Downtown Central,District 1,37.77546,-122.417719,Park / Public Space,Reported Assault at Park / Public Space
SYN-2025-03271,2025-04-13,13:13:31,Motor Vehicle Theft,Mission Commercial,District 3,37.763859,-122.423358,Parking Facility,Reported Motor Vehicle Theft at Parking Facility
SYN-2025-01895,2025-04-13,16:28:10,Robbery,Mission Commercial,District 3,37.759079,-122.422587,Alleyway,Reported Robbery at Alleyway
SYN-2025-00776,2025-04-13,17:44:36,Burglary,Downtown Central,District 1,37.781638,-122.41979,Residential Apartment,Reported Burglary at Residential Apartment
SYN-2025-00026,2025-04-13,19:04:00,Narcotics,Mission Commercial,District 3,37.757869,-122.419079,Commercial Retail,Reported Narcotics at Commercial Retail
SYN-2025-00334,2025-04-13,20:11:49,Assault,Downtown Central,District 1,37.782836,-122.416886,Street / Sidewalk,Reported Assault at Street / Sidewalk
SYN-2025-01851,2025-04-13,22:54:14,Robbery,Downtown Central,District 1,37.781401,-122.419177,Bar / Restaurant,Reported Robbery at Bar / Restaurant
SYN-2025-03303,2025-04-13,23:18:05,Theft / Larceny,Mission Commercial,District 3,37.762184,-122.420744,Alleyway,Reported Theft / Larceny at Alleyway
SYN-2025-02723,2025-04-13,23:38:17,Vandalism,Waterfront Marina,District 2,37.806805,-122.437208,Residential Apartment,Reported Vandalism at Residential Apartment
SYN-2025-01067,2025-04-14,11:41:36,Vandalism,Mission Commercial,District 3,37.757311,-122.417206,Commercial Retail,Reported Vandalism at Commercial Retail
SYN-2025-01106,2025-04-14,14:42:09,Public Disorder,Downtown Central,District 1,37.779281,-122.413776,Street / Sidewalk,Reported Public Disorder at Street / Sidewalk
SYN-2025-01864,2025-04-14,17:13:25,Fraud,Westside Arts,District 5,37.773728,-122.430403,Commercial Retail,Reported Fraud at Commercial Retail
SYN-2025-00254,2025-04-14,18:54:04,Public Disorder,Waterfront Marina,District 2,37.798117,-122.436871,Street / Sidewalk,Reported Public Disorder at Street / Sidewalk
SYN-2025-02368,2025-04-14,22:11:08,Theft / Larceny,Waterfront Marina,District 2,37.801487,-122.437505,Transit Station,Reported Theft / Larceny at Transit Station
SYN-2025-01771,2025-04-15,09:38:31,Theft / Larceny,Waterfront Marina,District 2,37.802382,-122.435826,Parking Facility,Reported Theft / Larceny at Parking Facility
SYN-2025-00557,2025-04-15,11:12:11,Narcotics,Mission Commercial,District 3,37.758535,-122.417789,Residential Apartment,Reported Narcotics at Residential Apartment
SYN-2025-02279,2025-04-15,12:08:58,Burglary,Mission Commercial,District 3,37.755274,-122.418295,Residential Apartment,Reported Burglary at Residential Apartment
SYN-2025-02003,2025-04-15,13:10:36,Assault,Downtown Central,District 1,37.776778,-122.415445,Street / Sidewalk,Reported Assault at Street / Sidewalk
SYN-2025-00004,2025-04-15,16:59:24,Assault,Downtown Central,District 1,37.783067,-122.421811,Park / Public Space,Reported Assault at Park / Public Space
SYN-2025-00004,2025-04-15,16:59:24,Assault,Downtown Central,District 1,37.783067,-122.421811,Park / Public Space,Reported Assault at Park / Public Space
SYN-2025-02511,2025-04-15,20:55:01,Vandalism,South Rail Corridor,District 4,37.743429,-122.388932,Alleyway,Reported Vandalism at Alleyway
SYN-2025-02198,2025-04-16,10:30:07,Assault,Mission Commercial,District 3,37.743635,-122.446299,Park / Public Space,Reported Assault at Park / Public Space
SYN-2025-04430,2025-04-16,12:34:23,Theft / Larceny,Westside Arts,District 5,37.774008,-122.435698,Park / Public Space,Reported Theft / Larceny at Park / Public Space
SYN-2025-03179,2025-04-16,12:59:00,Burglary,Waterfront Marina,District 2,37.803773,-122.441389,Commercial Retail,Reported Burglary at Commercial Retail
SYN-2025-03258,2025-04-16,18:09:22,Vandalism,Waterfront Marina,District 2,37.809704,-122.438344,Alleyway,Reported Vandalism at Alleyway
SYN-2025-04500,2025-04-16,18:30:57,Theft / Larceny,Mission Commercial,District 3,37.752636,-122.411475,Transit Station,Reported Theft / Larceny at Transit Station
SYN-2025-02866,2025-04-16,18:55:10,Public Disorder,Downtown Central,District 1,37.77471,-122.415066,Bar / Restaurant,Reported Public Disorder at Bar / Restaurant
SYN-2025-03887,2025-04-16,19:36:04,Motor Vehicle Theft,Downtown Central,District 1,37.777002,-122.421909,Parking Facility,Reported Motor Vehicle Theft at Parking Facility
SYN-2025-00120,2025-04-16,21:05:27,Vandalism,Waterfront Marina,District 2,37.798992,-122.43469,Bar / Restaurant,Reported Vandalism at Bar / Restaurant
SYN-2025-00385,2025-04-17,05:42:04,Public Disorder,Downtown Central,District 1,37.777777,-122.414803,Park / Public Space,Reported Public Disorder at Park / Public Space
SYN-2025-00523,2025-04-17,11:22:38,Assault,Mission Commercial,District 3,37.761029,-122.4224,Street / Sidewalk,Reported Assault at Street / Sidewalk
SYN-2025-02039,2025-04-17,11:38:08,Assault,Mission Commercial,District 3,37.764181,-122.416219,Bar / Restaurant,Reported Assault at Bar / Restaurant
SYN-2025-03058,2025-04-17,13:11:02,Burglary,Mission Commercial,District 3,37.760325,-122.423416,Residential Apartment,Reported Burglary at Residential Apartment
SYN-2025-00779,2025-04-17,13:47:25,Public Disorder,Waterfront Marina,District 2,37.801394,-122.439305,Bar / Restaurant,Reported Public Disorder at Bar / Restaurant
SYN-2025-04110,2025-04-17,16:11:47,Motor Vehicle Theft,Mission Commercial,District 3,37.769462,-122.421222,Parking Facility,Reported Motor Vehicle Theft at Parking Facility
SYN-2025-01898,2025-04-18,00:21:48,Vandalism,Mission Commercial,District 3,37.762638,-122.425555,Transit Station,Reported Vandalism at Transit Station
SYN-2025-02815,2025-04-18,01:46:04,Assault,South Rail Corridor,District 4,37.748649,-122.392133,Bar / Restaurant,Reported Assault at Bar / Restaurant
SYN-2025-01190,2025-04-18,15:36:56,Robbery,Downtown Central,District 1,37.775656,-122.422359,Park / Public Space,Reported Robbery at Park / Public Space
SYN-2025-04147,2025-04-18,21:00:55,Assault,Mission Commercial,District 3,37.758727,-122.421636,Park / Public Space,Reported Assault at Park / Public Space
SYN-2025-00020,2025-04-18,21:28:51,Theft / Larceny,Waterfront Marina,District 2,0.0,0.0,Street / Sidewalk,Reported Theft / Larceny at Street / Sidewalk
SYN-2025-01711,2025-04-19,02:22:45,Assault,Westside Arts,District 5,37.750754,-122.39992,Park / Public Space,Reported Assault at Park / Public Space
SYN-2025-04153,2025-04-19,07:05:18,Motor Vehicle Theft,Downtown Central,District 1,37.783229,-122.417667,Parking Facility,Reported Motor Vehicle Theft at Parking Facility
SYN-2025-02764,2025-04-19,07:10:23,Vandalism,South Rail Corridor,District 4,37.749937,-122.391817,Parking Facility,Reported Vandalism at Parking Facility
SYN-2025-01385,2025-04-19,08:03:15,Robbery,South Rail Corridor,District 4,37.754919,-122.389948,Commercial Retail,Reported Robbery at Commercial Retail
SYN-2025-04100,2025-04-19,13:10:21,Burglary,Waterfront Marina,District 2,37.791245,-122.408098,Commercial Retail,Reported Burglary at Commercial Retail
SYN-2025-04191,2025-04-19,17:32:55,Burglary,Westside Arts,District 5,37.778142,-122.43394,Residential Apartment,Reported Burglary at Residential Apartment
SYN-2025-02099,2025-04-19,17:33:26,Theft / Larceny,Downtown Central,District 1,37.773955,-122.419257,Park / Public Space,Reported Theft / Larceny at Park / Public Space
SYN-2025-00834,2025-04-19,20:41:24,Assault,Downtown Central,District 1,37.78395,-122.41223,Bar / Restaurant,Reported Assault at Bar / Restaurant
SYN-2025-04001,2025-04-20,00:07:40,Assault,Downtown Central,District 1,37.785564,-122.414711,Park / Public Space,Reported Assault at Park / Public Space
SYN-2025-00044,2025-04-20,11:54:07,Vandalism,Mission Commercial,District 3,37.764276,-122.422473,Park / Public Space,Reported Vandalism at Park / Public Space
SYN-2025-01289,2025-04-20,14:09:47,Motor Vehicle Theft,Westside Arts,District 5,37.77584,-122.438427,Street / Sidewalk,Reported Motor Vehicle Theft at Street / Sidewalk
SYN-2025-00569,2025-04-20,17:17:03,Vandalism,Downtown Central,District 1,37.784833,-122.407839,Alleyway,Reported Vandalism at Alleyway
SYN-2025-02776,2025-04-20,18:18:18,Assault,Waterfront Marina,District 2,37.799154,-122.441238,Bar / Restaurant,Reported Assault at Bar / Restaurant
SYN-2025-03943,2025-04-20,18:38:26,Theft / Larceny,South Rail Corridor,District 4,37.755349,-122.393171,Street / Sidewalk,Reported Theft / Larceny at Street / Sidewalk
SYN-2025-02313,2025-04-20,19:57:07,Assault,Mission Commercial,District 3,37.761971,-122.41134,Street / Sidewalk,Reported Assault at Street / Sidewalk
SYN-2025-00478,2025-04-21,00:24:42,Public Disorder,Downtown Central,District 1,37.78211,-122.414496,Park / Public Space,Reported Public Disorder at Park / Public Space
SYN-2025-03295,2025-04-21,12:10:50,Burglary,Westside Arts,District 5,37.779132,-122.433741,Residential Apartment,Reported Burglary at Residential Apartment
SYN-2025-00058,2025-04-21,18:17:20,Public Disorder,Waterfront Marina,District 2,37.795016,-122.43477,Bar / Restaurant,Reported Public Disorder at Bar / Restaurant
SYN-2025-02284,2025-04-22,16:38:45,Fraud,Westside Arts,District 5,37.77161,-122.437613,Park / Public Space,Reported Fraud at Park / Public Space
SYN-2025-00918,2025-04-22,16:52:29,Public Disorder,Downtown Central,District 1,37.786253,-122.420841,Bar / Restaurant,Reported Public Disorder at Bar / Restaurant
SYN-2025-02441,2025-04-22,17:19:41,Burglary,Mission Commercial,District 3,37.761823,-122.453537,Residential Apartment,Reported Burglary at Residential Apartment
SYN-2025-02791,2025-04-22,21:21:44,Theft / Larceny,Mission Commercial,District 3,37.75705,-122.424952,Residential Apartment,Reported Theft / Larceny at Residential Apartment
SYN-2025-01381,2025-04-22,22:33:22,Theft / Larceny,Waterfront Marina,District 2,37.797546,-122.437662,Bar / Restaurant,Reported Theft / Larceny at Bar / Restaurant
SYN-2025-03883,2025-04-22,22:45:29,Burglary,Waterfront Marina,District 2,37.805915,-122.440691,Residential Apartment,Reported Burglary at Residential Apartment
SYN-2025-03061,2025-04-23,08:21:19,Burglary,Westside Arts,District 5,37.776802,-122.428709,Commercial Retail,Reported Burglary at Commercial Retail
SYN-2025-02481,2025-04-23,12:40:08,Assault,Downtown Central,District 1,37.774918,-122.42101,Bar / Restaurant,Reported Assault at Bar / Restaurant
SYN-2025-03217,2025-04-23,12:52:30,Narcotics,South Rail Corridor,District 4,37.742655,-122.385651,Street / Sidewalk,Reported Narcotics at Street / Sidewalk
SYN-2025-00818,2025-04-23,14:07:30,Theft / Larceny,Westside Arts,District 5,37.780246,-122.436918,Residential Apartment,Reported Theft / Larceny at Residential Apartment
SYN-2025-03987,2025-04-23,15:01:26,Vandalism,Waterfront Marina,District 2,37.799185,-122.439339,Residential Apartment,Reported Vandalism at Residential Apartment
SYN-2025-04263,2025-04-23,17:10:07,Theft / Larceny,Mission Commercial,District 3,37.761399,-122.419069,Commercial Retail,Reported Theft / Larceny at Commercial Retail
SYN-2025-01128,2025-04-23,17:10:39,Burglary,Mission Commercial,District 3,37.758605,-122.412545,Residential Apartment,Reported Burglary at Residential Apartment
SYN-2025-00638,2025-04-23,17:51:39,Fraud,Waterfront Marina,District 2,37.800363,-122.435126,Street / Sidewalk,Reported Fraud at Street / Sidewalk
SYN-2025-04003,2025-04-23,21:43:10,Fraud,Westside Arts,District 5,37.776949,-122.437965,Alleyway,Reported Fraud at Alleyway
SYN-2025-02973,2025-04-23,22:24:42,Burglary,Mission Commercial,District 3,37.7545,-122.414481,Residential Apartment,Reported Burglary at Residential Apartment
SYN-2025-00666,2025-04-23,23:59:31,Assault,Downtown Central,District 1,37.776737,-122.416385,Park / Public Space,Reported Assault at Park / Public Space
SYN-2025-03274,2025-04-24,01:36:09,Motor Vehicle Theft,Mission Commercial,District 3,37.759404,-122.417026,Street / Sidewalk,Reported Motor Vehicle Theft at Street / Sidewalk
SYN-2025-01984,2025-04-24,03:14:29,Vandalism,Downtown Central,District 1,37.792123,-122.451115,Bar / Restaurant,Reported Vandalism at Bar / Restaurant
SYN-2025-03645,2025-04-24,09:01:50,Robbery,Downtown Central,District 1,37.780793,-122.424824,Alleyway,Reported Robbery at Alleyway
SYN-2025-04366,2025-04-24,11:01:47,Burglary,Mission Commercial,District 3,37.755423,-122.417686,Residential Apartment,Reported Burglary at Residential Apartment
SYN-2025-03394,2025-04-24,18:26:47,Robbery,Downtown Central,District 1,37.776152,-122.41205,Parking Facility,Reported Robbery at Parking Facility
SYN-2025-03643,2025-04-24,20:40:03,Public Disorder,Waterfront Marina,District 2,37.801778,-122.431958,Street / Sidewalk,Reported Public Disorder at Street / Sidewalk
SYN-2025-03862,2025-04-24,22:03:08,Narcotics,South Rail Corridor,District 4,37.739847,-122.380932,Street / Sidewalk,Reported Narcotics at Street / Sidewalk
SYN-2025-04172,2025-04-25,07:36:41,Theft / Larceny,Westside Arts,District 5,37.768114,-122.429568,Parking Facility,Reported Theft / Larceny at Parking Facility
SYN-2025-04090,2025-04-25,08:58:37,Fraud,South Rail Corridor,District 4,37.752485,-122.396022,Park / Public Space,Reported Fraud at Park / Public Space
SYN-2025-02678,2025-04-25,10:29:12,Vandalism,Downtown Central,District 1,37.779262,-122.405804,Commercial Retail,Reported Vandalism at Commercial Retail
SYN-2025-00208,2025-04-25,12:13:23,Theft / Larceny,Downtown Central,District 1,37.785062,-122.41638,Residential Apartment,Reported Theft / Larceny at Residential Apartment
SYN-2025-03677,2025-04-25,12:19:33,Assault,Mission Commercial,District 3,37.766126,-122.419552,Bar / Restaurant,Reported Assault at Bar / Restaurant
SYN-2025-01338,2025-04-25,12:49:45,Vandalism,Waterfront Marina,District 2,37.799616,-122.4424,Bar / Restaurant,Reported Vandalism at Bar / Restaurant
SYN-2025-01475,2025-04-25,14:01:02,Theft / Larceny,Mission Commercial,District 3,37.755903,-122.415049,Transit Station,Reported Theft / Larceny at Transit Station
SYN-2025-00353,2025-04-25,20:04:48,Public Disorder,Mission Commercial,District 3,37.756293,-122.420217,Bar / Restaurant,Reported Public Disorder at Bar / Restaurant
SYN-2025-04317,2025-04-25,20:06:47,Assault,Waterfront Marina,District 2,37.802581,-122.444836,Street / Sidewalk,Reported Assault at Street / Sidewalk
SYN-2025-02824,2025-04-25,21:16:00,Burglary,Mission Commercial,District 3,37.755612,-122.418405,Commercial Retail,Reported Burglary at Commercial Retail
SYN-2025-04034,2025-04-25,23:21:47,Assault,Mission Commercial,District 3,37.765573,-122.418591,Street / Sidewalk,Reported Assault at Street / Sidewalk
SYN-2025-00168,2025-04-26,00:06:27,Assault,Downtown Central,District 1,37.775767,-122.413376,Street / Sidewalk,Reported Assault at Street / Sidewalk
SYN-2025-01041,2025-04-26,08:02:53,Burglary,Mission Commercial,District 3,37.766004,-122.42565,Residential Apartment,Reported Burglary at Residential Apartment
SYN-2025-00920,2025-04-26,10:36:02,Vandalism,South Rail Corridor,District 4,37.745172,-122.38746,Street / Sidewalk,Reported Vandalism at Street / Sidewalk
SYN-2025-03573,2025-04-26,11:09:00,Assault,Mission Commercial,District 3,37.756086,-122.421632,Bar / Restaurant,Reported Assault at Bar / Restaurant
SYN-2025-02853,2025-04-26,11:32:16,Motor Vehicle Theft,Waterfront Marina,District 2,37.811839,-122.436736,Street / Sidewalk,Reported Motor Vehicle Theft at Street / Sidewalk
SYN-2025-03079,2025-04-26,12:48:30,Theft / Larceny,Downtown Central,District 1,37.776125,-122.419081,Commercial Retail,Reported Theft / Larceny at Commercial Retail
SYN-2025-02132,2025-04-26,15:17:23,Motor Vehicle Theft,Westside Arts,District 5,37.772656,-122.439894,Street / Sidewalk,Reported Motor Vehicle Theft at Street / Sidewalk
SYN-2025-03156,2025-04-26,17:54:34,Assault,Mission Commercial,District 3,37.758971,-122.418625,Street / Sidewalk,Reported Assault at Street / Sidewalk
SYN-2025-03486,2025-04-26,18:31:29,Vandalism,Mission Commercial,District 3,37.763364,-122.418961,Transit Station,Reported Vandalism at Transit Station
SYN-2025-02519,2025-04-26,21:32:41,Burglary,Waterfront Marina,District 2,37.796345,-122.435607,Residential Apartment,Reported Burglary at Residential Apartment
SYN-2025-04437,2025-04-27,07:51:30,Vandalism,Downtown Central,District 1,37.779461,-122.415688,Parking Facility,Reported Vandalism at Parking Facility
SYN-2025-03783,2025-04-27,12:09:08,Robbery,Westside Arts,District 5,37.773539,-122.437991,Alleyway,Reported Robbery at Alleyway
SYN-2025-03041,2025-04-27,15:00:29,Vandalism,Downtown Central,District 1,37.783453,-122.417505,Bar / Restaurant,Reported Vandalism at Bar / Restaurant
SYN-2025-02199,2025-04-27,16:02:45,Vandalism,Waterfront Marina,District 2,37.800877,-122.429193,Bar / Restaurant,Reported Vandalism at Bar / Restaurant
SYN-2025-00195,2025-04-28,01:26:11,Vandalism,Waterfront Marina,District 2,37.805724,-122.440029,Bar / Restaurant,Reported Vandalism at Bar / Restaurant
SYN-2025-02361,2025-04-28,18:00:40,Vandalism,Mission Commercial,District 3,37.761211,-122.423336,Parking Facility,Reported Vandalism at Parking Facility
SYN-2025-00603,2025-04-28,18:18:26,Robbery,Downtown Central,District 1,37.798825,-122.420556,Residential Apartment,Reported Robbery at Residential Apartment
SYN-2025-03350,2025-04-28,18:39:41,Burglary,Waterfront Marina,District 2,37.79898,-122.436486,Commercial Retail,Reported Burglary at Commercial Retail
SYN-2025-00182,2025-04-28,19:00:35,Burglary,South Rail Corridor,District 4,37.753507,-122.378288,Commercial Retail,Reported Burglary at Commercial Retail
SYN-2025-02373,2025-04-28,20:24:15,Assault,South Rail Corridor,District 4,37.745525,-122.389026,Street / Sidewalk,Reported Assault at Street / Sidewalk
SYN-2025-00427,2025-04-29,09:31:08,Public Disorder,South Rail Corridor,District 4,37.746405,-122.386077,Park / Public Space,Reported Public Disorder at Park / Public Space
SYN-2025-00921,2025-04-29,10:01:48,Theft / Larceny,Westside Arts,District 5,37.778327,-122.433453,Parking Facility,Reported Theft / Larceny at Parking Facility
SYN-2025-01103,2025-04-29,11:23:38,Burglary,Downtown Central,District 1,37.813609,-122.441256,Commercial Retail,Reported Burglary at Commercial Retail
SYN-2025-03171,2025-04-29,16:35:08,Fraud,Westside Arts,District 5,37.765414,-122.431837,Alleyway,Reported Fraud at Alleyway
SYN-2025-04484,2025-04-29,18:33:59,Motor Vehicle Theft,Mission Commercial,District 3,37.753596,-122.416278,Parking Facility,Reported Motor Vehicle Theft at Parking Facility
SYN-2025-03865,2025-04-29,20:48:43,Motor Vehicle Theft,Mission Commercial,District 3,37.760316,-122.419057,Parking Facility,Reported Motor Vehicle Theft at Parking Facility
SYN-2025-02631,2025-04-29,21:23:18,Motor Vehicle Theft,Westside Arts,District 5,37.768655,-122.435469,Parking Facility,Reported Motor Vehicle Theft at Parking Facility
SYN-2025-03029,2025-04-29,21:45:02,Assault,Mission Commercial,District 3,37.757987,-122.426228,Street / Sidewalk,Reported Assault at Street / Sidewalk
SYN-2025-03304,2025-04-29,22:17:36,Public Disorder,Downtown Central,District 1,37.774571,-122.41139,Street / Sidewalk,Reported Public Disorder at Street / Sidewalk
SYN-2025-03682,2025-04-29,23:23:21,Motor Vehicle Theft,Mission Commercial,District 3,37.758641,-122.417389,Street / Sidewalk,Reported Motor Vehicle Theft at Street / Sidewalk
SYN-2025-00972,2025-04-30,00:16:56,Burglary,Downtown Central,District 1,37.785234,-122.418208,Residential Apartment,Reported Burglary at Residential Apartment
SYN-2025-04214,2025-04-30,08:24:03,Theft / Larceny,Waterfront Marina,District 2,37.80279,-122.427423,Alleyway,Reported Theft / Larceny at Alleyway
SYN-2025-01786,2025-04-30,10:10:27,Burglary,Mission Commercial,District 3,37.76255,-122.41924,Residential Apartment,Reported Burglary at Residential Apartment
SYN-2025-03063,2025-04-30,10:22:32,Narcotics,Mission Commercial,District 3,37.768444,-122.421809,Transit Station,Reported Narcotics at Transit Station
SYN-2025-02713,2025-04-30,12:35:51,Robbery,Waterfront Marina,District 2,37.804588,-122.436758,Transit Station,Reported Robbery at Transit Station
SYN-2025-03208,2025-04-30,13:19:49,Fraud,Downtown Central,District 1,37.774313,-122.422282,Residential Apartment,Reported Fraud at Residential Apartment
SYN-2025-03323,2025-04-30,13:55:16,Burglary,Mission Commercial,District 3,37.753459,-122.419006,Commercial Retail,Reported Burglary at Commercial Retail
SYN-2025-00758,2025-04-30,13:58:50,Theft / Larceny,Mission Commercial,District 3,37.757208,-122.418133,Residential Apartment,Reported Theft / Larceny at Residential Apartment
SYN-2025-01160,2025-04-30,19:49:46,Fraud,Downtown Central,District 1,37.781338,-122.420985,Alleyway,Reported Fraud at Alleyway
SYN-2025-03667,2025-04-30,20:58:47,Theft / Larceny,Downtown Central,District 1,37.77959,-122.412264,Parking Facility,Reported Theft / Larceny at Parking Facility
SYN-2025-02010,2025-04-30,21:31:45,Assault,Downtown Central,District 1,37.77082,-122.421956,Street / Sidewalk,Reported Assault at Street / Sidewalk
SYN-2025-03113,2025-04-30,21:43:30,Motor Vehicle Theft,Mission Commercial,District 3,37.755349,-122.421522,Street / Sidewalk,Reported Motor Vehicle Theft at Street / Sidewalk
SYN-2025-03930,2025-04-30,23:22:00,Burglary,Westside Arts,District 5,37.77398,-122.436158,Residential Apartment,Reported Burglary at Residential Apartment
SYN-2025-01664,2025-05-01,10:45:50,Theft / Larceny,Mission Commercial,District 3,37.75814,-122.420277,Park / Public Space,Reported Theft / Larceny at Park / Public Space
SYN-2025-01980,2025-05-01,11:48:44,Theft / Larceny,Mission Commercial,District 3,37.75885,-122.419412,Alleyway,Reported Theft / Larceny at Alleyway
SYN-2025-00617,2025-05-01,17:28:43,Burglary,South Rail Corridor,District 4,37.743021,-122.388911,Commercial Retail,Reported Burglary at Commercial Retail
SYN-2025-02072,2025-05-01,17:49:05,Vandalism,Westside Arts,District 5,37.771787,-122.435143,Alleyway,Reported Vandalism at Alleyway
SYN-2025-00713,2025-05-01,20:53:38,Public Disorder,Downtown Central,District 1,37.774016,-122.415378,Park / Public Space,Reported Public Disorder at Park / Public Space
SYN-2025-02347,2025-05-01,21:45:44,Burglary,Waterfront Marina,District 2,37.796807,-122.437787,Residential Apartment,Reported Burglary at Residential Apartment
SYN-2025-01320,2025-05-02,09:07:05,Fraud,Westside Arts,District 5,37.773799,-122.438936,Transit Station,Reported Fraud at Transit Station
SYN-2025-00994,2025-05-02,11:06:37,Burglary,Mission Commercial,District 3,37.761376,-122.42325,Commercial Retail,Reported Burglary at Commercial Retail
SYN-2025-01781,2025-05-02,12:36:04,Fraud,Waterfront Marina,District 2,37.79568,-122.433934,Commercial Retail,Reported Fraud at Commercial Retail
SYN-2025-03280,2025-05-02,13:29:26,Burglary,South Rail Corridor,District 4,37.748731,-122.390414,Residential Apartment,Reported Burglary at Residential Apartment
SYN-2025-03136,2025-05-02,14:13:11,Assault,Waterfront Marina,District 2,37.802425,-122.439272,Park / Public Space,Reported Assault at Park / Public Space
SYN-2025-01821,2025-05-02,18:20:52,Theft / Larceny,Downtown Central,District 1,37.783311,-122.415598,Parking Facility,Reported Theft / Larceny at Parking Facility
SYN-2025-02929,2025-05-02,18:22:54,Motor Vehicle Theft,Mission Commercial,District 3,37.76795,-122.412232,Street / Sidewalk,Reported Motor Vehicle Theft at Street / Sidewalk
SYN-2025-01257,2025-05-02,22:41:24,Vandalism,Downtown Central,District 1,37.775643,-122.419871,Residential Apartment,Reported Vandalism at Residential Apartment
SYN-2025-01732,2025-05-03,03:35:13,Fraud,Westside Arts,District 5,37.776184,-122.435422,Residential Apartment,Reported Fraud at Residential Apartment
SYN-2025-04010,2025-05-03,07:17:53,Motor Vehicle Theft,Westside Arts,District 5,37.777003,-122.440455,Street / Sidewalk,Reported Motor Vehicle Theft at Street / Sidewalk
SYN-2025-01801,2025-05-03,10:36:42,Burglary,Waterfront Marina,District 2,37.808308,-122.427372,Commercial Retail,Reported Burglary at Commercial Retail
SYN-2025-00681,2025-05-03,13:42:47,Fraud,Westside Arts,District 5,37.780254,-122.436239,Park / Public Space,Reported Fraud at Park / Public Space
SYN-2025-01624,2025-05-03,18:03:17,Theft / Larceny,Downtown Central,District 1,37.781134,-122.425209,Commercial Retail,Reported Theft / Larceny at Commercial Retail
SYN-2025-03564,2025-05-03,18:45:08,Theft / Larceny,Downtown Central,District 1,37.779228,-122.404614,Transit Station,Reported Theft / Larceny at Transit Station
SYN-2025-01448,2025-05-03,22:17:10,Motor Vehicle Theft,Mission Commercial,District 3,37.751217,-122.411215,Street / Sidewalk,Reported Motor Vehicle Theft at Street / Sidewalk
SYN-2025-02893,2025-05-04,11:08:51,Burglary,South Rail Corridor,District 4,37.747018,-122.390683,Residential Apartment,Reported Burglary at Residential Apartment
SYN-2025-01649,2025-05-04,15:25:08,Theft / Larceny,Waterfront Marina,District 2,37.737116,-122.437526,Bar / Restaurant,Reported Theft / Larceny at Bar / Restaurant
SYN-2025-04173,2025-05-04,18:19:49,Assault,Westside Arts,District 5,37.770904,-122.434462,Bar / Restaurant,Reported Assault at Bar / Restaurant
SYN-2025-02044,2025-05-04,19:01:47,Assault,Mission Commercial,District 3,37.761676,-122.416027,Park / Public Space,Reported Assault at Park / Public Space
SYN-2025-02527,2025-05-05,10:13:58,Assault,Mission Commercial,District 3,37.761981,-122.430089,Bar / Restaurant,Reported Assault at Bar / Restaurant
SYN-2025-04413,2025-05-05,11:08:14,Narcotics,Downtown Central,District 1,37.781366,-122.414927,Commercial Retail,Reported Narcotics at Commercial Retail
SYN-2025-00289,2025-05-05,11:08:26,Robbery,Downtown Central,District 1,37.781751,-122.425089,Residential Apartment,Reported Robbery at Residential Apartment
SYN-2025-01717,2025-05-05,15:44:43,Robbery,Downtown Central,District 1,37.775416,-122.418694,Residential Apartment,Reported Robbery at Residential Apartment
SYN-2025-01730,2025-05-05,16:51:44,Theft / Larceny,Westside Arts,District 5,37.779444,-122.428499,Bar / Restaurant,Reported Theft / Larceny at Bar / Restaurant
SYN-2025-00509,2025-05-05,19:41:08,Theft / Larceny,Mission Commercial,District 3,37.763598,-122.427435,Park / Public Space,Reported Theft / Larceny at Park / Public Space
SYN-2025-01941,2025-05-05,19:58:32,Burglary,Westside Arts,District 5,37.775468,-122.434819,Commercial Retail,Reported Burglary at Commercial Retail
SYN-2025-00595,2025-05-05,21:08:43,Vandalism,Mission Commercial,District 3,37.760696,-122.415303,Bar / Restaurant,Reported Vandalism at Bar / Restaurant
SYN-2025-02387,2025-05-05,21:42:33,Fraud,Mission Commercial,District 3,37.755546,-122.416987,Bar / Restaurant,Reported Fraud at Bar / Restaurant
SYN-2025-03873,2025-05-06,08:03:30,Burglary,Westside Arts,District 5,37.775159,-122.440988,Residential Apartment,Reported Burglary at Residential Apartment
SYN-2025-03821,2025-05-06,08:07:27,Motor Vehicle Theft,Waterfront Marina,District 2,37.798872,-122.441278,Street / Sidewalk,Reported Motor Vehicle Theft at Street / Sidewalk
SYN-2025-01877,2025-05-06,12:18:43,Public Disorder,Waterfront Marina,District 2,37.801087,-122.435242,Bar / Restaurant,Reported Public Disorder at Bar / Restaurant
SYN-2025-01028,2025-05-06,16:26:03,Theft / Larceny,Mission Commercial,District 3,37.757124,-122.41787,Park / Public Space,Reported Theft / Larceny at Park / Public Space
SYN-2025-03447,2025-05-06,17:11:39,Burglary,Downtown Central,District 1,37.783425,-122.409818,Commercial Retail,Reported Burglary at Commercial Retail
SYN-2025-04035,2025-05-06,18:44:20,Theft / Larceny,Westside Arts,District 5,37.735285,-122.453319,Street / Sidewalk,Reported Theft / Larceny at Street / Sidewalk
SYN-2025-01731,2025-05-06,19:17:21,Vandalism,South Rail Corridor,District 4,37.752052,-122.392088,Street / Sidewalk,Reported Vandalism at Street / Sidewalk
SYN-2025-01872,2025-05-06,21:41:07,Motor Vehicle Theft,Mission Commercial,District 3,37.786792,-122.443676,Street / Sidewalk,Reported Motor Vehicle Theft at Street / Sidewalk
SYN-2025-01112,2025-05-07,01:26:11,Burglary,Downtown Central,District 1,37.785344,-122.413374,Residential Apartment,Reported Burglary at Residential Apartment
SYN-2025-02672,2025-05-07,19:05:22,Robbery,Downtown Central,District 1,37.779344,-122.419848,Parking Facility,Reported Robbery at Parking Facility
SYN-2025-02645,2025-05-07,21:39:45,Narcotics,South Rail Corridor,District 4,37.758235,-122.39491,Bar / Restaurant,Reported Narcotics at Bar / Restaurant
SYN-2025-00797,2025-05-07,23:25:24,Vandalism,Downtown Central,District 1,37.782611,-122.424724,Bar / Restaurant,Reported Vandalism at Bar / Restaurant
SYN-2025-00725,2025-05-08,11:43:24,Public Disorder,South Rail Corridor,District 4,37.747295,-122.392111,Bar / Restaurant,Reported Public Disorder at Bar / Restaurant
SYN-2025-03870,2025-05-08,13:06:27,Burglary,Mission Commercial,District 3,37.759877,-122.415772,Commercial Retail,Reported Burglary at Commercial Retail
SYN-2025-03069,2025-05-08,13:34:13,Robbery,Downtown Central,District 1,37.781548,-122.410953,Bar / Restaurant,Reported Robbery at Bar / Restaurant
SYN-2025-00556,2025-05-08,16:22:21,Motor Vehicle Theft,Westside Arts,District 5,37.776985,-122.437614,Street / Sidewalk,Reported Motor Vehicle Theft at Street / Sidewalk
SYN-2025-02452,2025-05-09,10:35:35,Vandalism,Waterfront Marina,District 2,37.803254,-122.43045,Street / Sidewalk,Reported Vandalism at Street / Sidewalk
SYN-2025-03570,2025-05-09,11:36:44,Theft / Larceny,Downtown Central,District 1,37.775365,-122.416643,Commercial Retail,Reported Theft / Larceny at Commercial Retail
SYN-2025-00408,2025-05-09,16:30:16,Theft / Larceny,South Rail Corridor,District 4,37.754037,-122.398493,Bar / Restaurant,Reported Theft / Larceny at Bar / Restaurant
SYN-2025-02943,2025-05-09,16:39:26,Motor Vehicle Theft,Westside Arts,District 5,37.767834,-122.431649,Street / Sidewalk,Reported Motor Vehicle Theft at Street / Sidewalk
SYN-2025-01868,2025-05-09,19:35:15,Theft / Larceny,Westside Arts,District 5,37.76877,-122.431368,Commercial Retail,Reported Theft / Larceny at Commercial Retail
SYN-2025-01874,2025-05-10,12:27:35,Vandalism,South Rail Corridor,District 4,37.754072,-122.394008,Park / Public Space,Reported Vandalism at Park / Public Space
SYN-2025-01852,2025-05-10,19:32:21,Narcotics,Westside Arts,District 5,37.772392,-122.43424,Bar / Restaurant,Reported Narcotics at Bar / Restaurant
SYN-2025-01058,2025-05-10,20:38:26,Public Disorder,Westside Arts,District 5,37.777189,-122.437974,Park / Public Space,Reported Public Disorder at Park / Public Space
SYN-2025-03848,2025-05-10,20:46:42,Assault,Mission Commercial,District 3,37.816618,-122.441704,Park / Public Space,Reported Assault at Park / Public Space
SYN-2025-01064,2025-05-11,11:01:14,Assault,Westside Arts,District 5,37.779495,-122.430581,Bar / Restaurant,Reported Assault at Bar / Restaurant
SYN-2025-00046,2025-05-11,11:04:45,Assault,Downtown Central,District 1,37.7814,-122.415669,Street / Sidewalk,Reported Assault at Street / Sidewalk
SYN-2025-00780,2025-05-11,14:05:35,Assault,Westside Arts,District 5,37.777959,-122.441245,Street / Sidewalk,Reported Assault at Street / Sidewalk
SYN-2025-03898,2025-05-11,14:54:20,Robbery,Downtown Central,District 1,37.777184,-122.412932,Park / Public Space,Reported Robbery at Park / Public Space
SYN-2025-02168,2025-05-11,20:45:17,Theft / Larceny,Waterfront Marina,District 2,37.796608,-122.3889,Bar / Restaurant,Reported Theft / Larceny at Bar / Restaurant
SYN-2025-03535,2025-05-11,22:03:15,Theft / Larceny,South Rail Corridor,District 4,37.744837,-122.402168,Park / Public Space,Reported Theft / Larceny at Park / Public Space
SYN-2025-01824,2025-05-12,11:12:28,Fraud,Mission Commercial,District 3,37.769606,-122.413357,Parking Facility,Reported Fraud at Parking Facility
SYN-2025-02234,2025-05-12,13:56:16,Public Disorder,Waterfront Marina,District 2,37.813456,-122.3825,Bar / Restaurant,Reported Public Disorder at Bar / Restaurant
SYN-2025-00641,2025-05-12,14:41:57,Public Disorder,Downtown Central,District 1,37.80107,-122.437778,Bar / Restaurant,Reported Public Disorder at Bar / Restaurant
SYN-2025-01208,2025-05-12,15:37:27,Burglary,Westside Arts,District 5,37.776825,-122.437981,Commercial Retail,Reported Burglary at Commercial Retail
SYN-2025-01502,2025-05-12,15:48:35,Burglary,Westside Arts,District 5,37.776459,-122.4376,Residential Apartment,Reported Burglary at Residential Apartment
SYN-2025-03074,2025-05-12,19:39:30,Assault,Downtown Central,District 1,37.776926,-122.424814,Bar / Restaurant,Reported Assault at Bar / Restaurant
SYN-2025-00585,2025-05-12,20:30:45,Vandalism,Mission Commercial,District 3,37.755955,-122.414591,Transit Station,Reported Vandalism at Transit Station
SYN-2025-04128,2025-05-13,02:15:15,Theft / Larceny,Mission Commercial,District 3,37.75937,-122.418817,Alleyway,Reported Theft / Larceny at Alleyway
SYN-2025-01812,2025-05-13,11:29:16,Theft / Larceny,Downtown Central,District 1,37.782226,-122.415759,Residential Apartment,Reported Theft / Larceny at Residential Apartment
SYN-2025-02805,2025-05-13,14:39:21,Theft / Larceny,Waterfront Marina,District 2,37.799298,-122.433006,Park / Public Space,Reported Theft / Larceny at Park / Public Space
SYN-2025-03572,2025-05-13,15:49:17,Burglary,Mission Commercial,District 3,37.760752,-122.415172,Residential Apartment,Reported Burglary at Residential Apartment
SYN-2025-00396,2025-05-13,21:00:32,Burglary,Waterfront Marina,District 2,37.787913,-122.443079,Residential Apartment,Reported Burglary at Residential Apartment
SYN-2025-04064,2025-05-14,08:12:11,Motor Vehicle Theft,Mission Commercial,District 3,37.761676,-122.421198,Parking Facility,Reported Motor Vehicle Theft at Parking Facility
SYN-2025-01194,2025-05-14,14:06:42,Vandalism,Waterfront Marina,District 2,37.762888,-122.408617,Transit Station,Reported Vandalism at Transit Station
SYN-2025-00628,2025-05-14,19:36:43,Assault,Mission Commercial,District 3,37.752238,-122.417816,Park / Public Space,Reported Assault at Park / Public Space
SYN-2025-02812,2025-05-14,23:36:46,Theft / Larceny,Westside Arts,District 5,37.776759,-122.404458,Bar / Restaurant,Reported Theft / Larceny at Bar / Restaurant
SYN-2025-04111,2025-05-15,09:55:40,Fraud,Westside Arts,District 5,37.772374,-122.433227,Street / Sidewalk,Reported Fraud at Street / Sidewalk
SYN-2025-03659,2025-05-15,12:16:55,Motor Vehicle Theft,Mission Commercial,District 3,37.758546,-122.417909,Street / Sidewalk,Reported Motor Vehicle Theft at Street / Sidewalk
SYN-2025-02650,2025-05-15,13:17:04,Assault,Mission Commercial,District 3,37.760993,-122.420128,Park / Public Space,Reported Assault at Park / Public Space
SYN-2025-00973,2025-05-15,15:02:52,Burglary,Downtown Central,District 1,37.776132,-122.417459,Commercial Retail,Reported Burglary at Commercial Retail
SYN-2025-02602,2025-05-15,16:51:09,Public Disorder,Waterfront Marina,District 2,37.802199,-122.440848,Street / Sidewalk,Reported Public Disorder at Street / Sidewalk
SYN-2025-03346,2025-05-15,17:31:27,Vandalism,Mission Commercial,District 3,37.741455,-122.431443,Bar / Restaurant,Reported Vandalism at Bar / Restaurant
SYN-2025-04322,2025-05-15,18:14:21,Public Disorder,Downtown Central,District 1,37.787491,-122.409364,Street / Sidewalk,Reported Public Disorder at Street / Sidewalk
SYN-2025-01330,2025-05-15,18:51:23,Burglary,Mission Commercial,District 3,37.757569,-122.415704,Commercial Retail,Reported Burglary at Commercial Retail
SYN-2025-02316,2025-05-16,06:03:00,Theft / Larceny,Downtown Central,District 1,37.77681,-122.414859,Park / Public Space,Reported Theft / Larceny at Park / Public Space
SYN-2025-03191,2025-05-16,06:28:15,Theft / Larceny,Westside Arts,District 5,37.783197,-122.431631,Bar / Restaurant,Reported Theft / Larceny at Bar / Restaurant
SYN-2025-02013,2025-05-16,08:31:06,Theft / Larceny,Mission Commercial,District 3,37.762862,-122.421587,Transit Station,Reported Theft / Larceny at Transit Station
SYN-2025-03812,2025-05-16,09:50:06,Motor Vehicle Theft,Westside Arts,District 5,37.752737,-122.457225,Street / Sidewalk,Reported Motor Vehicle Theft at Street / Sidewalk
SYN-2025-02940,2025-05-16,10:46:52,Burglary,Waterfront Marina,District 2,37.804057,-122.432269,Commercial Retail,Reported Burglary at Commercial Retail
SYN-2025-01056,2025-05-16,13:22:34,Theft / Larceny,Mission Commercial,District 3,37.765418,-122.423104,Commercial Retail,Reported Theft / Larceny at Commercial Retail
SYN-2025-03706,2025-05-16,19:20:40,Assault,Mission Commercial,District 3,37.764452,-122.419443,Park / Public Space,Reported Assault at Park / Public Space
SYN-2025-03054,2025-05-16,20:07:23,Assault,Waterfront Marina,District 2,37.804965,-122.434663,Bar / Restaurant,Reported Assault at Bar / Restaurant
SYN-2025-00065,2025-05-17,00:18:30,Vandalism,Mission Commercial,District 3,37.761271,-122.420503,Street / Sidewalk,Reported Vandalism at Street / Sidewalk
SYN-2025-00154,2025-05-17,08:04:28,Assault,Downtown Central,District 1,37.792802,-122.419853,Bar / Restaurant,Reported Assault at Bar / Restaurant
SYN-2025-01469,2025-05-17,10:51:50,Theft / Larceny,Downtown Central,District 1,37.785909,-122.413672,Parking Facility,Reported Theft / Larceny at Parking Facility
SYN-2025-03494,2025-05-17,13:22:40,Burglary,Westside Arts,District 5,37.776534,-122.432734,Residential Apartment,Reported Burglary at Residential Apartment
SYN-2025-03927,2025-05-17,15:57:34,Theft / Larceny,Mission Commercial,District 3,37.758612,-122.415324,Transit Station,Reported Theft / Larceny at Transit Station
SYN-2025-00626,2025-05-17,16:51:55,Theft / Larceny,Mission Commercial,District 3,37.76147,-122.420378,Street / Sidewalk,Reported Theft / Larceny at Street / Sidewalk
SYN-2025-00646,2025-05-17,18:07:20,Motor Vehicle Theft,Mission Commercial,District 3,37.763505,-122.420465,Parking Facility,Reported Motor Vehicle Theft at Parking Facility
SYN-2025-03238,2025-05-17,18:58:23,Public Disorder,Waterfront Marina,District 2,37.804102,-122.434795,Street / Sidewalk,Reported Public Disorder at Street / Sidewalk
SYN-2025-02280,2025-05-17,20:12:38,Narcotics,Downtown Central,District 1,37.772371,-122.416972,Street / Sidewalk,Reported Narcotics at Street / Sidewalk
SYN-2025-00807,2025-05-18,05:44:26,Theft / Larceny,Mission Commercial,District 3,37.755596,-122.414577,Bar / Restaurant,Reported Theft / Larceny at Bar / Restaurant
SYN-2025-02699,2025-05-18,06:19:22,Vandalism,Mission Commercial,District 3,37.760904,-122.415719,Park / Public Space,Reported Vandalism at Park / Public Space
SYN-2025-00890,2025-05-18,07:06:18,Assault,Mission Commercial,District 3,37.761499,-122.419767,Bar / Restaurant,Reported Assault at Bar / Restaurant
SYN-2025-02861,2025-05-18,09:57:31,Vandalism,Mission Commercial,District 3,37.756528,-122.411494,Bar / Restaurant,Reported Vandalism at Bar / Restaurant
SYN-2025-02188,2025-05-18,12:32:00,Burglary,Mission Commercial,District 3,37.756284,-122.426505,Residential Apartment,Reported Burglary at Residential Apartment
SYN-2025-02948,2025-05-18,18:34:28,Vandalism,Waterfront Marina,District 2,37.806725,-122.4433,Bar / Restaurant,Reported Vandalism at Bar / Restaurant
SYN-2025-01998,2025-05-19,07:14:37,Assault,Mission Commercial,District 3,37.758496,-122.417234,Park / Public Space,Reported Assault at Park / Public Space
SYN-2025-02543,2025-05-19,08:40:29,Public Disorder,Downtown Central,District 1,37.816415,-122.407119,Bar / Restaurant,Reported Public Disorder at Bar / Restaurant
SYN-2025-03618,2025-05-19,09:12:17,Theft / Larceny,Mission Commercial,District 3,37.76201,-122.417945,Transit Station,Reported Theft / Larceny at Transit Station
SYN-2025-03269,2025-05-19,11:49:58,Vandalism,Downtown Central,District 1,37.768442,-122.395461,Residential Apartment,Reported Vandalism at Residential Apartment
SYN-2025-03767,2025-05-19,11:52:20,Burglary,Waterfront Marina,District 2,37.745141,-122.441727,Residential Apartment,Reported Burglary at Residential Apartment
SYN-2025-04212,2025-05-19,12:51:47,Burglary,Mission Commercial,District 3,37.763788,-122.418086,Commercial Retail,Reported Burglary at Commercial Retail
SYN-2025-02589,2025-05-19,15:51:51,Vandalism,Waterfront Marina,District 2,37.799745,-122.433868,Transit Station,Reported Vandalism at Transit Station
SYN-2025-03103,2025-05-19,16:11:23,Burglary,Downtown Central,District 1,37.770133,-122.413956,Residential Apartment,Reported Burglary at Residential Apartment
SYN-2025-03388,2025-05-19,17:07:29,Motor Vehicle Theft,South Rail Corridor,District 4,37.773437,-122.417357,Parking Facility,Reported Motor Vehicle Theft at Parking Facility
SYN-2025-01613,2025-05-19,17:12:29,Burglary,Mission Commercial,District 3,37.75688,-122.420158,Commercial Retail,Reported Burglary at Commercial Retail
SYN-2025-02141,2025-05-19,17:16:51,Theft / Larceny,Downtown Central,District 1,37.755725,-122.415453,Parking Facility,Reported Theft / Larceny at Parking Facility
SYN-2025-01577,2025-05-19,19:18:15,Narcotics,South Rail Corridor,District 4,37.736763,-122.39849,Transit Station,Reported Narcotics at Transit Station
SYN-2025-00421,2025-05-19,19:34:02,Public Disorder,Waterfront Marina,District 2,37.811342,-122.437862,Street / Sidewalk,Reported Public Disorder at Street / Sidewalk
SYN-2025-03852,2025-05-19,22:38:52,Vandalism,Westside Arts,District 5,37.772873,-122.4308,Alleyway,Reported Vandalism at Alleyway
SYN-2025-03506,2025-05-19,23:28:08,Public Disorder,Downtown Central,District 1,37.777563,-122.422898,Bar / Restaurant,Reported Public Disorder at Bar / Restaurant
SYN-2025-02272,2025-05-20,01:16:58,Theft / Larceny,Mission Commercial,District 3,37.75445,-122.421976,Street / Sidewalk,Reported Theft / Larceny at Street / Sidewalk
SYN-2025-00968,2025-05-20,07:03:41,Theft / Larceny,Downtown Central,District 1,37.733212,-122.438706,Commercial Retail,Reported Theft / Larceny at Commercial Retail
SYN-2025-00691,2025-05-20,10:03:01,Vandalism,Mission Commercial,District 3,37.763005,-122.422657,Parking Facility,Reported Vandalism at Parking Facility
SYN-2025-00499,2025-05-20,10:37:42,Burglary,Mission Commercial,District 3,37.768265,-122.418658,Residential Apartment,Reported Burglary at Residential Apartment
SYN-2025-00619,2025-05-20,11:38:47,Narcotics,Downtown Central,District 1,37.767387,-122.409349,Alleyway,Reported Narcotics at Alleyway
SYN-2025-04491,2025-05-20,14:15:37,Public Disorder,Downtown Central,District 1,37.771624,-122.409041,Bar / Restaurant,Reported Public Disorder at Bar / Restaurant
SYN-2025-03657,2025-05-20,16:45:30,Theft / Larceny,Mission Commercial,District 3,37.779513,-122.408416,Parking Facility,Reported Theft / Larceny at Parking Facility
SYN-2025-03977,2025-05-20,16:47:11,Assault,Downtown Central,District 1,37.773549,-122.405987,Park / Public Space,Reported Assault at Park / Public Space
SYN-2025-04373,2025-05-20,19:21:22,Theft / Larceny,Downtown Central,District 1,37.785371,-122.420427,Street / Sidewalk,Reported Theft / Larceny at Street / Sidewalk
SYN-2025-02749,2025-05-20,22:29:40,Narcotics,Downtown Central,District 1,37.778709,-122.418808,Park / Public Space,Reported Narcotics at Park / Public Space
SYN-2025-02180,2025-05-20,23:11:16,Vandalism,Mission Commercial,District 3,37.77714,-122.432994,Street / Sidewalk,Reported Vandalism at Street / Sidewalk
SYN-2025-00953,2025-05-20,23:26:07,Public Disorder,Downtown Central,District 1,37.779085,-122.416008,Street / Sidewalk,Reported Public Disorder at Street / Sidewalk
SYN-2025-03999,2025-05-21,13:04:39,Motor Vehicle Theft,Waterfront Marina,District 2,37.800335,-122.438783,Parking Facility,Reported Motor Vehicle Theft at Parking Facility
SYN-2025-01326,2025-05-21,13:27:05,Robbery,Westside Arts,District 5,37.772594,-122.438121,Park / Public Space,Reported Robbery at Park / Public Space
SYN-2025-04418,2025-05-21,13:56:45,Theft / Larceny,Westside Arts,District 5,37.780598,-122.407595,Street / Sidewalk,Reported Theft / Larceny at Street / Sidewalk
SYN-2025-01427,2025-05-21,14:20:41,Robbery,Mission Commercial,District 3,37.763748,-122.418912,Street / Sidewalk,Reported Robbery at Street / Sidewalk
SYN-2025-01040,2025-05-21,19:57:11,Theft / Larceny,Waterfront Marina,District 2,37.802675,-122.443904,Commercial Retail,Reported Theft / Larceny at Commercial Retail
SYN-2025-01766,2025-05-21,23:58:02,Public Disorder,Downtown Central,District 1,37.777529,-122.42261,Park / Public Space,Reported Public Disorder at Park / Public Space
SYN-2025-04456,2025-05-22,02:26:17,Burglary,Mission Commercial,District 3,37.766054,-122.419352,Commercial Retail,Reported Burglary at Commercial Retail
SYN-2025-03993,2025-05-22,02:47:31,Robbery,Downtown Central,District 1,37.78402,-122.419573,Residential Apartment,Reported Robbery at Residential Apartment
SYN-2025-04410,2025-05-22,03:24:04,Robbery,Downtown Central,District 1,37.775046,-122.42416,Street / Sidewalk,Reported Robbery at Street / Sidewalk
SYN-2025-01157,2025-05-22,04:27:43,Fraud,Downtown Central,District 1,37.775556,-122.425235,Alleyway,Reported Fraud at Alleyway
SYN-2025-01332,2025-05-22,05:19:15,Motor Vehicle Theft,Westside Arts,District 5,37.780428,-122.431231,Street / Sidewalk,Reported Motor Vehicle Theft at Street / Sidewalk
SYN-2025-03166,2025-05-22,06:42:37,Burglary,Mission Commercial,District 3,37.764154,-122.415959,Residential Apartment,Reported Burglary at Residential Apartment
SYN-2025-01634,2025-05-22,08:06:27,Theft / Larceny,Downtown Central,District 1,37.777752,-122.408642,Residential Apartment,Reported Theft / Larceny at Residential Apartment
SYN-2025-04075,2025-05-22,08:31:10,Assault,Downtown Central,District 1,37.79417,-122.383526,Street / Sidewalk,Reported Assault at Street / Sidewalk
SYN-2025-01934,2025-05-22,09:51:04,Theft / Larceny,Mission Commercial,District 3,37.750456,-122.412693,Transit Station,Reported Theft / Larceny at Transit Station
SYN-2025-01074,2025-05-22,09:51:33,Assault,Mission Commercial,District 3,37.761997,-122.418884,Park / Public Space,Reported Assault at Park / Public Space
SYN-2025-03423,2025-05-22,17:51:07,Public Disorder,Mission Commercial,District 3,37.761137,-122.421897,Bar / Restaurant,Reported Public Disorder at Bar / Restaurant
SYN-2025-01927,2025-05-22,19:11:18,Vandalism,Downtown Central,District 1,37.783803,-122.413525,Residential Apartment,Reported Vandalism at Residential Apartment
SYN-2025-04469,2025-05-23,07:06:56,Burglary,Waterfront Marina,District 2,37.802001,-122.438221,Residential Apartment,Reported Burglary at Residential Apartment
SYN-2025-00272,2025-05-23,13:31:54,Vandalism,Mission Commercial,District 3,37.764716,-122.422693,Transit Station,Reported Vandalism at Transit Station
SYN-2025-01792,2025-05-23,16:37:28,Robbery,South Rail Corridor,District 4,37.752548,-122.380768,Commercial Retail,Reported Robbery at Commercial Retail
SYN-2025-02799,2025-05-23,18:51:35,Assault,Downtown Central,District 1,37.776544,-122.421989,Bar / Restaurant,Reported Assault at Bar / Restaurant
SYN-2025-03799,2025-05-23,20:02:40,Public Disorder,Mission Commercial,District 3,37.759981,-122.420326,Park / Public Space,Reported Public Disorder at Park / Public Space
SYN-2025-03287,2025-05-23,21:30:15,Assault,Downtown Central,District 1,37.777355,-122.417645,Bar / Restaurant,Reported Assault at Bar / Restaurant
SYN-2025-01225,2025-05-24,04:10:01,Assault,Mission Commercial,District 3,37.753806,-122.418084,Bar / Restaurant,Reported Assault at Bar / Restaurant
SYN-2025-03400,2025-05-24,14:29:41,Burglary,Mission Commercial,District 3,37.758161,-122.419792,Residential Apartment,Reported Burglary at Residential Apartment
SYN-2025-03921,2025-05-24,19:34:58,Robbery,Downtown Central,District 1,37.775713,-122.420959,Street / Sidewalk,Reported Robbery at Street / Sidewalk
SYN-2025-04198,2025-05-24,19:46:59,Public Disorder,Mission Commercial,District 3,37.754489,-122.42313,Bar / Restaurant,Reported Public Disorder at Bar / Restaurant
SYN-2025-00079,2025-05-25,11:45:17,Burglary,Mission Commercial,District 3,37.756268,-122.420246,Commercial Retail,Reported Burglary at Commercial Retail
SYN-2025-02098,2025-05-25,13:45:25,Narcotics,Mission Commercial,District 3,37.763946,-122.418028,Parking Facility,Reported Narcotics at Parking Facility
SYN-2025-01761,2025-05-25,15:41:10,Fraud,Waterfront Marina,District 2,37.798592,-122.434865,Street / Sidewalk,Reported Fraud at Street / Sidewalk
SYN-2025-01007,2025-05-25,17:21:01,Fraud,Downtown Central,District 1,37.77289,-122.409413,Transit Station,Reported Fraud at Transit Station
SYN-2025-01578,2025-05-25,18:11:57,Public Disorder,Mission Commercial,District 3,37.781394,-122.424789,Street / Sidewalk,Reported Public Disorder at Street / Sidewalk
SYN-2025-00077,2025-05-25,19:13:17,Burglary,Mission Commercial,District 3,37.765403,-122.41992,Commercial Retail,Reported Burglary at Commercial Retail
SYN-2025-00141,2025-05-26,00:32:36,Public Disorder,Downtown Central,District 1,37.761753,-122.414347,Street / Sidewalk,Reported Public Disorder at Street / Sidewalk
SYN-2025-03210,2025-05-26,08:02:28,Theft / Larceny,Westside Arts,District 5,37.777534,-122.434146,Transit Station,Reported Theft / Larceny at Transit Station
SYN-2025-03172,2025-05-26,10:55:39,Assault,South Rail Corridor,District 4,37.746568,-122.385489,Street / Sidewalk,Reported Assault at Street / Sidewalk
SYN-2025-03006,2025-05-26,11:51:49,Motor Vehicle Theft,Mission Commercial,District 3,37.759558,-122.41385,Parking Facility,Reported Motor Vehicle Theft at Parking Facility
SYN-2025-01214,2025-05-26,12:39:34,Public Disorder,Westside Arts,District 5,37.772258,-122.427508,Bar / Restaurant,Reported Public Disorder at Bar / Restaurant
SYN-2025-00153,2025-05-26,21:07:16,Assault,Waterfront Marina,District 2,37.799827,-122.427439,Bar / Restaurant,Reported Assault at Bar / Restaurant
SYN-2025-03231,2025-05-27,06:16:01,Burglary,Mission Commercial,District 3,37.761418,-122.419247,Residential Apartment,Reported Burglary at Residential Apartment
SYN-2025-03759,2025-05-27,09:45:24,Vandalism,Mission Commercial,District 3,37.749855,-122.412597,Street / Sidewalk,Reported Vandalism at Street / Sidewalk
SYN-2025-02584,2025-05-27,11:14:21,Narcotics,Downtown Central,District 1,37.775638,-122.414341,Alleyway,Reported Narcotics at Alleyway
SYN-2025-03668,2025-05-27,11:47:03,Assault,Downtown Central,District 1,37.789687,-122.417745,Bar / Restaurant,Reported Assault at Bar / Restaurant
SYN-2025-03786,2025-05-27,13:19:26,Theft / Larceny,Mission Commercial,District 3,37.763991,-122.421094,Residential Apartment,Reported Theft / Larceny at Residential Apartment
SYN-2025-00800,2025-05-27,13:25:59,Burglary,Mission Commercial,District 3,37.755792,-122.407929,Commercial Retail,Reported Burglary at Commercial Retail
SYN-2025-03255,2025-05-27,16:16:25,Vandalism,Waterfront Marina,District 2,37.806957,-122.450303,Alleyway,Reported Vandalism at Alleyway
SYN-2025-00072,2025-05-27,16:28:05,Robbery,Mission Commercial,District 3,37.762846,-122.418533,Park / Public Space,Reported Robbery at Park / Public Space
SYN-2025-01137,2025-05-27,17:51:38,Robbery,Waterfront Marina,District 2,37.801707,-122.438649,Parking Facility,Reported Robbery at Parking Facility
SYN-2025-00220,2025-05-27,19:22:03,Public Disorder,Downtown Central,District 1,37.780423,-122.428863,Bar / Restaurant,Reported Public Disorder at Bar / Restaurant
SYN-2025-00494,2025-05-27,19:57:44,Burglary,Mission Commercial,District 3,37.762309,-122.414181,Commercial Retail,Reported Burglary at Commercial Retail
SYN-2025-01487,2025-05-27,20:17:21,Burglary,Westside Arts,District 5,37.773406,-122.432485,Residential Apartment,Reported Burglary at Residential Apartment
SYN-2025-02573,2025-05-28,02:05:56,Public Disorder,Waterfront Marina,District 2,37.805736,-122.442156,Street / Sidewalk,Reported Public Disorder at Street / Sidewalk
SYN-2025-03316,2025-05-28,08:09:18,Motor Vehicle Theft,Waterfront Marina,District 2,37.745331,-122.419528,Parking Facility,Reported Motor Vehicle Theft at Parking Facility
SYN-2025-00126,2025-05-28,09:03:28,Robbery,Downtown Central,District 1,37.78497,-122.413503,Park / Public Space,Reported Robbery at Park / Public Space
SYN-2025-01413,2025-05-28,09:43:42,Motor Vehicle Theft,Waterfront Marina,District 2,37.812758,-122.445947,Parking Facility,Reported Motor Vehicle Theft at Parking Facility
SYN-2025-00903,2025-05-28,10:59:10,Theft / Larceny,Downtown Central,District 1,37.78134,-122.414656,Bar / Restaurant,Reported Theft / Larceny at Bar / Restaurant
SYN-2025-04283,2025-05-28,13:28:23,Motor Vehicle Theft,Westside Arts,District 5,37.766993,-122.438022,Parking Facility,Reported Motor Vehicle Theft at Parking Facility
SYN-2025-03734,2025-05-28,22:56:25,Narcotics,South Rail Corridor,District 4,37.759994,-122.390764,Commercial Retail,Reported Narcotics at Commercial Retail
SYN-2025-00135,2025-05-29,16:10:52,Robbery,Downtown Central,District 1,37.773253,-122.430303,Transit Station,Reported Robbery at Transit Station
SYN-2025-03470,2025-05-29,17:48:31,Vandalism,Mission Commercial,District 3,37.758455,-122.422562,Street / Sidewalk,Reported Vandalism at Street / Sidewalk
SYN-2025-02073,2025-05-29,18:51:52,Vandalism,Downtown Central,District 1,37.781049,-122.410052,Residential Apartment,Reported Vandalism at Residential Apartment
SYN-2025-00982,2025-05-29,19:09:05,Burglary,Westside Arts,District 5,37.777599,-122.436466,Residential Apartment,Reported Burglary at Residential Apartment
SYN-2025-01087,2025-05-29,21:38:17,Assault,Downtown Central,District 1,37.78649,-122.417201,Street / Sidewalk,Reported Assault at Street / Sidewalk
SYN-2025-03199,2025-05-30,07:00:48,Vandalism,Downtown Central,District 1,37.77398,-122.413195,Park / Public Space,Reported Vandalism at Park / Public Space
SYN-2025-01382,2025-05-30,08:02:13,Narcotics,Downtown Central,District 1,37.782885,-122.41967,Transit Station,Reported Narcotics at Transit Station
SYN-2025-02342,2025-05-30,08:52:16,Robbery,Waterfront Marina,District 2,37.802079,-122.441613,Residential Apartment,Reported Robbery at Residential Apartment
SYN-2025-01252,2025-05-30,09:13:46,Robbery,Downtown Central,District 1,37.789316,-122.420322,Parking Facility,Reported Robbery at Parking Facility
SYN-2025-02905,2025-05-30,18:05:41,Narcotics,South Rail Corridor,District 4,37.756192,-122.398041,Street / Sidewalk,Reported Narcotics at Street / Sidewalk
SYN-2025-00986,2025-05-30,18:29:22,Burglary,Mission Commercial,District 3,37.766731,-122.417872,Residential Apartment,Reported Burglary at Residential Apartment
SYN-2025-00909,2025-05-30,19:09:01,Theft / Larceny,Mission Commercial,District 3,37.762587,-122.415366,Street / Sidewalk,Reported Theft / Larceny at Street / Sidewalk
SYN-2025-03140,2025-05-30,20:02:19,Public Disorder,South Rail Corridor,District 4,37.748732,-122.397342,Street / Sidewalk,Reported Public Disorder at Street / Sidewalk
SYN-2025-02431,2025-05-30,20:09:10,Vandalism,Downtown Central,District 1,37.772225,-122.414447,Commercial Retail,Reported Vandalism at Commercial Retail
SYN-2025-02128,2025-05-30,21:48:49,Burglary,Waterfront Marina,District 2,37.804575,-122.436294,Commercial Retail,Reported Burglary at Commercial Retail
SYN-2025-02985,2025-05-31,00:34:02,Public Disorder,Downtown Central,District 1,37.778868,-122.416879,Street / Sidewalk,Reported Public Disorder at Street / Sidewalk
SYN-2025-01903,2025-05-31,00:46:29,Motor Vehicle Theft,South Rail Corridor,District 4,37.748479,-122.392997,Parking Facility,Reported Motor Vehicle Theft at Parking Facility
SYN-2025-03459,2025-05-31,12:55:44,Assault,Downtown Central,District 1,37.780204,-122.416031,Park / Public Space,Reported Assault at Park / Public Space
SYN-2025-00360,2025-05-31,15:33:47,Fraud,Downtown Central,District 1,37.781045,-122.427338,Alleyway,Reported Fraud at Alleyway
SYN-2025-03948,2025-05-31,16:56:58,Robbery,Downtown Central,District 1,37.780525,-122.414478,Transit Station,Reported Robbery at Transit Station
SYN-2025-00045,2025-05-31,21:28:57,Vandalism,Downtown Central,District 1,37.777579,-122.408798,Residential Apartment,Reported Vandalism at Residential Apartment
SYN-2025-00704,2025-06-01,03:23:16,Motor Vehicle Theft,Westside Arts,District 5,37.778665,-122.436415,Street / Sidewalk,Reported Motor Vehicle Theft at Street / Sidewalk
SYN-2025-04236,2025-06-01,07:08:59,Assault,Westside Arts,District 5,37.780217,-122.438372,Park / Public Space,Reported Assault at Park / Public Space
SYN-2025-00108,2025-06-01,07:44:07,Burglary,Waterfront Marina,District 2,37.805469,-122.439941,Residential Apartment,Reported Burglary at Residential Apartment
SYN-2025-00167,2025-06-01,14:15:13,Theft / Larceny,Mission Commercial,District 3,37.764308,-122.422928,Transit Station,Reported Theft / Larceny at Transit Station
SYN-2025-01093,2025-06-01,17:53:53,Vandalism,South Rail Corridor,District 4,37.738588,-122.389759,Park / Public Space,Reported Vandalism at Park / Public Space
SYN-2025-04444,2025-06-01,19:38:56,Public Disorder,Waterfront Marina,District 2,37.808304,-122.439021,Bar / Restaurant,Reported Public Disorder at Bar / Restaurant
SYN-2025-00629,2025-06-02,11:37:24,Motor Vehicle Theft,Westside Arts,District 5,37.776077,-122.434808,Parking Facility,Reported Motor Vehicle Theft at Parking Facility
SYN-2025-01339,2025-06-02,14:32:11,Burglary,Mission Commercial,District 3,37.753739,-122.420427,Commercial Retail,Reported Burglary at Commercial Retail
SYN-2025-02737,2025-06-02,18:59:58,Assault,Downtown Central,District 1,37.78164,-122.420843,Park / Public Space,Reported Assault at Park / Public Space
SYN-2025-03037,2025-06-02,22:32:25,Assault,Downtown Central,District 1,37.776513,-122.418222,Bar / Restaurant,Reported Assault at Bar / Restaurant
SYN-2025-02711,2025-06-03,00:04:26,Theft / Larceny,Mission Commercial,District 3,37.760423,-122.416958,Commercial Retail,Reported Theft / Larceny at Commercial Retail
SYN-2025-01956,2025-06-03,08:14:32,Fraud,Mission Commercial,District 3,37.764977,-122.412213,Transit Station,Reported Fraud at Transit Station
SYN-2025-03278,2025-06-03,09:46:12,Fraud,Westside Arts,District 5,37.779222,-122.439901,Transit Station,Reported Fraud at Transit Station
SYN-2025-01180,2025-06-03,11:07:29,Vandalism,Downtown Central,District 1,37.781809,-122.420506,Bar / Restaurant,Reported Vandalism at Bar / Restaurant
SYN-2025-01104,2025-06-03,14:17:36,Theft / Larceny,Mission Commercial,District 3,37.767845,-122.425778,Parking Facility,Reported Theft / Larceny at Parking Facility
SYN-2025-00999,2025-06-03,16:08:44,Fraud,Downtown Central,District 1,37.779864,-122.418574,Park / Public Space,Reported Fraud at Park / Public Space
SYN-2025-02488,2025-06-03,19:51:18,Public Disorder,Downtown Central,District 1,37.789837,-122.420996,Park / Public Space,Reported Public Disorder at Park / Public Space
SYN-2025-00132,2025-06-03,20:56:33,Assault,Downtown Central,District 1,37.776959,-122.415002,Park / Public Space,Reported Assault at Park / Public Space
SYN-2025-02704,2025-06-03,23:46:02,Theft / Larceny,Westside Arts,District 5,37.769918,-122.434871,Residential Apartment,Reported Theft / Larceny at Residential Apartment
SYN-2025-01780,2025-06-04,18:14:36,Burglary,Waterfront Marina,District 2,37.800617,-122.433738,Commercial Retail,Reported Burglary at Commercial Retail
SYN-2025-01044,2025-06-05,06:57:00,Vandalism,Mission Commercial,District 3,37.755582,-122.417205,Alleyway,Reported Vandalism at Alleyway
SYN-2025-03589,2025-06-05,13:41:10,Fraud,Downtown Central,District 1,37.773355,-122.413129,Commercial Retail,Reported Fraud at Commercial Retail
SYN-2025-01917,2025-06-05,14:17:55,Narcotics,Downtown Central,District 1,37.779732,-122.407972,Commercial Retail,Reported Narcotics at Commercial Retail
SYN-2025-00835,2025-06-05,17:36:30,Assault,Downtown Central,District 1,37.77213,-122.416315,Park / Public Space,Reported Assault at Park / Public Space
SYN-2025-02297,2025-06-06,07:41:16,Robbery,Downtown Central,District 1,37.780879,-122.418682,Alleyway,Reported Robbery at Alleyway
SYN-2025-00530,2025-06-06,08:18:03,Assault,Mission Commercial,District 3,37.780403,-122.381704,Bar / Restaurant,Reported Assault at Bar / Restaurant
SYN-2025-01347,2025-06-06,08:42:17,Theft / Larceny,Mission Commercial,District 3,37.760182,-122.414427,Parking Facility,Reported Theft / Larceny at Parking Facility
SYN-2025-04285,2025-06-06,10:03:03,Assault,Downtown Central,District 1,37.777041,-122.413938,Street / Sidewalk,Reported Assault at Street / Sidewalk
SYN-2025-00841,2025-06-06,10:06:42,Vandalism,Waterfront Marina,District 2,37.803894,-122.439408,Residential Apartment,Reported Vandalism at Residential Apartment
SYN-2025-01969,2025-06-06,11:39:18,Vandalism,Mission Commercial,District 3,37.757568,-122.421906,Parking Facility,Reported Vandalism at Parking Facility
SYN-2025-03928,2025-06-06,12:00:28,Assault,Downtown Central,District 1,37.792412,-122.383036,Bar / Restaurant,Reported Assault at Bar / Restaurant
SYN-2025-02862,2025-06-06,12:25:24,Vandalism,Downtown Central,District 1,37.813708,-122.44678,Transit Station,Reported Vandalism at Transit Station
SYN-2025-03100,2025-06-06,16:41:16,Assault,Downtown Central,District 1,37.776427,-122.412484,Bar / Restaurant,Reported Assault at Bar / Restaurant
SYN-2025-03982,2025-06-06,19:06:36,Burglary,Waterfront Marina,District 2,37.783679,-122.424617,Residential Apartment,Reported Burglary at Residential Apartment
SYN-2025-01628,2025-06-07,04:00:09,Theft / Larceny,Mission Commercial,District 3,37.764814,-122.42114,Parking Facility,Reported Theft / Larceny at Parking Facility
SYN-2025-02883,2025-06-07,05:20:59,Assault,Mission Commercial,District 3,37.75133,-122.416929,Park / Public Space,Reported Assault at Park / Public Space
SYN-2025-00949,2025-06-07,14:38:52,Fraud,Waterfront Marina,District 2,37.808018,-122.431718,Park / Public Space,Reported Fraud at Park / Public Space
SYN-2025-00703,2025-06-07,16:48:40,Theft / Larceny,Downtown Central,District 1,37.780169,-122.42464,Transit Station,Reported Theft / Larceny at Transit Station
SYN-2025-04129,2025-06-07,17:00:30,Robbery,Downtown Central,District 1,37.782937,-122.415118,Transit Station,Reported Robbery at Transit Station
SYN-2025-03320,2025-06-07,19:26:29,Vandalism,South Rail Corridor,District 4,37.756726,-122.394477,Transit Station,Reported Vandalism at Transit Station
SYN-2025-04190,2025-06-07,19:50:32,Vandalism,Downtown Central,District 1,37.779764,-122.425251,Commercial Retail,Reported Vandalism at Commercial Retail
SYN-2025-02747,2025-06-08,08:48:12,Vandalism,Mission Commercial,District 3,37.755177,-122.423792,Bar / Restaurant,Reported Vandalism at Bar / Restaurant
SYN-2025-00384,2025-06-08,09:39:53,Theft / Larceny,Downtown Central,District 1,37.793062,-122.423363,Street / Sidewalk,Reported Theft / Larceny at Street / Sidewalk
SYN-2025-01426,2025-06-08,13:10:12,Fraud,Westside Arts,District 5,37.774771,-122.441824,Commercial Retail,Reported Fraud at Commercial Retail
SYN-2025-01665,2025-06-08,17:55:34,Vandalism,Westside Arts,District 5,37.768863,-122.436079,Bar / Restaurant,Reported Vandalism at Bar / Restaurant
SYN-2025-02289,2025-06-08,19:56:00,Vandalism,Downtown Central,District 1,37.782564,-122.415615,Bar / Restaurant,Reported Vandalism at Bar / Restaurant
SYN-2025-01530,2025-06-09,09:00:53,Theft / Larceny,Downtown Central,District 1,37.771374,-122.421772,Alleyway,Reported Theft / Larceny at Alleyway
SYN-2025-03377,2025-06-09,15:35:24,Motor Vehicle Theft,Westside Arts,District 5,37.773364,-122.436462,Parking Facility,Reported Motor Vehicle Theft at Parking Facility
SYN-2025-02174,2025-06-09,16:58:08,Robbery,Downtown Central,District 1,37.789154,-122.382198,Alleyway,Reported Robbery at Alleyway
SYN-2025-04188,2025-06-09,18:32:57,Robbery,Westside Arts,District 5,37.778259,-122.435368,Residential Apartment,Reported Robbery at Residential Apartment
SYN-2025-03085,2025-06-10,00:07:55,Public Disorder,Mission Commercial,District 3,37.757937,-122.4224,Park / Public Space,Reported Public Disorder at Park / Public Space
SYN-2025-01847,2025-06-10,07:35:01,Robbery,Downtown Central,District 1,37.778377,-122.424912,Bar / Restaurant,Reported Robbery at Bar / Restaurant
SYN-2025-00370,2025-06-10,08:02:27,Assault,Downtown Central,District 1,37.778864,-122.412702,Bar / Restaurant,Reported Assault at Bar / Restaurant
SYN-2025-01662,2025-06-11,04:55:25,Assault,Mission Commercial,District 3,37.762023,-122.422077,Park / Public Space,Reported Assault at Park / Public Space
SYN-2025-04461,2025-06-11,16:09:20,Vandalism,Waterfront Marina,District 2,37.803527,-122.442831,Park / Public Space,Reported Vandalism at Park / Public Space
SYN-2025-04087,2025-06-11,17:18:12,Assault,Westside Arts,District 5,37.780298,-122.43999,Street / Sidewalk,Reported Assault at Street / Sidewalk
SYN-2025-02262,2025-06-11,18:05:01,Vandalism,Downtown Central,District 1,37.775059,-122.413278,Residential Apartment,Reported Vandalism at Residential Apartment
SYN-2025-03176,2025-06-11,18:30:23,Assault,Downtown Central,District 1,37.778411,-122.418475,Street / Sidewalk,Reported Assault at Street / Sidewalk
SYN-2025-00582,2025-06-11,18:56:03,Assault,Downtown Central,District 1,37.762979,-122.408146,Park / Public Space,Reported Assault at Park / Public Space
SYN-2025-00555,2025-06-11,19:30:27,Assault,Mission Commercial,District 3,37.76993,-122.418794,Bar / Restaurant,Reported Assault at Bar / Restaurant
SYN-2025-02990,2025-06-11,19:49:55,Robbery,Downtown Central,District 1,37.776744,-122.417266,Alleyway,Reported Robbery at Alleyway
SYN-2025-03362,2025-06-11,19:53:31,Burglary,Mission Commercial,District 3,37.751915,-122.422579,Commercial Retail,Reported Burglary at Commercial Retail
SYN-2025-03019,2025-06-11,21:01:21,Public Disorder,Westside Arts,District 5,37.77621,-122.433347,Bar / Restaurant,Reported Public Disorder at Bar / Restaurant
SYN-2025-00990,2025-06-12,08:47:31,Robbery,Downtown Central,District 1,37.77361,-122.403605,Parking Facility,Reported Robbery at Parking Facility
SYN-2025-02466,2025-06-12,15:21:44,Narcotics,Mission Commercial,District 3,37.764373,-122.42151,Residential Apartment,Reported Narcotics at Residential Apartment
SYN-2025-02696,2025-06-12,18:49:01,Burglary,South Rail Corridor,District 4,37.755486,-122.394004,Commercial Retail,Reported Burglary at Commercial Retail
SYN-2025-02546,2025-06-12,19:02:18,Motor Vehicle Theft,Mission Commercial,District 3,37.756714,-122.417153,Street / Sidewalk,Reported Motor Vehicle Theft at Street / Sidewalk
SYN-2025-01179,2025-06-12,19:07:31,Motor Vehicle Theft,Westside Arts,District 5,37.775387,-122.433478,Parking Facility,Reported Motor Vehicle Theft at Parking Facility
SYN-2025-04480,2025-06-12,19:15:06,Narcotics,Downtown Central,District 1,37.777816,-122.415784,Bar / Restaurant,Reported Narcotics at Bar / Restaurant
SYN-2025-00698,2025-06-12,19:23:01,Motor Vehicle Theft,Mission Commercial,District 3,37.755512,-122.408593,Street / Sidewalk,Reported Motor Vehicle Theft at Street / Sidewalk
SYN-2025-00653,2025-06-12,19:41:48,Robbery,Downtown Central,District 1,37.776687,-122.412036,Bar / Restaurant,Reported Robbery at Bar / Restaurant
SYN-2025-02684,2025-06-13,05:05:54,Narcotics,Downtown Central,District 1,37.774378,-122.410579,Park / Public Space,Reported Narcotics at Park / Public Space
SYN-2025-00016,2025-06-13,11:04:21,Robbery,Downtown Central,District 1,0.0,0.0,Residential Apartment,Reported Robbery at Residential Apartment
SYN-2025-02556,2025-06-13,13:40:33,Motor Vehicle Theft,Westside Arts,District 5,37.772435,-122.439089,Parking Facility,Reported Motor Vehicle Theft at Parking Facility
SYN-2025-00312,2025-06-13,18:39:09,Public Disorder,Downtown Central,District 1,37.779895,-122.419327,Bar / Restaurant,Reported Public Disorder at Bar / Restaurant
SYN-2025-01691,2025-06-13,18:45:28,Public Disorder,Downtown Central,District 1,37.788977,-122.421395,Bar / Restaurant,Reported Public Disorder at Bar / Restaurant
SYN-2025-03093,2025-06-13,21:19:33,Theft / Larceny,Waterfront Marina,District 2,37.812512,-122.433147,Residential Apartment,Reported Theft / Larceny at Residential Apartment
SYN-2025-02007,2025-06-13,21:33:25,Assault,Mission Commercial,District 3,37.757987,-122.416871,Park / Public Space,Reported Assault at Park / Public Space
SYN-2025-00159,2025-06-14,09:10:10,Assault,Downtown Central,District 1,37.775104,-122.417465,Street / Sidewalk,Reported Assault at Street / Sidewalk
SYN-2025-00264,2025-06-14,09:25:18,Vandalism,Westside Arts,District 5,37.778217,-122.432244,Residential Apartment,Reported Vandalism at Residential Apartment
SYN-2025-03372,2025-06-14,09:43:47,Assault,Mission Commercial,District 3,37.756831,-122.420724,Park / Public Space,Reported Assault at Park / Public Space
SYN-2025-00412,2025-06-14,11:02:50,Assault,Mission Commercial,District 3,37.758265,-122.422355,Bar / Restaurant,Reported Assault at Bar / Restaurant
SYN-2025-03531,2025-06-14,16:54:20,Vandalism,Downtown Central,District 1,37.780854,-122.421185,Street / Sidewalk,Reported Vandalism at Street / Sidewalk
SYN-2025-02845,2025-06-14,18:04:34,Robbery,Downtown Central,District 1,37.779798,-122.418739,Park / Public Space,Reported Robbery at Park / Public Space
SYN-2025-02590,2025-06-14,18:31:18,Theft / Larceny,Mission Commercial,District 3,37.784763,-122.428936,Alleyway,Reported Theft / Larceny at Alleyway
SYN-2025-03625,2025-06-14,18:42:27,Theft / Larceny,Waterfront Marina,District 2,37.805061,-122.454285,Parking Facility,Reported Theft / Larceny at Parking Facility
SYN-2025-00259,2025-06-15,00:44:21,Narcotics,Waterfront Marina,District 2,37.798858,-122.436557,Bar / Restaurant,Reported Narcotics at Bar / Restaurant
SYN-2025-00148,2025-06-15,06:27:05,Narcotics,Mission Commercial,District 3,37.759293,-122.417527,Parking Facility,Reported Narcotics at Parking Facility
SYN-2025-04174,2025-06-15,13:46:28,Public Disorder,Westside Arts,District 5,37.811183,-122.396358,Street / Sidewalk,Reported Public Disorder at Street / Sidewalk
SYN-2025-02663,2025-06-15,15:38:55,Burglary,Mission Commercial,District 3,37.760132,-122.42681,Commercial Retail,Reported Burglary at Commercial Retail
SYN-2025-01209,2025-06-15,18:02:38,Theft / Larceny,Downtown Central,District 1,37.785034,-122.411511,Commercial Retail,Reported Theft / Larceny at Commercial Retail
SYN-2025-04062,2025-06-15,19:33:04,Vandalism,Downtown Central,District 1,37.784544,-122.406217,Transit Station,Reported Vandalism at Transit Station
SYN-2025-04420,2025-06-15,20:22:49,Theft / Larceny,Westside Arts,District 5,37.778228,-122.431499,Transit Station,Reported Theft / Larceny at Transit Station
SYN-2025-02792,2025-06-15,21:09:32,Fraud,Mission Commercial,District 3,37.765445,-122.414781,Bar / Restaurant,Reported Fraud at Bar / Restaurant
SYN-2025-01569,2025-06-16,11:16:31,Assault,Downtown Central,District 1,37.770978,-122.418662,Street / Sidewalk,Reported Assault at Street / Sidewalk
SYN-2025-01565,2025-06-16,13:37:39,Narcotics,South Rail Corridor,District 4,37.744185,-122.404242,Alleyway,Reported Narcotics at Alleyway
SYN-2025-01896,2025-06-16,15:07:53,Motor Vehicle Theft,Mission Commercial,District 3,37.754395,-122.422258,Street / Sidewalk,Reported Motor Vehicle Theft at Street / Sidewalk
SYN-2025-02043,2025-06-16,15:50:22,Fraud,Westside Arts,District 5,37.773342,-122.431514,Parking Facility,Reported Fraud at Parking Facility
SYN-2025-01680,2025-06-16,16:30:33,Burglary,South Rail Corridor,District 4,37.750254,-122.391384,Commercial Retail,Reported Burglary at Commercial Retail
SYN-2025-02338,2025-06-16,17:29:01,Theft / Larceny,Downtown Central,District 1,37.772064,-122.41488,Parking Facility,Reported Theft / Larceny at Parking Facility
SYN-2025-04452,2025-06-16,19:21:57,Burglary,South Rail Corridor,District 4,37.76465,-122.443183,Commercial Retail,Reported Burglary at Commercial Retail
SYN-2025-00817,2025-06-16,19:45:32,Vandalism,Downtown Central,District 1,37.776185,-122.422361,Commercial Retail,Reported Vandalism at Commercial Retail
SYN-2025-00740,2025-06-16,22:49:38,Vandalism,Westside Arts,District 5,37.776094,-122.434348,Alleyway,Reported Vandalism at Alleyway
SYN-2025-03406,2025-06-17,04:07:06,Fraud,South Rail Corridor,District 4,37.746078,-122.387078,Transit Station,Reported Fraud at Transit Station
SYN-2025-02989,2025-06-17,10:23:08,Public Disorder,Waterfront Marina,District 2,37.810082,-122.436936,Park / Public Space,Reported Public Disorder at Park / Public Space
SYN-2025-03202,2025-06-17,13:19:34,Robbery,Downtown Central,District 1,37.779755,-122.419359,Alleyway,Reported Robbery at Alleyway
SYN-2025-03184,2025-06-17,16:20:01,Motor Vehicle Theft,Mission Commercial,District 3,37.75218,-122.423249,Street / Sidewalk,Reported Motor Vehicle Theft at Street / Sidewalk
SYN-2025-02553,2025-06-17,17:48:20,Fraud,Westside Arts,District 5,37.769895,-122.4382,Transit Station,Reported Fraud at Transit Station
SYN-2025-04404,2025-06-17,17:48:57,Theft / Larceny,Westside Arts,District 5,37.802249,-122.435319,Park / Public Space,Reported Theft / Larceny at Park / Public Space
SYN-2025-04244,2025-06-17,18:53:35,Vandalism,South Rail Corridor,District 4,37.758998,-122.391559,Bar / Restaurant,Reported Vandalism at Bar / Restaurant
SYN-2025-01591,2025-06-17,19:18:11,Assault,Downtown Central,District 1,37.777136,-122.418873,Park / Public Space,Reported Assault at Park / Public Space
SYN-2025-00433,2025-06-17,22:26:10,Theft / Larceny,Downtown Central,District 1,37.78594,-122.419726,Residential Apartment,Reported Theft / Larceny at Residential Apartment
SYN-2025-03129,2025-06-17,22:31:32,Fraud,Downtown Central,District 1,37.772538,-122.411306,Park / Public Space,Reported Fraud at Park / Public Space
SYN-2025-03047,2025-06-17,23:51:27,Motor Vehicle Theft,Mission Commercial,District 3,37.763903,-122.418279,Parking Facility,Reported Motor Vehicle Theft at Parking Facility
SYN-2025-03341,2025-06-18,09:08:24,Public Disorder,Downtown Central,District 1,37.778417,-122.413535,Park / Public Space,Reported Public Disorder at Park / Public Space
SYN-2025-01894,2025-06-18,11:41:18,Assault,Mission Commercial,District 3,37.758037,-122.412625,Park / Public Space,Reported Assault at Park / Public Space
SYN-2025-02670,2025-06-18,11:58:39,Vandalism,Waterfront Marina,District 2,37.805497,-122.437329,Park / Public Space,Reported Vandalism at Park / Public Space
SYN-2025-00515,2025-06-18,12:02:43,Robbery,Waterfront Marina,District 2,37.807113,-122.435475,Park / Public Space,Reported Robbery at Park / Public Space
SYN-2025-01425,2025-06-18,16:30:59,Motor Vehicle Theft,Westside Arts,District 5,37.776015,-122.438695,Parking Facility,Reported Motor Vehicle Theft at Parking Facility
SYN-2025-03790,2025-06-18,17:29:10,Public Disorder,Downtown Central,District 1,37.77025,-122.408854,Street / Sidewalk,Reported Public Disorder at Street / Sidewalk
SYN-2025-03292,2025-06-18,19:17:22,Robbery,Downtown Central,District 1,37.779358,-122.419523,Park / Public Space,Reported Robbery at Park / Public Space
SYN-2025-02492,2025-06-19,01:37:51,Vandalism,Mission Commercial,District 3,37.759492,-122.415764,Alleyway,Reported Vandalism at Alleyway
SYN-2025-04041,2025-06-19,08:20:41,Burglary,Waterfront Marina,District 2,37.800012,-122.440739,Commercial Retail,Reported Burglary at Commercial Retail
SYN-2025-00611,2025-06-19,12:45:19,Vandalism,Downtown Central,District 1,37.776486,-122.423882,Residential Apartment,Reported Vandalism at Residential Apartment
SYN-2025-03147,2025-06-19,13:55:44,Vandalism,Mission Commercial,District 3,37.761482,-122.424014,Residential Apartment,Reported Vandalism at Residential Apartment
SYN-2025-01920,2025-06-19,15:13:35,Theft / Larceny,Mission Commercial,District 3,37.760503,-122.416123,Park / Public Space,Reported Theft / Larceny at Park / Public Space
SYN-2025-01439,2025-06-19,16:46:49,Burglary,Waterfront Marina,District 2,37.748991,-122.406649,Residential Apartment,Reported Burglary at Residential Apartment
SYN-2025-04242,2025-06-19,17:40:11,Vandalism,Mission Commercial,District 3,37.755041,-122.420969,Bar / Restaurant,Reported Vandalism at Bar / Restaurant
SYN-2025-01992,2025-06-19,21:10:18,Assault,Waterfront Marina,District 2,37.798971,-122.437741,Park / Public Space,Reported Assault at Park / Public Space
SYN-2025-02057,2025-06-19,22:57:58,Motor Vehicle Theft,Westside Arts,District 5,37.773202,-122.436384,Street / Sidewalk,Reported Motor Vehicle Theft at Street / Sidewalk
SYN-2025-02490,2025-06-19,23:38:17,Fraud,Waterfront Marina,District 2,37.793455,-122.432775,Street / Sidewalk,Reported Fraud at Street / Sidewalk
SYN-2025-01369,2025-06-20,00:32:39,Burglary,Mission Commercial,District 3,37.758437,-122.424192,Residential Apartment,Reported Burglary at Residential Apartment
SYN-2025-01120,2025-06-20,02:20:23,Robbery,Downtown Central,District 1,37.780929,-122.41724,Commercial Retail,Reported Robbery at Commercial Retail
SYN-2025-00855,2025-06-20,09:23:53,Assault,Downtown Central,District 1,37.775636,-122.413804,Bar / Restaurant,Reported Assault at Bar / Restaurant
SYN-2025-01301,2025-06-20,11:50:24,Vandalism,Mission Commercial,District 3,37.760951,-122.415786,Street / Sidewalk,Reported Vandalism at Street / Sidewalk
SYN-2025-00514,2025-06-20,12:20:09,Theft / Larceny,Waterfront Marina,District 2,37.806243,-122.436008,Parking Facility,Reported Theft / Larceny at Parking Facility
SYN-2025-03485,2025-06-20,12:51:24,Motor Vehicle Theft,Downtown Central,District 1,37.775202,-122.414696,Street / Sidewalk,Reported Motor Vehicle Theft at Street / Sidewalk
SYN-2025-00469,2025-06-20,16:09:20,Motor Vehicle Theft,Mission Commercial,District 3,37.770645,-122.419176,Street / Sidewalk,Reported Motor Vehicle Theft at Street / Sidewalk
SYN-2025-01547,2025-06-20,17:12:08,Vandalism,Mission Commercial,District 3,37.760209,-122.409157,Transit Station,Reported Vandalism at Transit Station
SYN-2025-04261,2025-06-20,17:50:46,Burglary,Westside Arts,District 5,37.775512,-122.435005,Residential Apartment,Reported Burglary at Residential Apartment
SYN-2025-01149,2025-06-20,18:23:42,Fraud,Downtown Central,District 1,37.788026,-122.419218,Commercial Retail,Reported Fraud at Commercial Retail
SYN-2025-00455,2025-06-20,19:09:39,Assault,Downtown Central,District 1,37.787327,-122.413292,Bar / Restaurant,Reported Assault at Bar / Restaurant
SYN-2025-03115,2025-06-20,22:33:32,Theft / Larceny,Mission Commercial,District 3,37.763462,-122.399002,Commercial Retail,Reported Theft / Larceny at Commercial Retail
SYN-2025-01105,2025-06-20,23:48:08,Assault,Downtown Central,District 1,37.779857,-122.425589,Bar / Restaurant,Reported Assault at Bar / Restaurant
SYN-2025-01186,2025-06-21,07:22:57,Vandalism,Downtown Central,District 1,37.765421,-122.41491,Commercial Retail,Reported Vandalism at Commercial Retail
SYN-2025-03567,2025-06-21,10:01:33,Vandalism,Mission Commercial,District 3,37.757449,-122.417414,Commercial Retail,Reported Vandalism at Commercial Retail
SYN-2025-03965,2025-06-21,13:09:22,Theft / Larceny,Westside Arts,District 5,37.771744,-122.432999,Bar / Restaurant,Reported Theft / Larceny at Bar / Restaurant
SYN-2025-04155,2025-06-21,19:19:38,Theft / Larceny,Westside Arts,District 5,37.768991,-122.436817,Bar / Restaurant,Reported Theft / Larceny at Bar / Restaurant
SYN-2025-01492,2025-06-21,21:00:58,Narcotics,Downtown Central,District 1,37.776481,-122.412715,Street / Sidewalk,Reported Narcotics at Street / Sidewalk
SYN-2025-00084,2025-06-22,00:09:26,Narcotics,Waterfront Marina,District 2,37.805926,-122.437769,Commercial Retail,Reported Narcotics at Commercial Retail
SYN-2025-04405,2025-06-22,02:12:38,Burglary,Mission Commercial,District 3,37.75609,-122.417094,Residential Apartment,Reported Burglary at Residential Apartment
SYN-2025-01479,2025-06-22,04:17:51,Theft / Larceny,Downtown Central,District 1,37.769073,-122.418802,Bar / Restaurant,Reported Theft / Larceny at Bar / Restaurant
SYN-2025-03095,2025-06-22,09:53:45,Burglary,Downtown Central,District 1,37.786495,-122.411188,Residential Apartment,Reported Burglary at Residential Apartment
SYN-2025-01942,2025-06-22,14:01:32,Fraud,Westside Arts,District 5,37.775715,-122.434412,Commercial Retail,Reported Fraud at Commercial Retail
SYN-2025-03226,2025-06-22,17:36:48,Fraud,Downtown Central,District 1,37.778513,-122.426364,Transit Station,Reported Fraud at Transit Station
SYN-2025-02457,2025-06-22,19:46:33,Fraud,Westside Arts,District 5,37.770375,-122.433458,Transit Station,Reported Fraud at Transit Station
SYN-2025-02011,2025-06-23,11:54:11,Public Disorder,Mission Commercial,District 3,37.757387,-122.418249,Park / Public Space,Reported Public Disorder at Park / Public Space
SYN-2025-01239,2025-06-23,18:33:25,Burglary,Westside Arts,District 5,37.772735,-122.434231,Commercial Retail,Reported Burglary at Commercial Retail
SYN-2025-04294,2025-06-23,19:24:19,Vandalism,South Rail Corridor,District 4,37.752694,-122.382831,Street / Sidewalk,Reported Vandalism at Street / Sidewalk
SYN-2025-02712,2025-06-23,19:31:40,Theft / Larceny,Westside Arts,District 5,37.772232,-122.433393,Bar / Restaurant,Reported Theft / Larceny at Bar / Restaurant
SYN-2025-03442,2025-06-23,19:54:17,Assault,Downtown Central,District 1,37.780532,-122.423623,Park / Public Space,Reported Assault at Park / Public Space
SYN-2025-02088,2025-06-23,22:42:54,Public Disorder,Downtown Central,District 1,37.790536,-122.419507,Park / Public Space,Reported Public Disorder at Park / Public Space
SYN-2025-00701,2025-06-24,09:25:28,Robbery,Westside Arts,District 5,37.779779,-122.439073,Alleyway,Reported Robbery at Alleyway
SYN-2025-00217,2025-06-24,10:57:55,Fraud,Westside Arts,District 5,37.736691,-122.385953,Transit Station,Reported Fraud at Transit Station
SYN-2025-01945,2025-06-24,11:11:09,Burglary,Westside Arts,District 5,37.776816,-122.429492,Residential Apartment,Reported Burglary at Residential Apartment
SYN-2025-00542,2025-06-24,12:05:09,Vandalism,Mission Commercial,District 3,37.756642,-122.416955,Alleyway,Reported Vandalism at Alleyway
SYN-2025-00901,2025-06-24,12:26:46,Motor Vehicle Theft,Downtown Central,District 1,37.784523,-122.408775,Street / Sidewalk,Reported Motor Vehicle Theft at Street / Sidewalk
SYN-2025-02856,2025-06-24,12:38:15,Motor Vehicle Theft,Mission Commercial,District 3,37.76134,-122.419724,Parking Facility,Reported Motor Vehicle Theft at Parking Facility
SYN-2025-00140,2025-06-24,19:15:19,Public Disorder,Downtown Central,District 1,37.776757,-122.416381,Park / Public Space,Reported Public Disorder at Park / Public Space
SYN-2025-01480,2025-06-25,11:46:16,Burglary,South Rail Corridor,District 4,37.755118,-122.394837,Commercial Retail,Reported Burglary at Commercial Retail
SYN-2025-03413,2025-06-25,13:34:18,Burglary,Downtown Central,District 1,37.779843,-122.409357,Residential Apartment,Reported Burglary at Residential Apartment
SYN-2025-01483,2025-06-25,14:06:19,Burglary,South Rail Corridor,District 4,37.751034,-122.396182,Commercial Retail,Reported Burglary at Commercial Retail
SYN-2025-01750,2025-06-25,15:01:23,Burglary,South Rail Corridor,District 4,37.742384,-122.386555,Commercial Retail,Reported Burglary at Commercial Retail
SYN-2025-02240,2025-06-25,15:03:06,Fraud,Westside Arts,District 5,37.775411,-122.433546,Residential Apartment,Reported Fraud at Residential Apartment
SYN-2025-04215,2025-06-25,17:04:16,Theft / Larceny,Downtown Central,District 1,37.779377,-122.418022,Street / Sidewalk,Reported Theft / Larceny at Street / Sidewalk
SYN-2025-01298,2025-06-25,17:57:46,Vandalism,Downtown Central,District 1,37.778563,-122.414369,Residential Apartment,Reported Vandalism at Residential Apartment
SYN-2025-04058,2025-06-25,18:39:09,Public Disorder,Downtown Central,District 1,37.7789,-122.41782,Park / Public Space,Reported Public Disorder at Park / Public Space
SYN-2025-01884,2025-06-25,20:18:07,Public Disorder,Waterfront Marina,District 2,37.799525,-122.429429,Bar / Restaurant,Reported Public Disorder at Bar / Restaurant
SYN-2025-04165,2025-06-25,20:28:25,Fraud,Mission Commercial,District 3,37.757597,-122.416932,Residential Apartment,Reported Fraud at Residential Apartment
SYN-2025-01170,2025-06-25,23:23:01,Narcotics,Mission Commercial,District 3,37.754775,-122.418737,Park / Public Space,Reported Narcotics at Park / Public Space
SYN-2025-03762,2025-06-26,06:55:30,Robbery,Waterfront Marina,District 2,37.804364,-122.436737,Alleyway,Reported Robbery at Alleyway
SYN-2025-02644,2025-06-26,14:25:01,Burglary,Westside Arts,District 5,37.775008,-122.433577,Residential Apartment,Reported Burglary at Residential Apartment
SYN-2025-03944,2025-06-26,16:33:09,Robbery,Downtown Central,District 1,37.785463,-122.415786,Street / Sidewalk,Reported Robbery at Street / Sidewalk
SYN-2025-02887,2025-06-26,17:32:10,Theft / Larceny,Waterfront Marina,District 2,37.807655,-122.434464,Park / Public Space,Reported Theft / Larceny at Park / Public Space
SYN-2025-03978,2025-06-26,20:10:48,Vandalism,Downtown Central,District 1,37.786232,-122.419789,Commercial Retail,Reported Vandalism at Commercial Retail
SYN-2025-01496,2025-06-26,20:37:08,Motor Vehicle Theft,Westside Arts,District 5,37.776375,-122.432902,Street / Sidewalk,Reported Motor Vehicle Theft at Street / Sidewalk
SYN-2025-00404,2025-06-26,22:30:50,Public Disorder,Waterfront Marina,District 2,37.805003,-122.441921,Park / Public Space,Reported Public Disorder at Park / Public Space
SYN-2025-01198,2025-06-27,09:10:06,Burglary,Westside Arts,District 5,37.775014,-122.437068,Residential Apartment,Reported Burglary at Residential Apartment
SYN-2025-03276,2025-06-27,11:09:29,Vandalism,Mission Commercial,District 3,37.761066,-122.423583,Residential Apartment,Reported Vandalism at Residential Apartment
SYN-2025-02587,2025-06-27,11:40:07,Public Disorder,Waterfront Marina,District 2,37.801323,-122.44471,Bar / Restaurant,Reported Public Disorder at Bar / Restaurant
SYN-2025-01907,2025-06-27,13:25:08,Motor Vehicle Theft,South Rail Corridor,District 4,37.743116,-122.396251,Parking Facility,Reported Motor Vehicle Theft at Parking Facility
SYN-2025-01598,2025-06-27,21:21:20,Vandalism,Downtown Central,District 1,37.778029,-122.420814,Street / Sidewalk,Reported Vandalism at Street / Sidewalk
SYN-2025-00013,2025-06-27,21:38:20,Public Disorder,Mission Commercial,District 3,37.760297,-122.413831,Street / Sidewalk,Reported Public Disorder at Street / Sidewalk
SYN-2025-03537,2025-06-27,22:40:08,Theft / Larceny,Mission Commercial,District 3,37.772734,-122.422141,Residential Apartment,Reported Theft / Larceny at Residential Apartment
SYN-2025-03915,2025-06-28,07:00:55,Theft / Larceny,Mission Commercial,District 3,37.756133,-122.424942,Park / Public Space,Reported Theft / Larceny at Park / Public Space
SYN-2025-04297,2025-06-28,12:21:39,Motor Vehicle Theft,Mission Commercial,District 3,37.757772,-122.414342,Parking Facility,Reported Motor Vehicle Theft at Parking Facility
SYN-2025-03534,2025-06-28,17:12:32,Narcotics,Westside Arts,District 5,37.774432,-122.433861,Residential Apartment,Reported Narcotics at Residential Apartment
SYN-2025-02532,2025-06-29,04:16:55,Vandalism,Mission Commercial,District 3,37.763374,-122.4139,Parking Facility,Reported Vandalism at Parking Facility
SYN-2025-04206,2025-06-29,11:31:12,Burglary,Westside Arts,District 5,37.77474,-122.427343,Commercial Retail,Reported Burglary at Commercial Retail
SYN-2025-03722,2025-06-29,17:47:32,Theft / Larceny,Mission Commercial,District 3,37.757746,-122.419409,Park / Public Space,Reported Theft / Larceny at Park / Public Space
SYN-2025-02956,2025-06-29,18:10:49,Narcotics,South Rail Corridor,District 4,37.751256,-122.387452,Residential Apartment,Reported Narcotics at Residential Apartment
SYN-2025-03230,2025-06-29,19:15:45,Vandalism,Mission Commercial,District 3,37.761827,-122.420039,Commercial Retail,Reported Vandalism at Commercial Retail
SYN-2025-02171,2025-06-30,05:55:58,Robbery,Downtown Central,District 1,37.786407,-122.416239,Park / Public Space,Reported Robbery at Park / Public Space
SYN-2025-00520,2025-06-30,06:59:48,Burglary,Waterfront Marina,District 2,37.806329,-122.439391,Residential Apartment,Reported Burglary at Residential Apartment
SYN-2025-02595,2025-06-30,11:05:13,Assault,Downtown Central,District 1,37.777562,-122.418222,Bar / Restaurant,Reported Assault at Bar / Restaurant
SYN-2025-03952,2025-06-30,11:16:26,Vandalism,South Rail Corridor,District 4,37.740176,-122.389608,Bar / Restaurant,Reported Vandalism at Bar / Restaurant
SYN-2025-02271,2025-06-30,11:52:36,Burglary,Mission Commercial,District 3,37.767687,-122.421233,Residential Apartment,Reported Burglary at Residential Apartment
SYN-2025-00365,2025-06-30,11:54:27,Burglary,Waterfront Marina,District 2,37.803419,-122.436508,Residential Apartment,Reported Burglary at Residential Apartment
SYN-2025-00726,2025-06-30,12:25:44,Public Disorder,Downtown Central,District 1,37.781383,-122.419287,Park / Public Space,Reported Public Disorder at Park / Public Space
SYN-2025-01068,2025-06-30,15:24:01,Motor Vehicle Theft,South Rail Corridor,District 4,37.747644,-122.397993,Parking Facility,Reported Motor Vehicle Theft at Parking Facility
SYN-2025-03764,2025-06-30,16:48:25,Vandalism,Mission Commercial,District 3,37.769577,-122.416414,Parking Facility,Reported Vandalism at Parking Facility
SYN-2025-02727,2025-06-30,17:18:26,Vandalism,Waterfront Marina,District 2,37.799224,-122.434659,Residential Apartment,Reported Vandalism at Residential Apartment
SYN-2025-02214,2025-06-30,19:37:40,Public Disorder,Mission Commercial,District 3,37.767815,-122.416273,Park / Public Space,Reported Public Disorder at Park / Public Space
SYN-2025-02118,2025-07-01,08:14:20,Fraud,South Rail Corridor,District 4,37.744154,-122.391089,Street / Sidewalk,Reported Fraud at Street / Sidewalk
SYN-2025-02249,2025-07-01,10:06:12,Public Disorder,Downtown Central,District 1,37.781298,-122.417662,Bar / Restaurant,Reported Public Disorder at Bar / Restaurant
SYN-2025-04385,2025-07-01,13:56:25,Assault,Mission Commercial,District 3,37.759788,-122.415862,Street / Sidewalk,Reported Assault at Street / Sidewalk
SYN-2025-02742,2025-07-01,14:06:18,Burglary,Westside Arts,District 5,37.782323,-122.434774,Commercial Retail,Reported Burglary at Commercial Retail
SYN-2025-00769,2025-07-01,15:21:36,Burglary,South Rail Corridor,District 4,37.754633,-122.387669,Commercial Retail,Reported Burglary at Commercial Retail
SYN-2025-02328,2025-07-02,07:42:35,Burglary,Downtown Central,District 1,37.791571,-122.410931,Commercial Retail,Reported Burglary at Commercial Retail
SYN-2025-03096,2025-07-02,08:43:12,Robbery,Waterfront Marina,District 2,37.805497,-122.441691,Bar / Restaurant,Reported Robbery at Bar / Restaurant
SYN-2025-04422,2025-07-02,19:19:44,Assault,Mission Commercial,District 3,37.755622,-122.423537,Park / Public Space,Reported Assault at Park / Public Space
SYN-2025-00311,2025-07-02,22:36:56,Assault,Downtown Central,District 1,37.777739,-122.422527,Street / Sidewalk,Reported Assault at Street / Sidewalk
SYN-2025-04377,2025-07-03,10:31:33,Theft / Larceny,Downtown Central,District 1,37.783315,-122.41412,Parking Facility,Reported Theft / Larceny at Parking Facility
SYN-2025-01300,2025-07-03,10:51:41,Fraud,Downtown Central,District 1,37.788265,-122.413294,Commercial Retail,Reported Fraud at Commercial Retail
SYN-2025-01651,2025-07-03,15:33:25,Burglary,Mission Commercial,District 3,37.764617,-122.416494,Residential Apartment,Reported Burglary at Residential Apartment
SYN-2025-00837,2025-07-03,16:04:33,Burglary,Waterfront Marina,District 2,37.803704,-122.430778,Residential Apartment,Reported Burglary at Residential Apartment
SYN-2025-00233,2025-07-03,17:58:05,Public Disorder,Downtown Central,District 1,37.778129,-122.418153,Park / Public Space,Reported Public Disorder at Park / Public Space
SYN-2025-02606,2025-07-03,19:17:55,Theft / Larceny,Mission Commercial,District 3,37.764879,-122.410653,Bar / Restaurant,Reported Theft / Larceny at Bar / Restaurant
SYN-2025-01187,2025-07-03,20:51:40,Vandalism,Downtown Central,District 1,37.776459,-122.420809,Transit Station,Reported Vandalism at Transit Station
SYN-2025-03239,2025-07-03,23:14:39,Theft / Larceny,Mission Commercial,District 3,37.775601,-122.442014,Parking Facility,Reported Theft / Larceny at Parking Facility
SYN-2025-02311,2025-07-04,08:24:14,Theft / Larceny,Downtown Central,District 1,37.770883,-122.410481,Parking Facility,Reported Theft / Larceny at Parking Facility
SYN-2025-02212,2025-07-04,10:04:19,Robbery,Downtown Central,District 1,37.776596,-122.424653,Street / Sidewalk,Reported Robbery at Street / Sidewalk
SYN-2025-01619,2025-07-04,15:37:18,Narcotics,South Rail Corridor,District 4,37.759677,-122.397183,Commercial Retail,Reported Narcotics at Commercial Retail
SYN-2025-03325,2025-07-04,16:37:35,Narcotics,Mission Commercial,District 3,37.759867,-122.421208,Alleyway,Reported Narcotics at Alleyway
SYN-2025-03837,2025-07-04,17:51:50,Vandalism,South Rail Corridor,District 4,37.736343,-122.386564,Transit Station,Reported Vandalism at Transit Station
SYN-2025-02875,2025-07-04,20:04:23,Vandalism,Waterfront Marina,District 2,37.800035,-122.43953,Transit Station,Reported Vandalism at Transit Station
SYN-2025-00191,2025-07-04,20:48:15,Vandalism,Westside Arts,District 5,37.769808,-122.428865,Alleyway,Reported Vandalism at Alleyway
SYN-2025-04324,2025-07-04,21:38:55,Vandalism,Mission Commercial,District 3,37.754756,-122.415854,Bar / Restaurant,Reported Vandalism at Bar / Restaurant
SYN-2025-01150,2025-07-04,23:03:28,Public Disorder,Mission Commercial,District 3,37.767273,-122.422075,Park / Public Space,Reported Public Disorder at Park / Public Space
SYN-2025-00958,2025-07-04,23:59:44,Assault,Waterfront Marina,District 2,37.757386,-122.438902,Bar / Restaurant,Reported Assault at Bar / Restaurant
SYN-2025-02918,2025-07-05,07:24:58,Public Disorder,Downtown Central,District 1,37.776476,-122.446689,Street / Sidewalk,Reported Public Disorder at Street / Sidewalk
SYN-2025-01636,2025-07-05,16:02:34,Robbery,Mission Commercial,District 3,37.755083,-122.417794,Street / Sidewalk,Reported Robbery at Street / Sidewalk
SYN-2025-02051,2025-07-05,17:08:10,Vandalism,Downtown Central,District 1,37.780632,-122.407757,Commercial Retail,Reported Vandalism at Commercial Retail
SYN-2025-04049,2025-07-05,18:26:09,Burglary,Westside Arts,District 5,37.774493,-122.434482,Commercial Retail,Reported Burglary at Commercial Retail
SYN-2025-01327,2025-07-06,09:02:21,Public Disorder,Mission Commercial,District 3,37.756917,-122.414252,Park / Public Space,Reported Public Disorder at Park / Public Space
SYN-2025-01621,2025-07-06,09:51:01,Theft / Larceny,Downtown Central,District 1,37.774487,-122.424808,Alleyway,Reported Theft / Larceny at Alleyway
SYN-2025-01830,2025-07-06,10:18:18,Robbery,Downtown Central,District 1,37.782043,-122.421754,Street / Sidewalk,Reported Robbery at Street / Sidewalk
SYN-2025-01474,2025-07-06,15:58:49,Public Disorder,Downtown Central,District 1,37.779994,-122.421048,Street / Sidewalk,Reported Public Disorder at Street / Sidewalk
SYN-2025-03988,2025-07-06,19:41:58,Assault,Downtown Central,District 1,37.786747,-122.417155,Park / Public Space,Reported Assault at Park / Public Space
SYN-2025-00200,2025-07-06,20:03:08,Theft / Larceny,Mission Commercial,District 3,37.761043,-122.426314,Park / Public Space,Reported Theft / Larceny at Park / Public Space
SYN-2025-01617,2025-07-07,07:26:03,Burglary,Waterfront Marina,District 2,37.80018,-122.439885,Residential Apartment,Reported Burglary at Residential Apartment
SYN-2025-03756,2025-07-07,09:27:08,Public Disorder,Mission Commercial,District 3,37.75395,-122.420095,Park / Public Space,Reported Public Disorder at Park / Public Space
SYN-2025-03536,2025-07-07,11:39:56,Vandalism,Mission Commercial,District 3,37.758148,-122.41604,Park / Public Space,Reported Vandalism at Park / Public Space
SYN-2025-00423,2025-07-07,12:55:43,Burglary,Waterfront Marina,District 2,37.795484,-122.43533,Residential Apartment,Reported Burglary at Residential Apartment
SYN-2025-01722,2025-07-07,16:26:32,Theft / Larceny,Downtown Central,District 1,37.776359,-122.414886,Commercial Retail,Reported Theft / Larceny at Commercial Retail
SYN-2025-04131,2025-07-07,17:14:48,Vandalism,South Rail Corridor,District 4,37.751616,-122.401497,Parking Facility,Reported Vandalism at Parking Facility
SYN-2025-04266,2025-07-07,17:39:20,Theft / Larceny,Mission Commercial,District 3,37.75979,-122.42849,Parking Facility,Reported Theft / Larceny at Parking Facility
SYN-2025-04284,2025-07-07,18:27:48,Narcotics,Mission Commercial,District 3,37.758115,-122.421883,Alleyway,Reported Narcotics at Alleyway
SYN-2025-03560,2025-07-07,22:42:12,Burglary,Waterfront Marina,District 2,37.798577,-122.438742,Residential Apartment,Reported Burglary at Residential Apartment
SYN-2025-04273,2025-07-07,23:31:42,Theft / Larceny,Downtown Central,District 1,37.776637,-122.420829,Street / Sidewalk,Reported Theft / Larceny at Street / Sidewalk
SYN-2025-00716,2025-07-08,02:36:33,Vandalism,Downtown Central,District 1,37.781782,-122.418179,Street / Sidewalk,Reported Vandalism at Street / Sidewalk
SYN-2025-00086,2025-07-08,04:40:43,Narcotics,South Rail Corridor,District 4,37.755467,-122.387398,Commercial Retail,Reported Narcotics at Commercial Retail
SYN-2025-00719,2025-07-08,08:16:49,Assault,Downtown Central,District 1,37.790404,-122.412575,Street / Sidewalk,Reported Assault at Street / Sidewalk
SYN-2025-02935,2025-07-08,10:10:43,Burglary,Mission Commercial,District 3,37.757158,-122.423383,Commercial Retail,Reported Burglary at Commercial Retail
SYN-2025-01204,2025-07-08,14:04:56,Fraud,South Rail Corridor,District 4,37.750539,-122.392506,Park / Public Space,Reported Fraud at Park / Public Space
SYN-2025-02910,2025-07-08,16:39:56,Theft / Larceny,Westside Arts,District 5,37.779725,-122.434845,Park / Public Space,Reported Theft / Larceny at Park / Public Space
SYN-2025-01822,2025-07-08,20:28:09,Burglary,Waterfront Marina,District 2,37.803112,-122.438152,Residential Apartment,Reported Burglary at Residential Apartment
SYN-2025-01685,2025-07-08,20:35:09,Robbery,Downtown Central,District 1,37.776245,-122.415823,Bar / Restaurant,Reported Robbery at Bar / Restaurant
SYN-2025-00278,2025-07-08,20:56:00,Motor Vehicle Theft,South Rail Corridor,District 4,37.748626,-122.394597,Parking Facility,Reported Motor Vehicle Theft at Parking Facility
SYN-2025-04187,2025-07-08,23:29:43,Assault,Downtown Central,District 1,37.808542,-122.384524,Park / Public Space,Reported Assault at Park / Public Space
SYN-2025-01808,2025-07-09,02:13:18,Vandalism,Waterfront Marina,District 2,37.800865,-122.439088,Bar / Restaurant,Reported Vandalism at Bar / Restaurant
SYN-2025-00023,2025-07-09,12:03:37,Fraud,Mission Commercial,District 3,,,Parking Facility,Reported Fraud at Parking Facility
SYN-2025-02981,2025-07-09,12:28:28,Robbery,Downtown Central,District 1,37.777705,-122.408274,Residential Apartment,Reported Robbery at Residential Apartment
SYN-2025-00887,2025-07-09,12:45:05,Vandalism,Downtown Central,District 1,37.777066,-122.411872,Alleyway,Reported Vandalism at Alleyway
SYN-2025-02200,2025-07-09,14:42:56,Vandalism,Mission Commercial,District 3,37.759557,-122.420465,Alleyway,Reported Vandalism at Alleyway
SYN-2025-03851,2025-07-09,15:49:04,Public Disorder,Waterfront Marina,District 2,37.799645,-122.439596,Bar / Restaurant,Reported Public Disorder at Bar / Restaurant
SYN-2025-02653,2025-07-09,19:12:00,Vandalism,Mission Commercial,District 3,37.760387,-122.413922,Alleyway,Reported Vandalism at Alleyway
SYN-2025-00146,2025-07-10,01:41:12,Public Disorder,Downtown Central,District 1,37.777782,-122.414846,Bar / Restaurant,Reported Public Disorder at Bar / Restaurant
SYN-2025-00218,2025-07-10,01:59:54,Narcotics,Downtown Central,District 1,37.777877,-122.421706,Parking Facility,Reported Narcotics at Parking Facility
SYN-2025-01195,2025-07-10,10:29:53,Robbery,Downtown Central,District 1,37.775967,-122.412691,Transit Station,Reported Robbery at Transit Station
SYN-2025-00247,2025-07-10,13:52:48,Assault,Downtown Central,District 1,37.772017,-122.41345,Park / Public Space,Reported Assault at Park / Public Space
SYN-2025-03120,2025-07-10,15:05:11,Assault,Downtown Central,District 1,37.776294,-122.416671,Street / Sidewalk,Reported Assault at Street / Sidewalk
SYN-2025-01724,2025-07-10,20:55:11,Robbery,Downtown Central,District 1,37.776248,-122.414872,Bar / Restaurant,Reported Robbery at Bar / Restaurant
SYN-2025-02178,2025-07-10,21:26:05,Motor Vehicle Theft,Mission Commercial,District 3,37.757829,-122.416249,Street / Sidewalk,Reported Motor Vehicle Theft at Street / Sidewalk
SYN-2025-03380,2025-07-11,01:25:37,Theft / Larceny,Westside Arts,District 5,37.776741,-122.439883,Bar / Restaurant,Reported Theft / Larceny at Bar / Restaurant
SYN-2025-01329,2025-07-11,07:00:16,Burglary,South Rail Corridor,District 4,37.745028,-122.401024,Residential Apartment,Reported Burglary at Residential Apartment
SYN-2025-03959,2025-07-11,10:51:02,Public Disorder,Mission Commercial,District 3,37.763244,-122.415327,Street / Sidewalk,Reported Public Disorder at Street / Sidewalk
SYN-2025-03854,2025-07-11,13:56:50,Theft / Larceny,Mission Commercial,District 3,37.76261,-122.422946,Transit Station,Reported Theft / Larceny at Transit Station
SYN-2025-00931,2025-07-11,14:37:51,Assault,Downtown Central,District 1,37.780022,-122.422993,Street / Sidewalk,Reported Assault at Street / Sidewalk
SYN-2025-04462,2025-07-11,15:13:28,Motor Vehicle Theft,Mission Commercial,District 3,37.817045,-122.396791,Street / Sidewalk,Reported Motor Vehicle Theft at Street / Sidewalk
SYN-2025-03548,2025-07-11,16:50:41,Motor Vehicle Theft,Westside Arts,District 5,37.777136,-122.43386,Street / Sidewalk,Reported Motor Vehicle Theft at Street / Sidewalk
SYN-2025-03823,2025-07-11,19:15:34,Assault,Downtown Central,District 1,37.778791,-122.420475,Park / Public Space,Reported Assault at Park / Public Space
SYN-2025-04221,2025-07-11,19:54:02,Public Disorder,Downtown Central,District 1,37.775952,-122.415939,Street / Sidewalk,Reported Public Disorder at Street / Sidewalk
SYN-2025-01490,2025-07-11,23:15:37,Vandalism,Downtown Central,District 1,37.777479,-122.413922,Parking Facility,Reported Vandalism at Parking Facility
SYN-2025-01089,2025-07-12,01:01:39,Vandalism,Waterfront Marina,District 2,37.805107,-122.433622,Parking Facility,Reported Vandalism at Parking Facility
SYN-2025-00031,2025-07-12,01:23:37,Burglary,Mission Commercial,District 3,37.765744,-122.42323,,Reported Burglary at Residential Apartment
SYN-2025-01661,2025-07-12,08:39:57,Public Disorder,Downtown Central,District 1,37.807205,-122.390942,Street / Sidewalk,Reported Public Disorder at Street / Sidewalk
SYN-2025-03735,2025-07-12,17:43:11,Vandalism,Mission Commercial,District 3,37.755814,-122.410849,Commercial Retail,Reported Vandalism at Commercial Retail
SYN-2025-01701,2025-07-12,19:28:12,Theft / Larceny,Mission Commercial,District 3,37.764294,-122.420989,Transit Station,Reported Theft / Larceny at Transit Station
SYN-2025-04383,2025-07-12,20:01:13,Assault,Mission Commercial,District 3,37.787061,-122.395824,Bar / Restaurant,Reported Assault at Bar / Restaurant
SYN-2025-02111,2025-07-12,23:02:41,Theft / Larceny,South Rail Corridor,District 4,37.756065,-122.387811,Parking Facility,Reported Theft / Larceny at Parking Facility
SYN-2025-03951,2025-07-13,12:46:16,Robbery,Downtown Central,District 1,37.787543,-122.414546,Alleyway,Reported Robbery at Alleyway
SYN-2025-03683,2025-07-13,15:01:55,Narcotics,South Rail Corridor,District 4,37.75084,-122.389421,Street / Sidewalk,Reported Narcotics at Street / Sidewalk
SYN-2025-03296,2025-07-13,17:33:44,Public Disorder,Waterfront Marina,District 2,37.802414,-122.437136,Park / Public Space,Reported Public Disorder at Park / Public Space
SYN-2025-01470,2025-07-13,19:29:10,Motor Vehicle Theft,Westside Arts,District 5,37.776167,-122.44111,Street / Sidewalk,Reported Motor Vehicle Theft at Street / Sidewalk
SYN-2025-04166,2025-07-13,20:38:37,Assault,Mission Commercial,District 3,37.761,-122.410219,Street / Sidewalk,Reported Assault at Street / Sidewalk
SYN-2025-03942,2025-07-13,21:59:24,Assault,Mission Commercial,District 3,37.754988,-122.414784,Street / Sidewalk,Reported Assault at Street / Sidewalk
SYN-2025-01702,2025-07-14,09:51:14,Narcotics,Mission Commercial,District 3,37.760807,-122.41805,Transit Station,Reported Narcotics at Transit Station
SYN-2025-03135,2025-07-14,12:34:05,Narcotics,Westside Arts,District 5,37.773934,-122.439107,Parking Facility,Reported Narcotics at Parking Facility
SYN-2025-04120,2025-07-14,15:47:56,Assault,Downtown Central,District 1,37.777656,-122.456221,Street / Sidewalk,Reported Assault at Street / Sidewalk
SYN-2025-03105,2025-07-14,20:36:44,Fraud,Westside Arts,District 5,37.77596,-122.436403,Transit Station,Reported Fraud at Transit Station
SYN-2025-02235,2025-07-14,23:47:51,Theft / Larceny,Downtown Central,District 1,37.779758,-122.420741,Residential Apartment,Reported Theft / Larceny at Residential Apartment
SYN-2025-02243,2025-07-15,00:55:27,Burglary,Waterfront Marina,District 2,37.801243,-122.441178,Residential Apartment,Reported Burglary at Residential Apartment
SYN-2025-04365,2025-07-15,04:05:02,Fraud,Downtown Central,District 1,37.778049,-122.424375,Parking Facility,Reported Fraud at Parking Facility
SYN-2025-00344,2025-07-15,10:59:30,Theft / Larceny,Downtown Central,District 1,37.782642,-122.423139,Commercial Retail,Reported Theft / Larceny at Commercial Retail
SYN-2025-01237,2025-07-15,19:07:42,Vandalism,Mission Commercial,District 3,37.764504,-122.420145,Park / Public Space,Reported Vandalism at Park / Public Space
SYN-2025-01262,2025-07-15,20:50:26,Vandalism,Mission Commercial,District 3,37.764511,-122.415332,Bar / Restaurant,Reported Vandalism at Bar / Restaurant
SYN-2025-00437,2025-07-15,23:44:34,Robbery,Downtown Central,District 1,37.776357,-122.420176,Bar / Restaurant,Reported Robbery at Bar / Restaurant
SYN-2025-03507,2025-07-16,04:00:48,Theft / Larceny,South Rail Corridor,District 4,37.745444,-122.390289,Bar / Restaurant,Reported Theft / Larceny at Bar / Restaurant
SYN-2025-00414,2025-07-16,11:53:35,Vandalism,South Rail Corridor,District 4,37.755002,-122.393419,Transit Station,Reported Vandalism at Transit Station
SYN-2025-01987,2025-07-16,13:55:32,Public Disorder,Downtown Central,District 1,37.776699,-122.408723,Street / Sidewalk,Reported Public Disorder at Street / Sidewalk
SYN-2025-01493,2025-07-16,17:59:00,Vandalism,Downtown Central,District 1,37.771242,-122.416871,Alleyway,Reported Vandalism at Alleyway
SYN-2025-01639,2025-07-16,22:24:36,Robbery,Downtown Central,District 1,37.767669,-122.424028,Commercial Retail,Reported Robbery at Commercial Retail
SYN-2025-04053,2025-07-17,05:11:45,Motor Vehicle Theft,Downtown Central,District 1,37.782244,-122.420504,Street / Sidewalk,Reported Motor Vehicle Theft at Street / Sidewalk
SYN-2025-00285,2025-07-17,14:51:50,Theft / Larceny,Downtown Central,District 1,37.781068,-122.421144,Residential Apartment,Reported Theft / Larceny at Residential Apartment
SYN-2025-03146,2025-07-17,15:27:37,Vandalism,Downtown Central,District 1,37.780969,-122.417357,Commercial Retail,Reported Vandalism at Commercial Retail
SYN-2025-01504,2025-07-17,16:26:02,Theft / Larceny,Downtown Central,District 1,37.790032,-122.423877,Commercial Retail,Reported Theft / Larceny at Commercial Retail
SYN-2025-02439,2025-07-17,18:04:56,Motor Vehicle Theft,Westside Arts,District 5,37.773338,-122.436938,Street / Sidewalk,Reported Motor Vehicle Theft at Street / Sidewalk
SYN-2025-01434,2025-07-17,19:58:54,Assault,Downtown Central,District 1,37.768989,-122.419981,Park / Public Space,Reported Assault at Park / Public Space
SYN-2025-00642,2025-07-17,20:46:31,Theft / Larceny,Waterfront Marina,District 2,37.801526,-122.435477,Commercial Retail,Reported Theft / Larceny at Commercial Retail
SYN-2025-04260,2025-07-18,00:15:00,Fraud,Downtown Central,District 1,37.774371,-122.418381,Alleyway,Reported Fraud at Alleyway
SYN-2025-02863,2025-07-18,09:08:04,Fraud,South Rail Corridor,District 4,37.761325,-122.388711,Bar / Restaurant,Reported Fraud at Bar / Restaurant
SYN-2025-04478,2025-07-18,11:33:30,Assault,South Rail Corridor,District 4,37.74838,-122.393021,Park / Public Space,Reported Assault at Park / Public Space
SYN-2025-01018,2025-07-18,11:41:15,Vandalism,Mission Commercial,District 3,37.811038,-122.40356,Commercial Retail,Reported Vandalism at Commercial Retail
SYN-2025-03446,2025-07-18,14:50:37,Theft / Larceny,Waterfront Marina,District 2,37.803231,-122.445514,Alleyway,Reported Theft / Larceny at Alleyway
SYN-2025-03087,2025-07-18,16:20:47,Theft / Larceny,Mission Commercial,District 3,37.765487,-122.417821,Parking Facility,Reported Theft / Larceny at Parking Facility
SYN-2025-01959,2025-07-18,18:06:35,Theft / Larceny,Downtown Central,District 1,37.783367,-122.417704,Parking Facility,Reported Theft / Larceny at Parking Facility
SYN-2025-02988,2025-07-18,19:45:32,Burglary,Westside Arts,District 5,37.804569,-122.45019,Residential Apartment,Reported Burglary at Residential Apartment
SYN-2025-00157,2025-07-18,21:04:19,Burglary,Mission Commercial,District 3,37.760696,-122.420402,Commercial Retail,Reported Burglary at Commercial Retail
SYN-2025-03218,2025-07-18,21:36:18,Vandalism,Westside Arts,District 5,37.773001,-122.432118,Bar / Restaurant,Reported Vandalism at Bar / Restaurant
SYN-2025-01449,2025-07-18,22:07:17,Assault,Westside Arts,District 5,37.771914,-122.435321,Street / Sidewalk,Reported Assault at Street / Sidewalk
SYN-2025-00069,2025-07-19,00:28:44,Vandalism,Mission Commercial,District 3,37.758382,-122.411241,Residential Apartment,Reported Vandalism at Residential Apartment
SYN-2025-04429,2025-07-19,02:43:29,Public Disorder,Downtown Central,District 1,37.772801,-122.417736,Bar / Restaurant,Reported Public Disorder at Bar / Restaurant
SYN-2025-01419,2025-07-19,08:15:59,Narcotics,South Rail Corridor,District 4,37.748473,-122.392787,Park / Public Space,Reported Narcotics at Park / Public Space
SYN-2025-00648,2025-07-19,17:44:23,Assault,South Rail Corridor,District 4,37.752477,-122.396331,Park / Public Space,Reported Assault at Park / Public Space
SYN-2025-01853,2025-07-19,19:00:04,Motor Vehicle Theft,Downtown Central,District 1,37.77843,-122.4197,Street / Sidewalk,Reported Motor Vehicle Theft at Street / Sidewalk
SYN-2025-03938,2025-07-19,19:23:02,Narcotics,Westside Arts,District 5,37.775568,-122.429792,Transit Station,Reported Narcotics at Transit Station
SYN-2025-01062,2025-07-20,02:13:23,Narcotics,Mission Commercial,District 3,37.760931,-122.41187,Bar / Restaurant,Reported Narcotics at Bar / Restaurant
SYN-2025-00363,2025-07-20,10:39:45,Assault,Downtown Central,District 1,37.775786,-122.429649,Park / Public Space,Reported Assault at Park / Public Space
SYN-2025-02478,2025-07-20,11:42:42,Burglary,Downtown Central,District 1,37.779014,-122.417582,Residential Apartment,Reported Burglary at Residential Apartment
SYN-2025-01024,2025-07-20,13:46:59,Robbery,Westside Arts,District 5,37.773816,-122.441048,Alleyway,Reported Robbery at Alleyway
SYN-2025-02489,2025-07-21,00:17:13,Vandalism,Downtown Central,District 1,37.779352,-122.423136,Park / Public Space,Reported Vandalism at Park / Public Space
SYN-2025-03432,2025-07-21,06:47:44,Motor Vehicle Theft,Westside Arts,District 5,37.771588,-122.428398,Parking Facility,Reported Motor Vehicle Theft at Parking Facility
SYN-2025-03727,2025-07-21,08:30:01,Robbery,Mission Commercial,District 3,37.755912,-122.41537,Street / Sidewalk,Reported Robbery at Street / Sidewalk
SYN-2025-02637,2025-07-21,09:42:50,Robbery,Downtown Central,District 1,37.780616,-122.414308,Parking Facility,Reported Robbery at Parking Facility
SYN-2025-03755,2025-07-21,10:12:06,Vandalism,Westside Arts,District 5,37.777883,-122.432752,Commercial Retail,Reported Vandalism at Commercial Retail
SYN-2025-02029,2025-07-21,11:50:13,Motor Vehicle Theft,Westside Arts,District 5,37.778674,-122.42903,Street / Sidewalk,Reported Motor Vehicle Theft at Street / Sidewalk
SYN-2025-00453,2025-07-21,16:28:18,Burglary,Waterfront Marina,District 2,37.787422,-122.429677,Commercial Retail,Reported Burglary at Commercial Retail
SYN-2025-00306,2025-07-21,18:16:42,Public Disorder,Downtown Central,District 1,37.773691,-122.418712,Bar / Restaurant,Reported Public Disorder at Bar / Restaurant
SYN-2025-02322,2025-07-21,18:20:30,Burglary,Mission Commercial,District 3,37.758353,-122.420646,Residential Apartment,Reported Burglary at Residential Apartment
SYN-2025-02695,2025-07-21,18:55:18,Theft / Larceny,Mission Commercial,District 3,37.759337,-122.418635,Alleyway,Reported Theft / Larceny at Alleyway
SYN-2025-03809,2025-07-21,20:10:13,Theft / Larceny,Downtown Central,District 1,37.774575,-122.416955,Park / Public Space,Reported Theft / Larceny at Park / Public Space
SYN-2025-03779,2025-07-21,21:00:00,Motor Vehicle Theft,Waterfront Marina,District 2,37.794543,-122.4341,Parking Facility,Reported Motor Vehicle Theft at Parking Facility
SYN-2025-04144,2025-07-22,05:25:48,Theft / Larceny,Downtown Central,District 1,37.772084,-122.412674,Residential Apartment,Reported Theft / Larceny at Residential Apartment
SYN-2025-02187,2025-07-22,10:24:39,Theft / Larceny,Downtown Central,District 1,37.774627,-122.415995,Park / Public Space,Reported Theft / Larceny at Park / Public Space
SYN-2025-02936,2025-07-22,10:58:08,Vandalism,Mission Commercial,District 3,37.764307,-122.420382,Transit Station,Reported Vandalism at Transit Station
SYN-2025-00724,2025-07-22,14:00:52,Vandalism,Mission Commercial,District 3,37.760699,-122.417776,Transit Station,Reported Vandalism at Transit Station
SYN-2025-03053,2025-07-22,16:34:51,Vandalism,Downtown Central,District 1,37.781341,-122.410864,Alleyway,Reported Vandalism at Alleyway
SYN-2025-03621,2025-07-22,17:42:16,Motor Vehicle Theft,Downtown Central,District 1,37.779862,-122.426559,Parking Facility,Reported Motor Vehicle Theft at Parking Facility
SYN-2025-01659,2025-07-22,18:52:04,Public Disorder,Waterfront Marina,District 2,37.809909,-122.433824,Bar / Restaurant,Reported Public Disorder at Bar / Restaurant
SYN-2025-04067,2025-07-22,19:02:04,Public Disorder,Waterfront Marina,District 2,37.802969,-122.435334,Street / Sidewalk,Reported Public Disorder at Street / Sidewalk
SYN-2025-01250,2025-07-22,20:12:08,Theft / Larceny,Mission Commercial,District 3,37.761013,-122.411499,Alleyway,Reported Theft / Larceny at Alleyway
SYN-2025-04391,2025-07-23,06:40:19,Public Disorder,Downtown Central,District 1,37.775029,-122.424184,Park / Public Space,Reported Public Disorder at Park / Public Space
SYN-2025-04122,2025-07-23,09:04:29,Burglary,Downtown Central,District 1,37.781001,-122.421917,Residential Apartment,Reported Burglary at Residential Apartment
SYN-2025-04243,2025-07-23,11:50:09,Burglary,Mission Commercial,District 3,37.761661,-122.420969,Residential Apartment,Reported Burglary at Residential Apartment
SYN-2025-00665,2025-07-23,17:51:28,Public Disorder,Downtown Central,District 1,37.776181,-122.416467,Bar / Restaurant,Reported Public Disorder at Bar / Restaurant
SYN-2025-03955,2025-07-23,18:28:33,Narcotics,Downtown Central,District 1,37.781791,-122.42134,Park / Public Space,Reported Narcotics at Park / Public Space
SYN-2025-02295,2025-07-23,23:38:48,Motor Vehicle Theft,Mission Commercial,District 3,37.761546,-122.418832,Street / Sidewalk,Reported Motor Vehicle Theft at Street / Sidewalk
SYN-2025-00693,2025-07-24,09:44:55,Burglary,Mission Commercial,District 3,37.755912,-122.417316,Residential Apartment,Reported Burglary at Residential Apartment
SYN-2025-04160,2025-07-24,15:15:03,Motor Vehicle Theft,Mission Commercial,District 3,37.767117,-122.427226,Parking Facility,Reported Motor Vehicle Theft at Parking Facility
SYN-2025-03800,2025-07-24,16:00:17,Burglary,Downtown Central,District 1,37.769869,-122.416336,Commercial Retail,Reported Burglary at Commercial Retail
SYN-2025-00204,2025-07-24,16:24:15,Assault,Downtown Central,District 1,37.780212,-122.418733,Bar / Restaurant,Reported Assault at Bar / Restaurant
SYN-2025-03489,2025-07-24,19:00:15,Burglary,Waterfront Marina,District 2,37.798719,-122.443206,Commercial Retail,Reported Burglary at Commercial Retail
SYN-2025-03005,2025-07-24,19:16:16,Vandalism,Westside Arts,District 5,37.773342,-122.440269,Street / Sidewalk,Reported Vandalism at Street / Sidewalk
SYN-2025-01670,2025-07-24,21:10:09,Vandalism,Downtown Central,District 1,37.77914,-122.416721,Street / Sidewalk,Reported Vandalism at Street / Sidewalk
SYN-2025-04423,2025-07-25,02:45:28,Robbery,Mission Commercial,District 3,37.761105,-122.416862,Transit Station,Reported Robbery at Transit Station
SYN-2025-03425,2025-07-25,12:12:04,Robbery,Downtown Central,District 1,37.789309,-122.418323,Parking Facility,Reported Robbery at Parking Facility
SYN-2025-03742,2025-07-25,17:31:53,Theft / Larceny,Mission Commercial,District 3,37.761545,-122.423051,Residential Apartment,Reported Theft / Larceny at Residential Apartment
SYN-2025-04088,2025-07-25,17:50:10,Robbery,Downtown Central,District 1,37.791579,-122.421466,Transit Station,Reported Robbery at Transit Station
SYN-2025-00067,2025-07-25,17:50:39,Robbery,Downtown Central,District 1,37.777125,-122.410884,Alleyway,Reported Robbery at Alleyway
SYN-2025-01626,2025-07-25,18:22:06,Vandalism,Waterfront Marina,District 2,37.796169,-122.444048,Bar / Restaurant,Reported Vandalism at Bar / Restaurant
SYN-2025-00460,2025-07-25,19:26:47,Assault,Downtown Central,District 1,37.776981,-122.416004,Street / Sidewalk,Reported Assault at Street / Sidewalk
SYN-2025-01394,2025-07-25,21:47:21,Assault,Westside Arts,District 5,37.77409,-122.439266,Park / Public Space,Reported Assault at Park / Public Space
SYN-2025-00178,2025-07-25,22:19:49,Theft / Larceny,Downtown Central,District 1,37.772495,-122.407904,Alleyway,Reported Theft / Larceny at Alleyway
SYN-2025-02995,2025-07-25,22:54:59,Theft / Larceny,South Rail Corridor,District 4,37.761427,-122.384784,Commercial Retail,Reported Theft / Larceny at Commercial Retail
SYN-2025-02819,2025-07-26,08:14:41,Assault,Mission Commercial,District 3,37.763096,-122.417904,Bar / Restaurant,Reported Assault at Bar / Restaurant
SYN-2025-00331,2025-07-26,09:43:57,Theft / Larceny,Downtown Central,District 1,37.782465,-122.420624,Park / Public Space,Reported Theft / Larceny at Park / Public Space
SYN-2025-04065,2025-07-26,10:04:45,Burglary,Mission Commercial,District 3,37.760903,-122.410611,Residential Apartment,Reported Burglary at Residential Apartment
SYN-2025-03052,2025-07-26,10:49:19,Assault,Downtown Central,District 1,37.761144,-122.398046,Park / Public Space,Reported Assault at Park / Public Space
SYN-2025-01552,2025-07-26,12:39:20,Vandalism,Westside Arts,District 5,37.775382,-122.432666,Transit Station,Reported Vandalism at Transit Station
SYN-2025-02766,2025-07-26,15:58:53,Vandalism,Waterfront Marina,District 2,37.799815,-122.441877,Street / Sidewalk,Reported Vandalism at Street / Sidewalk
SYN-2025-02969,2025-07-26,18:05:56,Public Disorder,Westside Arts,District 5,37.777188,-122.437766,Bar / Restaurant,Reported Public Disorder at Bar / Restaurant
SYN-2025-02503,2025-07-26,18:12:20,Theft / Larceny,Mission Commercial,District 3,37.737152,-122.39887,Commercial Retail,Reported Theft / Larceny at Commercial Retail
SYN-2025-00130,2025-07-26,19:52:08,Motor Vehicle Theft,Westside Arts,District 5,37.771976,-122.433421,Street / Sidewalk,Reported Motor Vehicle Theft at Street / Sidewalk
SYN-2025-02299,2025-07-26,22:43:14,Theft / Larceny,Mission Commercial,District 3,37.762494,-122.423979,Parking Facility,Reported Theft / Larceny at Parking Facility
SYN-2025-02359,2025-07-27,10:20:04,Public Disorder,Westside Arts,District 5,37.758794,-122.390017,Park / Public Space,Reported Public Disorder at Park / Public Space
SYN-2025-00507,2025-07-27,10:40:12,Theft / Larceny,Westside Arts,District 5,37.771817,-122.435134,Commercial Retail,Reported Theft / Larceny at Commercial Retail
SYN-2025-02820,2025-07-27,18:34:56,Theft / Larceny,Mission Commercial,District 3,37.747416,-122.447298,Parking Facility,Reported Theft / Larceny at Parking Facility
SYN-2025-03445,2025-07-27,19:22:46,Assault,South Rail Corridor,District 4,37.743967,-122.382975,Bar / Restaurant,Reported Assault at Bar / Restaurant
SYN-2025-03855,2025-07-27,22:48:15,Burglary,Mission Commercial,District 3,37.759848,-122.41379,Commercial Retail,Reported Burglary at Commercial Retail
SYN-2025-01607,2025-07-28,10:42:51,Vandalism,Waterfront Marina,District 2,37.80582,-122.446672,Bar / Restaurant,Reported Vandalism at Bar / Restaurant
SYN-2025-02611,2025-07-28,12:32:24,Vandalism,Waterfront Marina,District 2,37.799933,-122.440832,Residential Apartment,Reported Vandalism at Residential Apartment
SYN-2025-01699,2025-07-28,13:43:11,Robbery,Downtown Central,District 1,37.780627,-122.424577,Residential Apartment,Reported Robbery at Residential Apartment
SYN-2025-02500,2025-07-28,15:44:34,Robbery,Mission Commercial,District 3,37.767462,-122.420968,Alleyway,Reported Robbery at Alleyway
SYN-2025-03576,2025-07-28,16:03:13,Burglary,Westside Arts,District 5,37.771046,-122.435581,Residential Apartment,Reported Burglary at Residential Apartment
SYN-2025-01429,2025-07-28,17:30:31,Assault,Mission Commercial,District 3,37.76262,-122.425519,Street / Sidewalk,Reported Assault at Street / Sidewalk
SYN-2025-00502,2025-07-29,09:29:47,Fraud,Mission Commercial,District 3,37.756228,-122.41134,Commercial Retail,Reported Fraud at Commercial Retail
SYN-2025-01059,2025-07-29,11:20:26,Burglary,Mission Commercial,District 3,37.764342,-122.417448,Commercial Retail,Reported Burglary at Commercial Retail
SYN-2025-01167,2025-07-29,11:36:34,Vandalism,Waterfront Marina,District 2,37.806791,-122.431174,Transit Station,Reported Vandalism at Transit Station
SYN-2025-02746,2025-07-29,11:49:47,Fraud,Westside Arts,District 5,37.775109,-122.43514,Parking Facility,Reported Fraud at Parking Facility
SYN-2025-01571,2025-07-29,15:24:09,Fraud,Waterfront Marina,District 2,37.808837,-122.432647,Park / Public Space,Reported Fraud at Park / Public Space
SYN-2025-02225,2025-07-29,15:28:18,Narcotics,Downtown Central,District 1,37.777358,-122.410367,Parking Facility,Reported Narcotics at Parking Facility
SYN-2025-00245,2025-07-29,15:43:31,Public Disorder,Mission Commercial,District 3,37.753463,-122.421848,Street / Sidewalk,Reported Public Disorder at Street / Sidewalk
SYN-2025-03501,2025-07-29,16:18:12,Motor Vehicle Theft,Westside Arts,District 5,37.77325,-122.431272,Parking Facility,Reported Motor Vehicle Theft at Parking Facility
SYN-2025-01696,2025-07-29,18:14:51,Vandalism,Westside Arts,District 5,37.772655,-122.43585,Alleyway,Reported Vandalism at Alleyway
SYN-2025-02657,2025-07-29,18:22:08,Burglary,Downtown Central,District 1,37.782073,-122.42248,Commercial Retail,Reported Burglary at Commercial Retail
SYN-2025-04175,2025-07-29,19:07:15,Public Disorder,Downtown Central,District 1,37.783999,-122.411688,Park / Public Space,Reported Public Disorder at Park / Public Space
SYN-2025-04271,2025-07-29,22:07:30,Fraud,Westside Arts,District 5,37.773147,-122.429401,Park / Public Space,Reported Fraud at Park / Public Space
SYN-2025-01371,2025-07-30,11:44:04,Vandalism,Mission Commercial,District 3,37.759483,-122.418371,Bar / Restaurant,Reported Vandalism at Bar / Restaurant
SYN-2025-04104,2025-07-30,16:49:22,Public Disorder,Downtown Central,District 1,37.785889,-122.423327,Park / Public Space,Reported Public Disorder at Park / Public Space
SYN-2025-00261,2025-07-30,17:28:22,Burglary,Westside Arts,District 5,37.772099,-122.437593,Residential Apartment,Reported Burglary at Residential Apartment
SYN-2025-01611,2025-07-30,19:54:45,Theft / Larceny,Westside Arts,District 5,37.772209,-122.439908,Street / Sidewalk,Reported Theft / Larceny at Street / Sidewalk
SYN-2025-04022,2025-07-30,21:09:16,Burglary,Waterfront Marina,District 2,37.801685,-122.442458,Commercial Retail,Reported Burglary at Commercial Retail
SYN-2025-03840,2025-07-31,02:46:25,Vandalism,Westside Arts,District 5,37.818287,-122.454276,Residential Apartment,Reported Vandalism at Residential Apartment
SYN-2025-04468,2025-07-31,03:58:53,Public Disorder,Downtown Central,District 1,37.781249,-122.414076,Bar / Restaurant,Reported Public Disorder at Bar / Restaurant
SYN-2025-00539,2025-07-31,11:40:30,Assault,Mission Commercial,District 3,37.762024,-122.424218,Park / Public Space,Reported Assault at Park / Public Space
SYN-2025-02107,2025-07-31,12:01:13,Assault,Mission Commercial,District 3,37.7567,-122.42277,Street / Sidewalk,Reported Assault at Street / Sidewalk
SYN-2025-02346,2025-07-31,13:52:41,Robbery,South Rail Corridor,District 4,37.746256,-122.387139,Commercial Retail,Reported Robbery at Commercial Retail
SYN-2025-00123,2025-07-31,14:59:56,Theft / Larceny,Mission Commercial,District 3,37.758405,-122.420641,Park / Public Space,Reported Theft / Larceny at Park / Public Space
SYN-2025-04282,2025-07-31,15:22:29,Narcotics,Downtown Central,District 1,37.780234,-122.424907,Bar / Restaurant,Reported Narcotics at Bar / Restaurant
SYN-2025-04378,2025-07-31,18:07:49,Burglary,Mission Commercial,District 3,37.792379,-122.406569,Commercial Retail,Reported Burglary at Commercial Retail
SYN-2025-03504,2025-07-31,23:50:48,Fraud,Mission Commercial,District 3,37.761986,-122.418809,Residential Apartment,Reported Fraud at Residential Apartment
SYN-2025-03351,2025-08-01,08:55:38,Vandalism,Waterfront Marina,District 2,37.811958,-122.4288,Commercial Retail,Reported Vandalism at Commercial Retail
SYN-2025-00734,2025-08-01,17:47:04,Fraud,Downtown Central,District 1,37.778492,-122.42081,Residential Apartment,Reported Fraud at Residential Apartment
SYN-2025-02656,2025-08-02,17:54:30,Burglary,Westside Arts,District 5,37.774002,-122.435481,Residential Apartment,Reported Burglary at Residential Apartment
SYN-2025-00056,2025-08-02,19:22:34,Theft / Larceny,Mission Commercial,District 3,37.767805,-122.420784,Park / Public Space,Reported Theft / Larceny at Park / Public Space
SYN-2025-00387,2025-08-02,19:27:10,Assault,Downtown Central,District 1,37.770539,-122.413409,Park / Public Space,Reported Assault at Park / Public Space
SYN-2025-01776,2025-08-02,19:43:40,Public Disorder,Waterfront Marina,District 2,37.746474,-122.388926,Street / Sidewalk,Reported Public Disorder at Street / Sidewalk
SYN-2025-03123,2025-08-03,13:28:42,Fraud,Downtown Central,District 1,37.768453,-122.42571,Transit Station,Reported Fraud at Transit Station
SYN-2025-02177,2025-08-03,13:56:43,Narcotics,Mission Commercial,District 3,37.758407,-122.417764,Alleyway,Reported Narcotics at Alleyway
SYN-2025-03352,2025-08-03,18:23:20,Fraud,Mission Commercial,District 3,37.759721,-122.423175,Parking Facility,Reported Fraud at Parking Facility
SYN-2025-01452,2025-08-04,15:11:06,Motor Vehicle Theft,Westside Arts,District 5,37.776608,-122.439504,Parking Facility,Reported Motor Vehicle Theft at Parking Facility
SYN-2025-02062,2025-08-04,18:11:12,Assault,Mission Commercial,District 3,37.731088,-122.383418,Street / Sidewalk,Reported Assault at Street / Sidewalk
SYN-2025-02717,2025-08-04,20:07:53,Robbery,Downtown Central,District 1,37.781679,-122.420838,Parking Facility,Reported Robbery at Parking Facility
SYN-2025-02761,2025-08-04,22:29:49,Vandalism,Downtown Central,District 1,37.775482,-122.412693,Residential Apartment,Reported Vandalism at Residential Apartment
SYN-2025-01594,2025-08-05,08:44:37,Theft / Larceny,Mission Commercial,District 3,37.75788,-122.418366,Commercial Retail,Reported Theft / Larceny at Commercial Retail
SYN-2025-03996,2025-08-05,09:51:09,Burglary,Westside Arts,District 5,37.773127,-122.432485,Commercial Retail,Reported Burglary at Commercial Retail
SYN-2025-03124,2025-08-05,12:05:51,Vandalism,Downtown Central,District 1,37.783092,-122.411781,Bar / Restaurant,Reported Vandalism at Bar / Restaurant
SYN-2025-00915,2025-08-05,15:23:54,Vandalism,Downtown Central,District 1,37.772301,-122.417526,Parking Facility,Reported Vandalism at Parking Facility
SYN-2025-03708,2025-08-05,16:31:32,Fraud,Waterfront Marina,District 2,37.802172,-122.443696,Street / Sidewalk,Reported Fraud at Street / Sidewalk
SYN-2025-01546,2025-08-05,18:10:17,Vandalism,Waterfront Marina,District 2,37.801679,-122.434225,Park / Public Space,Reported Vandalism at Park / Public Space
SYN-2025-01729,2025-08-05,19:44:30,Burglary,Downtown Central,District 1,37.780483,-122.416575,Commercial Retail,Reported Burglary at Commercial Retail
SYN-2025-01287,2025-08-05,20:28:22,Fraud,Westside Arts,District 5,37.770487,-122.43469,Alleyway,Reported Fraud at Alleyway
SYN-2025-00671,2025-08-05,20:51:41,Vandalism,Downtown Central,District 1,37.777307,-122.418268,Commercial Retail,Reported Vandalism at Commercial Retail
SYN-2025-02061,2025-08-06,00:22:55,Robbery,Downtown Central,District 1,37.779347,-122.421982,Residential Apartment,Reported Robbery at Residential Apartment
SYN-2025-04457,2025-08-06,09:18:02,Robbery,Waterfront Marina,District 2,37.798396,-122.443778,Alleyway,Reported Robbery at Alleyway
SYN-2025-01314,2025-08-06,12:44:43,Robbery,Downtown Central,District 1,37.785344,-122.414744,Transit Station,Reported Robbery at Transit Station
SYN-2025-00059,2025-08-06,13:01:31,Vandalism,Waterfront Marina,District 2,37.801813,-122.433441,Residential Apartment,Reported Vandalism at Residential Apartment
SYN-2025-00169,2025-08-06,13:18:04,Burglary,Mission Commercial,District 3,37.75607,-122.422844,Commercial Retail,Reported Burglary at Commercial Retail
SYN-2025-00529,2025-08-06,18:58:59,Narcotics,Mission Commercial,District 3,37.755226,-122.421732,Park / Public Space,Reported Narcotics at Park / Public Space
SYN-2025-01797,2025-08-06,19:39:25,Assault,Downtown Central,District 1,37.777709,-122.412899,Park / Public Space,Reported Assault at Park / Public Space
SYN-2025-04342,2025-08-06,22:47:20,Vandalism,Mission Commercial,District 3,37.7572,-122.417557,Street / Sidewalk,Reported Vandalism at Street / Sidewalk
SYN-2025-00924,2025-08-07,00:50:57,Theft / Larceny,Mission Commercial,District 3,37.769425,-122.419809,Parking Facility,Reported Theft / Larceny at Parking Facility
SYN-2025-01802,2025-08-07,03:11:07,Motor Vehicle Theft,Waterfront Marina,District 2,37.806289,-122.440148,Parking Facility,Reported Motor Vehicle Theft at Parking Facility
SYN-2025-02068,2025-08-07,03:28:30,Burglary,South Rail Corridor,District 4,37.776532,-122.433238,Residential Apartment,Reported Burglary at Residential Apartment
SYN-2025-02075,2025-08-07,08:53:07,Burglary,Westside Arts,District 5,37.775421,-122.439499,Commercial Retail,Reported Burglary at Commercial Retail
SYN-2025-01863,2025-08-07,11:17:04,Burglary,South Rail Corridor,District 4,37.744506,-122.390907,Commercial Retail,Reported Burglary at Commercial Retail
SYN-2025-01885,2025-08-07,11:54:57,Burglary,Westside Arts,District 5,37.772507,-122.435546,Residential Apartment,Reported Burglary at Residential Apartment
SYN-2025-01159,2025-08-07,12:12:49,Motor Vehicle Theft,Mission Commercial,District 3,37.765523,-122.410635,Street / Sidewalk,Reported Motor Vehicle Theft at Street / Sidewalk
SYN-2025-02983,2025-08-07,20:24:17,Assault,Mission Commercial,District 3,37.763049,-122.420427,Park / Public Space,Reported Assault at Park / Public Space
SYN-2025-00466,2025-08-07,21:46:04,Vandalism,Westside Arts,District 5,37.779517,-122.438324,Parking Facility,Reported Vandalism at Parking Facility
SYN-2025-00655,2025-08-07,22:59:35,Burglary,Westside Arts,District 5,37.776787,-122.429697,Residential Apartment,Reported Burglary at Residential Apartment
SYN-2025-04474,2025-08-08,00:46:39,Assault,Mission Commercial,District 3,37.763013,-122.414131,Park / Public Space,Reported Assault at Park / Public Space
SYN-2025-00465,2025-08-08,01:22:09,Assault,Downtown Central,District 1,37.778841,-122.412947,Park / Public Space,Reported Assault at Park / Public Space
SYN-2025-03339,2025-08-08,11:22:46,Vandalism,Waterfront Marina,District 2,37.801232,-122.441506,Transit Station,Reported Vandalism at Transit Station
SYN-2025-01785,2025-08-08,11:45:27,Burglary,South Rail Corridor,District 4,37.745562,-122.396566,Commercial Retail,Reported Burglary at Commercial Retail
SYN-2025-04467,2025-08-08,12:23:27,Assault,Downtown Central,District 1,37.77746,-122.424208,Bar / Restaurant,Reported Assault at Bar / Restaurant
SYN-2025-02383,2025-08-08,14:44:16,Public Disorder,Waterfront Marina,District 2,37.804592,-122.423277,Street / Sidewalk,Reported Public Disorder at Street / Sidewalk
SYN-2025-02621,2025-08-08,15:40:37,Fraud,Westside Arts,District 5,37.771785,-122.429854,Street / Sidewalk,Reported Fraud at Street / Sidewalk
SYN-2025-00275,2025-08-08,15:57:03,Vandalism,Downtown Central,District 1,37.783874,-122.414747,Street / Sidewalk,Reported Vandalism at Street / Sidewalk
SYN-2025-00399,2025-08-09,09:59:11,Burglary,Mission Commercial,District 3,37.758976,-122.426352,Residential Apartment,Reported Burglary at Residential Apartment
SYN-2025-02592,2025-08-09,11:02:31,Burglary,Mission Commercial,District 3,37.757686,-122.413423,Residential Apartment,Reported Burglary at Residential Apartment
SYN-2025-02222,2025-08-09,13:18:41,Theft / Larceny,Downtown Central,District 1,37.784836,-122.42005,Transit Station,Reported Theft / Larceny at Transit Station
SYN-2025-00705,2025-08-09,14:15:51,Theft / Larceny,Westside Arts,District 5,37.773641,-122.428838,Residential Apartment,Reported Theft / Larceny at Residential Apartment
SYN-2025-02054,2025-08-09,15:12:17,Burglary,Mission Commercial,District 3,37.763738,-122.423672,Commercial Retail,Reported Burglary at Commercial Retail
SYN-2025-01835,2025-08-09,18:10:09,Public Disorder,Mission Commercial,District 3,37.762027,-122.416149,Street / Sidewalk,Reported Public Disorder at Street / Sidewalk
SYN-2025-00706,2025-08-09,18:33:47,Theft / Larceny,Downtown Central,District 1,37.777597,-122.415331,Residential Apartment,Reported Theft / Larceny at Residential Apartment
SYN-2025-02542,2025-08-09,18:47:00,Public Disorder,Downtown Central,District 1,37.785275,-122.419623,Park / Public Space,Reported Public Disorder at Park / Public Space
SYN-2025-03876,2025-08-09,20:26:57,Assault,Downtown Central,District 1,37.772689,-122.41547,Park / Public Space,Reported Assault at Park / Public Space
SYN-2025-03672,2025-08-09,20:58:28,Assault,Downtown Central,District 1,37.783082,-122.416,Park / Public Space,Reported Assault at Park / Public Space
SYN-2025-01003,2025-08-10,10:31:28,Theft / Larceny,Westside Arts,District 5,37.768742,-122.436134,Parking Facility,Reported Theft / Larceny at Parking Facility
SYN-2025-02462,2025-08-10,10:54:44,Burglary,Westside Arts,District 5,37.777153,-122.435299,Residential Apartment,Reported Burglary at Residential Apartment
SYN-2025-03460,2025-08-10,12:13:15,Burglary,Waterfront Marina,District 2,37.802021,-122.4306,Residential Apartment,Reported Burglary at Residential Apartment
SYN-2025-02572,2025-08-10,17:09:45,Narcotics,Mission Commercial,District 3,37.755755,-122.423327,Bar / Restaurant,Reported Narcotics at Bar / Restaurant
SYN-2025-04451,2025-08-10,17:50:25,Robbery,Downtown Central,District 1,37.783998,-122.417408,Street / Sidewalk,Reported Robbery at Street / Sidewalk
SYN-2025-02906,2025-08-10,17:55:49,Vandalism,Downtown Central,District 1,37.761083,-122.411397,Alleyway,Reported Vandalism at Alleyway
SYN-2025-03771,2025-08-10,23:48:27,Robbery,Downtown Central,District 1,37.771176,-122.406286,Residential Apartment,Reported Robbery at Residential Apartment
SYN-2025-02677,2025-08-11,00:20:54,Motor Vehicle Theft,Downtown Central,District 1,37.777886,-122.419756,Street / Sidewalk,Reported Motor Vehicle Theft at Street / Sidewalk
SYN-2025-02140,2025-08-11,09:25:02,Assault,Downtown Central,District 1,37.807674,-122.422923,Street / Sidewalk,Reported Assault at Street / Sidewalk
SYN-2025-00416,2025-08-11,11:28:24,Motor Vehicle Theft,Mission Commercial,District 3,37.755702,-122.417863,Parking Facility,Reported Motor Vehicle Theft at Parking Facility
SYN-2025-02560,2025-08-11,12:36:30,Theft / Larceny,Downtown Central,District 1,37.783774,-122.41433,Park / Public Space,Reported Theft / Larceny at Park / Public Space
SYN-2025-01916,2025-08-11,14:25:16,Robbery,Westside Arts,District 5,37.777074,-122.431046,Street / Sidewalk,Reported Robbery at Street / Sidewalk
SYN-2025-04443,2025-08-12,10:30:08,Theft / Larceny,Waterfront Marina,District 2,37.805433,-122.432211,Street / Sidewalk,Reported Theft / Larceny at Street / Sidewalk
SYN-2025-00605,2025-08-12,11:37:03,Vandalism,Downtown Central,District 1,37.783295,-122.415518,Parking Facility,Reported Vandalism at Parking Facility
SYN-2025-02793,2025-08-12,15:44:15,Robbery,Downtown Central,District 1,37.773475,-122.415956,Street / Sidewalk,Reported Robbery at Street / Sidewalk
SYN-2025-03820,2025-08-12,16:53:06,Theft / Larceny,Downtown Central,District 1,37.773604,-122.414848,Park / Public Space,Reported Theft / Larceny at Park / Public Space
SYN-2025-00073,2025-08-12,17:01:48,Theft / Larceny,Westside Arts,District 5,37.776973,-122.431117,Street / Sidewalk,Reported Theft / Larceny at Street / Sidewalk
SYN-2025-00426,2025-08-12,19:46:17,Burglary,Waterfront Marina,District 2,37.804229,-122.443854,Commercial Retail,Reported Burglary at Commercial Retail
SYN-2025-04184,2025-08-12,20:58:45,Theft / Larceny,Waterfront Marina,District 2,37.803764,-122.436846,Bar / Restaurant,Reported Theft / Larceny at Bar / Restaurant
SYN-2025-04096,2025-08-12,21:31:23,Theft / Larceny,Downtown Central,District 1,37.785559,-122.417921,Bar / Restaurant,Reported Theft / Larceny at Bar / Restaurant
SYN-2025-00954,2025-08-12,23:58:29,Public Disorder,Downtown Central,District 1,37.778012,-122.417799,Street / Sidewalk,Reported Public Disorder at Street / Sidewalk
SYN-2025-00687,2025-08-13,04:57:41,Burglary,Mission Commercial,District 3,37.757352,-122.422467,Commercial Retail,Reported Burglary at Commercial Retail
SYN-2025-00914,2025-08-13,07:11:45,Vandalism,Waterfront Marina,District 2,37.802392,-122.441737,Alleyway,Reported Vandalism at Alleyway
SYN-2025-01175,2025-08-13,09:49:09,Public Disorder,Downtown Central,District 1,37.78028,-122.417465,Bar / Restaurant,Reported Public Disorder at Bar / Restaurant
SYN-2025-01586,2025-08-13,15:13:43,Theft / Larceny,Mission Commercial,District 3,37.762183,-122.418315,Commercial Retail,Reported Theft / Larceny at Commercial Retail
SYN-2025-03586,2025-08-13,17:24:20,Motor Vehicle Theft,Mission Commercial,District 3,37.760167,-122.421004,Parking Facility,Reported Motor Vehicle Theft at Parking Facility
SYN-2025-03666,2025-08-13,17:30:53,Vandalism,Downtown Central,District 1,37.771868,-122.41689,Bar / Restaurant,Reported Vandalism at Bar / Restaurant
SYN-2025-01592,2025-08-13,18:08:09,Burglary,Mission Commercial,District 3,37.754784,-122.422375,Residential Apartment,Reported Burglary at Residential Apartment
SYN-2025-02134,2025-08-13,20:31:51,Burglary,Mission Commercial,District 3,37.756872,-122.413021,Commercial Retail,Reported Burglary at Commercial Retail
SYN-2025-02483,2025-08-14,09:40:11,Vandalism,Downtown Central,District 1,37.769833,-122.432273,Bar / Restaurant,Reported Vandalism at Bar / Restaurant
SYN-2025-00965,2025-08-14,09:56:06,Theft / Larceny,Westside Arts,District 5,37.780216,-122.434053,Alleyway,Reported Theft / Larceny at Alleyway
SYN-2025-00501,2025-08-14,12:58:05,Vandalism,Downtown Central,District 1,37.777487,-122.410105,Parking Facility,Reported Vandalism at Parking Facility
SYN-2025-04113,2025-08-14,14:51:44,Theft / Larceny,Mission Commercial,District 3,37.76188,-122.402322,Bar / Restaurant,Reported Theft / Larceny at Bar / Restaurant
SYN-2025-03997,2025-08-14,15:18:28,Burglary,Waterfront Marina,District 2,37.799462,-122.433975,Commercial Retail,Reported Burglary at Commercial Retail
SYN-2025-01576,2025-08-14,16:20:35,Burglary,South Rail Corridor,District 4,37.743372,-122.399219,Residential Apartment,Reported Burglary at Residential Apartment
SYN-2025-00303,2025-08-14,18:10:28,Public Disorder,Downtown Central,District 1,37.753501,-122.451622,Street / Sidewalk,Reported Public Disorder at Street / Sidewalk
SYN-2025-01688,2025-08-14,20:23:31,Assault,Waterfront Marina,District 2,37.807921,-122.435085,Bar / Restaurant,Reported Assault at Bar / Restaurant
SYN-2025-01893,2025-08-14,21:53:59,Motor Vehicle Theft,Westside Arts,District 5,37.771422,-122.435926,Street / Sidewalk,Reported Motor Vehicle Theft at Street / Sidewalk
SYN-2025-04252,2025-08-15,01:06:18,Fraud,Westside Arts,District 5,37.770992,-122.441356,Residential Apartment,Reported Fraud at Residential Apartment
SYN-2025-01528,2025-08-15,08:25:18,Narcotics,Mission Commercial,District 3,37.759714,-122.417713,Commercial Retail,Reported Narcotics at Commercial Retail
SYN-2025-03285,2025-08-15,09:52:22,Theft / Larceny,Downtown Central,District 1,37.769692,-122.446789,Bar / Restaurant,Reported Theft / Larceny at Bar / Restaurant
SYN-2025-02762,2025-08-15,12:36:41,Vandalism,Waterfront Marina,District 2,37.80338,-122.43618,Alleyway,Reported Vandalism at Alleyway
SYN-2025-02898,2025-08-15,14:51:23,Theft / Larceny,Downtown Central,District 1,37.779884,-122.417955,Commercial Retail,Reported Theft / Larceny at Commercial Retail
SYN-2025-02356,2025-08-15,17:49:48,Vandalism,Mission Commercial,District 3,37.762821,-122.415501,Bar / Restaurant,Reported Vandalism at Bar / Restaurant
SYN-2025-00174,2025-08-15,18:37:30,Robbery,Downtown Central,District 1,37.778487,-122.418102,Bar / Restaurant,Reported Robbery at Bar / Restaurant
SYN-2025-02642,2025-08-15,19:33:50,Public Disorder,Downtown Central,District 1,37.778463,-122.4171,Street / Sidewalk,Reported Public Disorder at Street / Sidewalk
SYN-2025-02465,2025-08-15,20:19:44,Public Disorder,Westside Arts,District 5,37.773118,-122.432644,Park / Public Space,Reported Public Disorder at Park / Public Space
SYN-2025-02957,2025-08-16,01:51:14,Public Disorder,Westside Arts,District 5,37.775319,-122.43528,Park / Public Space,Reported Public Disorder at Park / Public Space
SYN-2025-03967,2025-08-16,09:09:30,Assault,Downtown Central,District 1,37.780821,-122.416379,Park / Public Space,Reported Assault at Park / Public Space
SYN-2025-00615,2025-08-16,09:32:49,Theft / Larceny,Westside Arts,District 5,37.774467,-122.435285,Commercial Retail,Reported Theft / Larceny at Commercial Retail
SYN-2025-03874,2025-08-16,10:49:30,Public Disorder,Downtown Central,District 1,37.777291,-122.424902,Street / Sidewalk,Reported Public Disorder at Street / Sidewalk
SYN-2025-03481,2025-08-16,12:30:36,Fraud,Westside Arts,District 5,37.778256,-122.433067,Bar / Restaurant,Reported Fraud at Bar / Restaurant
SYN-2025-00764,2025-08-16,19:00:30,Fraud,Westside Arts,District 5,37.774588,-122.437436,Bar / Restaurant,Reported Fraud at Bar / Restaurant
SYN-2025-03515,2025-08-16,22:59:02,Fraud,Mission Commercial,District 3,37.765464,-122.422108,Transit Station,Reported Fraud at Transit Station
SYN-2025-02975,2025-08-17,08:38:00,Robbery,Downtown Central,District 1,37.777865,-122.424886,Bar / Restaurant,Reported Robbery at Bar / Restaurant
SYN-2025-04330,2025-08-17,11:52:54,Assault,Downtown Central,District 1,37.778102,-122.414193,Bar / Restaurant,Reported Assault at Bar / Restaurant
SYN-2025-03945,2025-08-17,12:31:03,Fraud,Westside Arts,District 5,37.776736,-122.435924,Commercial Retail,Reported Fraud at Commercial Retail
SYN-2025-03213,2025-08-17,16:44:11,Theft / Larceny,Downtown Central,District 1,37.775885,-122.417221,Parking Facility,Reported Theft / Larceny at Parking Facility
SYN-2025-00161,2025-08-17,17:46:57,Public Disorder,Westside Arts,District 5,37.80774,-122.453502,Park / Public Space,Reported Public Disorder at Park / Public Space
SYN-2025-00484,2025-08-17,19:55:08,Robbery,Downtown Central,District 1,37.785921,-122.421453,Parking Facility,Reported Robbery at Parking Facility
SYN-2025-04493,2025-08-17,20:28:04,Burglary,Waterfront Marina,District 2,37.801056,-122.437114,Commercial Retail,Reported Burglary at Commercial Retail
SYN-2025-01718,2025-08-17,23:55:14,Public Disorder,Downtown Central,District 1,37.781467,-122.420557,Street / Sidewalk,Reported Public Disorder at Street / Sidewalk
SYN-2025-01466,2025-08-18,08:44:08,Burglary,South Rail Corridor,District 4,37.742604,-122.387013,Residential Apartment,Reported Burglary at Residential Apartment
SYN-2025-03386,2025-08-18,19:05:29,Vandalism,Mission Commercial,District 3,37.761531,-122.416034,Residential Apartment,Reported Vandalism at Residential Apartment
SYN-2025-00390,2025-08-18,19:13:58,Assault,Downtown Central,District 1,37.779722,-122.421524,Park / Public Space,Reported Assault at Park / Public Space
SYN-2025-01819,2025-08-18,19:58:49,Vandalism,Downtown Central,District 1,37.777655,-122.419176,Parking Facility,Reported Vandalism at Parking Facility
SYN-2025-03519,2025-08-19,10:22:38,Assault,Downtown Central,District 1,37.776942,-122.420328,Park / Public Space,Reported Assault at Park / Public Space
SYN-2025-01841,2025-08-19,12:35:34,Assault,Downtown Central,District 1,37.782741,-122.423133,Street / Sidewalk,Reported Assault at Street / Sidewalk
SYN-2025-04490,2025-08-19,15:07:38,Vandalism,South Rail Corridor,District 4,37.749728,-122.394706,Park / Public Space,Reported Vandalism at Park / Public Space
SYN-2025-03503,2025-08-19,20:44:23,Assault,Mission Commercial,District 3,37.763699,-122.410069,Park / Public Space,Reported Assault at Park / Public Space
SYN-2025-03614,2025-08-19,22:34:37,Motor Vehicle Theft,Mission Commercial,District 3,37.753312,-122.42365,Parking Facility,Reported Motor Vehicle Theft at Parking Facility
SYN-2025-00315,2025-08-19,22:59:06,Theft / Larceny,Mission Commercial,District 3,37.765985,-122.42461,Transit Station,Reported Theft / Larceny at Transit Station
SYN-2025-00173,2025-08-20,12:57:46,Burglary,Waterfront Marina,District 2,37.795421,-122.446759,Commercial Retail,Reported Burglary at Commercial Retail
SYN-2025-01361,2025-08-20,15:26:12,Narcotics,Downtown Central,District 1,37.774304,-122.416298,Alleyway,Reported Narcotics at Alleyway
SYN-2025-00329,2025-08-20,18:36:52,Assault,Downtown Central,District 1,37.775479,-122.421166,Bar / Restaurant,Reported Assault at Bar / Restaurant
SYN-2025-01342,2025-08-20,20:14:45,Burglary,Mission Commercial,District 3,37.764212,-122.41396,Residential Apartment,Reported Burglary at Residential Apartment
SYN-2025-00193,2025-08-20,21:28:51,Public Disorder,Downtown Central,District 1,37.784,-122.415102,Street / Sidewalk,Reported Public Disorder at Street / Sidewalk
SYN-2025-01939,2025-08-21,08:02:08,Robbery,Downtown Central,District 1,37.784735,-122.419692,Commercial Retail,Reported Robbery at Commercial Retail
SYN-2025-02015,2025-08-21,09:01:57,Vandalism,Downtown Central,District 1,37.782744,-122.41749,Street / Sidewalk,Reported Vandalism at Street / Sidewalk
SYN-2025-00209,2025-08-21,14:09:12,Vandalism,Downtown Central,District 1,37.774885,-122.423023,Residential Apartment,Reported Vandalism at Residential Apartment
SYN-2025-02189,2025-08-21,19:02:08,Fraud,Westside Arts,District 5,37.774988,-122.432969,Parking Facility,Reported Fraud at Parking Facility
SYN-2025-03186,2025-08-21,21:00:06,Vandalism,Waterfront Marina,District 2,37.807831,-122.439391,Bar / Restaurant,Reported Vandalism at Bar / Restaurant
SYN-2025-03705,2025-08-22,00:25:51,Public Disorder,Downtown Central,District 1,37.778946,-122.416963,Park / Public Space,Reported Public Disorder at Park / Public Space
SYN-2025-02925,2025-08-22,01:45:38,Burglary,Mission Commercial,District 3,37.740215,-122.444882,Commercial Retail,Reported Burglary at Commercial Retail
SYN-2025-00222,2025-08-22,06:39:18,Assault,Waterfront Marina,District 2,37.796386,-122.431728,Bar / Restaurant,Reported Assault at Bar / Restaurant
SYN-2025-02429,2025-08-22,08:41:06,Vandalism,Downtown Central,District 1,37.785022,-122.419556,Commercial Retail,Reported Vandalism at Commercial Retail
SYN-2025-00790,2025-08-22,14:32:40,Fraud,Westside Arts,District 5,37.769288,-122.440122,Street / Sidewalk,Reported Fraud at Street / Sidewalk
SYN-2025-00380,2025-08-22,20:22:59,Theft / Larceny,Mission Commercial,District 3,37.758201,-122.410034,Transit Station,Reported Theft / Larceny at Transit Station
SYN-2025-00407,2025-08-22,20:27:36,Theft / Larceny,Mission Commercial,District 3,37.754014,-122.41537,Bar / Restaurant,Reported Theft / Larceny at Bar / Restaurant
SYN-2025-03268,2025-08-22,21:52:28,Public Disorder,Waterfront Marina,District 2,37.800697,-122.430286,Bar / Restaurant,Reported Public Disorder at Bar / Restaurant
SYN-2025-01464,2025-08-22,23:56:28,Robbery,Downtown Central,District 1,37.773125,-122.414001,Residential Apartment,Reported Robbery at Residential Apartment
SYN-2025-04350,2025-08-23,01:16:37,Theft / Larceny,Downtown Central,District 1,37.776677,-122.423945,Street / Sidewalk,Reported Theft / Larceny at Street / Sidewalk
SYN-2025-03104,2025-08-23,11:38:30,Burglary,Westside Arts,District 5,37.78035,-122.440407,Residential Apartment,Reported Burglary at Residential Apartment
SYN-2025-03438,2025-08-23,11:43:34,Theft / Larceny,Downtown Central,District 1,37.779205,-122.415388,Transit Station,Reported Theft / Larceny at Transit Station
SYN-2025-02521,2025-08-23,13:33:41,Theft / Larceny,Westside Arts,District 5,37.77489,-122.435286,Parking Facility,Reported Theft / Larceny at Parking Facility
SYN-2025-04347,2025-08-23,14:29:03,Theft / Larceny,Mission Commercial,District 3,37.762141,-122.415465,Bar / Restaurant,Reported Theft / Larceny at Bar / Restaurant
SYN-2025-00417,2025-08-23,15:16:04,Motor Vehicle Theft,Mission Commercial,District 3,37.760438,-122.415543,Street / Sidewalk,Reported Motor Vehicle Theft at Street / Sidewalk
SYN-2025-03422,2025-08-23,15:28:11,Assault,Downtown Central,District 1,37.784566,-122.420661,Street / Sidewalk,Reported Assault at Street / Sidewalk
SYN-2025-01585,2025-08-23,18:05:19,Theft / Larceny,Downtown Central,District 1,37.804092,-122.387068,Residential Apartment,Reported Theft / Larceny at Residential Apartment
SYN-2025-01053,2025-08-23,22:43:12,Assault,Downtown Central,District 1,37.783607,-122.411982,Park / Public Space,Reported Assault at Park / Public Space
SYN-2025-03309,2025-08-24,10:45:19,Motor Vehicle Theft,Downtown Central,District 1,37.78223,-122.397242,Parking Facility,Reported Motor Vehicle Theft at Parking Facility
SYN-2025-02626,2025-08-24,14:40:42,Public Disorder,Waterfront Marina,District 2,37.802086,-122.438326,Park / Public Space,Reported Public Disorder at Park / Public Space
SYN-2025-04052,2025-08-24,16:00:33,Vandalism,Downtown Central,District 1,37.783502,-122.406719,Park / Public Space,Reported Vandalism at Park / Public Space
SYN-2025-00081,2025-08-24,17:55:09,Burglary,Mission Commercial,District 3,37.755754,-122.420188,Commercial Retail,Reported Burglary at Commercial Retail
SYN-2025-02248,2025-08-24,18:03:23,Theft / Larceny,Mission Commercial,District 3,37.76206,-122.417209,Street / Sidewalk,Reported Theft / Larceny at Street / Sidewalk
SYN-2025-02123,2025-08-24,20:00:45,Theft / Larceny,Downtown Central,District 1,37.782627,-122.417126,Transit Station,Reported Theft / Larceny at Transit Station
SYN-2025-02716,2025-08-24,21:50:07,Theft / Larceny,Westside Arts,District 5,37.737674,-122.438904,Bar / Restaurant,Reported Theft / Larceny at Bar / Restaurant
SYN-2025-03182,2025-08-24,22:10:03,Motor Vehicle Theft,Westside Arts,District 5,37.773963,-122.438321,Street / Sidewalk,Reported Motor Vehicle Theft at Street / Sidewalk
SYN-2025-01610,2025-08-25,15:58:16,Assault,Downtown Central,District 1,37.767996,-122.420113,Street / Sidewalk,Reported Assault at Street / Sidewalk
SYN-2025-01674,2025-08-25,18:06:02,Assault,Downtown Central,District 1,37.779107,-122.427683,Bar / Restaurant,Reported Assault at Bar / Restaurant
SYN-2025-01045,2025-08-25,19:14:19,Theft / Larceny,Mission Commercial,District 3,37.754977,-122.414519,Bar / Restaurant,Reported Theft / Larceny at Bar / Restaurant
SYN-2025-00708,2025-08-25,19:55:16,Theft / Larceny,Mission Commercial,District 3,37.766143,-122.421089,Alleyway,Reported Theft / Larceny at Alleyway
SYN-2025-01794,2025-08-25,23:36:27,Narcotics,Westside Arts,District 5,37.809446,-122.414765,Alleyway,Reported Narcotics at Alleyway
SYN-2025-04145,2025-08-26,10:50:32,Motor Vehicle Theft,South Rail Corridor,District 4,37.746572,-122.39186,Street / Sidewalk,Reported Motor Vehicle Theft at Street / Sidewalk
SYN-2025-03158,2025-08-26,13:49:35,Assault,Downtown Central,District 1,37.781389,-122.407215,Bar / Restaurant,Reported Assault at Bar / Restaurant
SYN-2025-01951,2025-08-26,15:43:14,Theft / Larceny,Downtown Central,District 1,37.779186,-122.411789,Commercial Retail,Reported Theft / Larceny at Commercial Retail
SYN-2025-03164,2025-08-26,16:52:35,Vandalism,Downtown Central,District 1,37.784645,-122.417189,Street / Sidewalk,Reported Vandalism at Street / Sidewalk
SYN-2025-00391,2025-08-26,18:18:08,Assault,Mission Commercial,District 3,37.762949,-122.418803,Street / Sidewalk,Reported Assault at Street / Sidewalk
SYN-2025-03178,2025-08-26,19:07:28,Narcotics,Downtown Central,District 1,37.779936,-122.411913,Parking Facility,Reported Narcotics at Parking Facility
SYN-2025-00242,2025-08-27,06:08:20,Assault,Downtown Central,District 1,37.782003,-122.413306,Bar / Restaurant,Reported Assault at Bar / Restaurant
SYN-2025-03665,2025-08-27,07:00:30,Motor Vehicle Theft,South Rail Corridor,District 4,37.758698,-122.39016,Street / Sidewalk,Reported Motor Vehicle Theft at Street / Sidewalk
SYN-2025-01623,2025-08-27,09:42:27,Assault,Mission Commercial,District 3,37.752537,-122.41299,Street / Sidewalk,Reported Assault at Street / Sidewalk
SYN-2025-00963,2025-08-27,15:20:48,Assault,South Rail Corridor,District 4,37.736597,-122.392352,Park / Public Space,Reported Assault at Park / Public Space
SYN-2025-01116,2025-08-27,15:39:46,Burglary,Waterfront Marina,District 2,37.805686,-122.43347,Commercial Retail,Reported Burglary at Commercial Retail
SYN-2025-03209,2025-08-27,15:45:58,Assault,Waterfront Marina,District 2,37.808725,-122.438224,Street / Sidewalk,Reported Assault at Street / Sidewalk
SYN-2025-01236,2025-08-27,15:57:06,Assault,Mission Commercial,District 3,37.768498,-122.4225,Park / Public Space,Reported Assault at Park / Public Space
SYN-2025-03713,2025-08-27,20:29:42,Robbery,Downtown Central,District 1,37.75964,-122.434766,Transit Station,Reported Robbery at Transit Station
SYN-2025-02423,2025-08-27,21:08:58,Motor Vehicle Theft,Westside Arts,District 5,37.777901,-122.443249,Parking Facility,Reported Motor Vehicle Theft at Parking Facility
SYN-2025-02551,2025-08-28,06:06:51,Theft / Larceny,Westside Arts,District 5,37.75515,-122.393543,Bar / Restaurant,Reported Theft / Larceny at Bar / Restaurant
SYN-2025-02729,2025-08-28,11:04:29,Theft / Larceny,Downtown Central,District 1,37.780572,-122.416747,Bar / Restaurant,Reported Theft / Larceny at Bar / Restaurant
SYN-2025-01783,2025-08-28,12:35:31,Motor Vehicle Theft,Mission Commercial,District 3,37.760287,-122.41971,Parking Facility,Reported Motor Vehicle Theft at Parking Facility
SYN-2025-01681,2025-08-28,13:54:04,Robbery,Mission Commercial,District 3,37.760071,-122.418154,Street / Sidewalk,Reported Robbery at Street / Sidewalk
SYN-2025-02292,2025-08-28,17:02:00,Theft / Larceny,Downtown Central,District 1,37.78012,-122.420268,Transit Station,Reported Theft / Larceny at Transit Station
SYN-2025-01678,2025-08-28,17:02:33,Motor Vehicle Theft,Westside Arts,District 5,37.772132,-122.435897,Street / Sidewalk,Reported Motor Vehicle Theft at Street / Sidewalk
SYN-2025-03033,2025-08-28,17:59:19,Burglary,Mission Commercial,District 3,37.761222,-122.413761,Commercial Retail,Reported Burglary at Commercial Retail
SYN-2025-01396,2025-08-28,20:06:52,Public Disorder,Downtown Central,District 1,37.779083,-122.406582,Bar / Restaurant,Reported Public Disorder at Bar / Restaurant
SYN-2025-03198,2025-08-29,06:37:55,Burglary,Downtown Central,District 1,37.773305,-122.420267,Commercial Retail,Reported Burglary at Commercial Retail
SYN-2025-02786,2025-08-29,10:45:19,Fraud,Westside Arts,District 5,37.774996,-122.428855,Parking Facility,Reported Fraud at Parking Facility
SYN-2025-02733,2025-08-29,11:14:14,Fraud,Westside Arts,District 5,37.778111,-122.43657,Bar / Restaurant,Reported Fraud at Bar / Restaurant
SYN-2025-04464,2025-08-29,12:41:07,Motor Vehicle Theft,South Rail Corridor,District 4,37.745058,-122.393379,Street / Sidewalk,Reported Motor Vehicle Theft at Street / Sidewalk
SYN-2025-02030,2025-08-29,14:00:51,Vandalism,Mission Commercial,District 3,37.763462,-122.425144,Residential Apartment,Reported Vandalism at Residential Apartment
SYN-2025-00877,2025-08-29,20:50:32,Assault,Mission Commercial,District 3,37.759092,-122.41597,Street / Sidewalk,Reported Assault at Street / Sidewalk
SYN-2025-01695,2025-08-30,00:30:16,Public Disorder,South Rail Corridor,District 4,37.739182,-122.392258,Park / Public Space,Reported Public Disorder at Park / Public Space
SYN-2025-02582,2025-08-30,08:03:42,Theft / Larceny,Downtown Central,District 1,37.769767,-122.414774,Park / Public Space,Reported Theft / Larceny at Park / Public Space
SYN-2025-03247,2025-08-30,14:44:32,Burglary,Waterfront Marina,District 2,37.803898,-122.438425,Residential Apartment,Reported Burglary at Residential Apartment
SYN-2025-00981,2025-08-30,15:00:27,Public Disorder,Mission Commercial,District 3,37.758077,-122.416362,Bar / Restaurant,Reported Public Disorder at Bar / Restaurant
SYN-2025-01335,2025-08-30,15:02:31,Theft / Larceny,Downtown Central,District 1,37.77455,-122.413015,Alleyway,Reported Theft / Larceny at Alleyway
SYN-2025-00623,2025-08-30,19:41:25,Fraud,Mission Commercial,District 3,37.762647,-122.41548,Alleyway,Reported Fraud at Alleyway
SYN-2025-01860,2025-08-30,22:21:20,Public Disorder,Downtown Central,District 1,37.77969,-122.424828,Park / Public Space,Reported Public Disorder at Park / Public Space
SYN-2025-04477,2025-08-30,23:23:10,Theft / Larceny,Westside Arts,District 5,37.776971,-122.433642,Park / Public Space,Reported Theft / Larceny at Park / Public Space
SYN-2025-04085,2025-08-31,08:31:49,Vandalism,Downtown Central,District 1,37.785273,-122.417668,Park / Public Space,Reported Vandalism at Park / Public Space
SYN-2025-04020,2025-08-31,11:28:02,Assault,Mission Commercial,District 3,37.771507,-122.410729,Park / Public Space,Reported Assault at Park / Public Space
SYN-2025-03743,2025-08-31,12:10:19,Public Disorder,Waterfront Marina,District 2,37.800585,-122.441874,Park / Public Space,Reported Public Disorder at Park / Public Space
SYN-2025-03813,2025-08-31,15:07:23,Fraud,Westside Arts,District 5,37.781777,-122.432779,Transit Station,Reported Fraud at Transit Station
SYN-2025-02454,2025-08-31,17:30:59,Assault,Downtown Central,District 1,37.782619,-122.415981,Bar / Restaurant,Reported Assault at Bar / Restaurant
SYN-2025-02758,2025-08-31,19:03:49,Assault,Westside Arts,District 5,37.776063,-122.435508,Street / Sidewalk,Reported Assault at Street / Sidewalk
SYN-2025-03651,2025-08-31,19:03:56,Assault,Mission Commercial,District 3,37.761602,-122.415722,Bar / Restaurant,Reported Assault at Bar / Restaurant
SYN-2025-00265,2025-08-31,21:00:23,Theft / Larceny,South Rail Corridor,District 4,37.745115,-122.400668,Bar / Restaurant,Reported Theft / Larceny at Bar / Restaurant
SYN-2025-02894,2025-08-31,22:07:13,Motor Vehicle Theft,Waterfront Marina,District 2,37.797793,-122.437062,Street / Sidewalk,Reported Motor Vehicle Theft at Street / Sidewalk
SYN-2025-02938,2025-08-31,22:59:00,Theft / Larceny,Mission Commercial,District 3,37.758731,-122.415152,Bar / Restaurant,Reported Theft / Larceny at Bar / Restaurant
SYN-2025-04411,2025-09-01,01:46:03,Assault,Downtown Central,District 1,37.775226,-122.424595,Bar / Restaurant,Reported Assault at Bar / Restaurant
SYN-2025-00470,2025-09-01,07:27:18,Vandalism,Waterfront Marina,District 2,37.800739,-122.437607,Park / Public Space,Reported Vandalism at Park / Public Space
SYN-2025-01737,2025-09-01,10:53:28,Vandalism,Mission Commercial,District 3,37.761102,-122.412253,Commercial Retail,Reported Vandalism at Commercial Retail
SYN-2025-02731,2025-09-01,10:59:02,Theft / Larceny,Mission Commercial,District 3,37.753964,-122.422015,Commercial Retail,Reported Theft / Larceny at Commercial Retail
SYN-2025-02063,2025-09-01,15:21:40,Burglary,Waterfront Marina,District 2,37.799249,-122.434748,Commercial Retail,Reported Burglary at Commercial Retail
SYN-2025-00115,2025-09-02,02:10:48,Assault,Westside Arts,District 5,37.77063,-122.432739,Street / Sidewalk,Reported Assault at Street / Sidewalk
SYN-2025-03822,2025-09-02,10:04:23,Public Disorder,Downtown Central,District 1,37.77658,-122.409797,Street / Sidewalk,Reported Public Disorder at Street / Sidewalk
SYN-2025-00060,2025-09-02,11:00:33,Motor Vehicle Theft,South Rail Corridor,District 4,37.74944,-122.400567,Parking Facility,Reported Motor Vehicle Theft at Parking Facility
SYN-2025-00243,2025-09-02,13:11:31,Assault,Westside Arts,District 5,37.776009,-122.433073,Park / Public Space,Reported Assault at Park / Public Space
SYN-2025-03076,2025-09-02,13:33:16,Burglary,Mission Commercial,District 3,37.760972,-122.41623,Commercial Retail,Reported Burglary at Commercial Retail
SYN-2025-04376,2025-09-02,17:37:39,Narcotics,South Rail Corridor,District 4,37.749513,-122.398619,Commercial Retail,Reported Narcotics at Commercial Retail
SYN-2025-02971,2025-09-02,17:58:38,Public Disorder,Downtown Central,District 1,37.779929,-122.420829,Park / Public Space,Reported Public Disorder at Park / Public Space
SYN-2025-01879,2025-09-02,18:25:08,Fraud,Westside Arts,District 5,37.775482,-122.437603,Commercial Retail,Reported Fraud at Commercial Retail
SYN-2025-01494,2025-09-02,18:26:58,Robbery,Downtown Central,District 1,37.775588,-122.419813,Residential Apartment,Reported Robbery at Residential Apartment
SYN-2025-04194,2025-09-02,19:17:57,Theft / Larceny,Waterfront Marina,District 2,37.801979,-122.436189,Street / Sidewalk,Reported Theft / Larceny at Street / Sidewalk
SYN-2025-00440,2025-09-03,00:23:12,Assault,Mission Commercial,District 3,37.75874,-122.424625,Street / Sidewalk,Reported Assault at Street / Sidewalk
SYN-2025-02833,2025-09-03,18:41:58,Theft / Larceny,Downtown Central,District 1,37.780168,-122.416474,Street / Sidewalk,Reported Theft / Larceny at Street / Sidewalk
SYN-2025-03511,2025-09-03,22:21:17,Robbery,South Rail Corridor,District 4,37.749461,-122.383775,Alleyway,Reported Robbery at Alleyway
SYN-2025-02285,2025-09-04,03:23:06,Theft / Larceny,Mission Commercial,District 3,37.756595,-122.414178,Park / Public Space,Reported Theft / Larceny at Park / Public Space
SYN-2025-02538,2025-09-04,11:09:03,Burglary,Mission Commercial,District 3,37.817453,-122.386583,Residential Apartment,Reported Burglary at Residential Apartment
SYN-2025-02422,2025-09-04,12:04:27,Fraud,Westside Arts,District 5,37.773649,-122.440592,Transit Station,Reported Fraud at Transit Station
SYN-2025-02992,2025-09-04,12:36:49,Motor Vehicle Theft,Mission Commercial,District 3,37.759824,-122.420072,Parking Facility,Reported Motor Vehicle Theft at Parking Facility
SYN-2025-04327,2025-09-04,16:45:28,Vandalism,Waterfront Marina,District 2,37.803784,-122.432117,Parking Facility,Reported Vandalism at Parking Facility
SYN-2025-03177,2025-09-04,19:31:16,Theft / Larceny,Mission Commercial,District 3,37.753554,-122.414514,Parking Facility,Reported Theft / Larceny at Parking Facility
SYN-2025-03139,2025-09-04,20:30:01,Motor Vehicle Theft,Westside Arts,District 5,37.777258,-122.433057,Parking Facility,Reported Motor Vehicle Theft at Parking Facility
SYN-2025-02697,2025-09-04,23:23:06,Motor Vehicle Theft,Westside Arts,District 5,37.776131,-122.431158,Parking Facility,Reported Motor Vehicle Theft at Parking Facility
SYN-2025-00117,2025-09-05,10:13:49,Assault,Downtown Central,District 1,37.773906,-122.416916,Street / Sidewalk,Reported Assault at Street / Sidewalk
SYN-2025-04386,2025-09-05,10:37:18,Assault,Westside Arts,District 5,37.770244,-122.432912,Street / Sidewalk,Reported Assault at Street / Sidewalk
SYN-2025-02743,2025-09-05,11:08:30,Narcotics,Westside Arts,District 5,37.774846,-122.444316,Bar / Restaurant,Reported Narcotics at Bar / Restaurant
SYN-2025-01831,2025-09-05,12:17:29,Public Disorder,Downtown Central,District 1,37.774897,-122.413025,Street / Sidewalk,Reported Public Disorder at Street / Sidewalk
SYN-2025-01134,2025-09-05,13:01:20,Theft / Larceny,Westside Arts,District 5,37.775737,-122.43523,Alleyway,Reported Theft / Larceny at Alleyway
SYN-2025-01883,2025-09-05,14:19:17,Motor Vehicle Theft,Mission Commercial,District 3,37.762715,-122.41567,Street / Sidewalk,Reported Motor Vehicle Theft at Street / Sidewalk
SYN-2025-01597,2025-09-05,14:46:05,Public Disorder,Mission Commercial,District 3,37.76543,-122.413218,Bar / Restaurant,Reported Public Disorder at Bar / Restaurant
SYN-2025-02129,2025-09-05,18:05:34,Burglary,Waterfront Marina,District 2,37.804584,-122.435604,Commercial Retail,Reported Burglary at Commercial Retail
SYN-2025-02826,2025-09-05,19:09:57,Burglary,Mission Commercial,District 3,37.759811,-122.418922,Commercial Retail,Reported Burglary at Commercial Retail
SYN-2025-00080,2025-09-05,20:55:04,Vandalism,Downtown Central,District 1,37.778172,-122.413043,Transit Station,Reported Vandalism at Transit Station
SYN-2025-03805,2025-09-05,21:09:32,Theft / Larceny,Downtown Central,District 1,37.774177,-122.417161,Parking Facility,Reported Theft / Larceny at Parking Facility
SYN-2025-02105,2025-09-05,23:25:00,Assault,Downtown Central,District 1,37.776067,-122.42151,Bar / Restaurant,Reported Assault at Bar / Restaurant
SYN-2025-00788,2025-09-05,23:45:34,Burglary,Waterfront Marina,District 2,37.791944,-122.444293,Commercial Retail,Reported Burglary at Commercial Retail
SYN-2025-02484,2025-09-06,09:22:14,Vandalism,Downtown Central,District 1,37.787185,-122.413432,Transit Station,Reported Vandalism at Transit Station
SYN-2025-00328,2025-09-06,13:20:43,Theft / Larceny,Downtown Central,District 1,37.778704,-122.41201,Alleyway,Reported Theft / Larceny at Alleyway
SYN-2025-03036,2025-09-06,13:45:34,Public Disorder,Westside Arts,District 5,37.779021,-122.433144,Park / Public Space,Reported Public Disorder at Park / Public Space
SYN-2025-01518,2025-09-06,21:04:03,Vandalism,Downtown Central,District 1,37.790148,-122.394855,Residential Apartment,Reported Vandalism at Residential Apartment
SYN-2025-02102,2025-09-07,09:58:47,Fraud,Westside Arts,District 5,37.775055,-122.440865,Residential Apartment,Reported Fraud at Residential Apartment
SYN-2025-00821,2025-09-07,12:58:45,Motor Vehicle Theft,Westside Arts,District 5,37.775295,-122.433239,Parking Facility,Reported Motor Vehicle Theft at Parking Facility
SYN-2025-02479,2025-09-07,14:44:57,Motor Vehicle Theft,South Rail Corridor,District 4,37.754767,-122.392733,Parking Facility,Reported Motor Vehicle Theft at Parking Facility
SYN-2025-02218,2025-09-07,21:42:09,Theft / Larceny,Westside Arts,District 5,37.77537,-122.437433,Bar / Restaurant,Reported Theft / Larceny at Bar / Restaurant
SYN-2025-02398,2025-09-07,23:10:14,Vandalism,Waterfront Marina,District 2,37.804657,-122.436737,Commercial Retail,Reported Vandalism at Commercial Retail
SYN-2025-01497,2025-09-08,05:28:17,Vandalism,Downtown Central,District 1,37.786739,-122.415194,Commercial Retail,Reported Vandalism at Commercial Retail
SYN-2025-04495,2025-09-08,11:17:19,Narcotics,South Rail Corridor,District 4,37.747353,-122.391196,Residential Apartment,Reported Narcotics at Residential Apartment
SYN-2025-02964,2025-09-08,16:39:13,Narcotics,Downtown Central,District 1,37.775951,-122.418486,Residential Apartment,Reported Narcotics at Residential Apartment
SYN-2025-02064,2025-09-09,00:51:02,Motor Vehicle Theft,Mission Commercial,District 3,37.756939,-122.417497,Street / Sidewalk,Reported Motor Vehicle Theft at Street / Sidewalk
SYN-2025-04393,2025-09-09,13:13:06,Motor Vehicle Theft,Mission Commercial,District 3,37.759418,-122.419285,Parking Facility,Reported Motor Vehicle Theft at Parking Facility
SYN-2025-03273,2025-09-09,14:05:48,Assault,Mission Commercial,District 3,37.760868,-122.421031,Park / Public Space,Reported Assault at Park / Public Space
SYN-2025-00770,2025-09-09,15:11:12,Narcotics,Downtown Central,District 1,37.777505,-122.411342,Transit Station,Reported Narcotics at Transit Station
SYN-2025-02622,2025-09-09,15:31:05,Assault,Waterfront Marina,District 2,37.766972,-122.423848,Bar / Restaurant,Reported Assault at Bar / Restaurant
SYN-2025-02618,2025-09-09,19:23:34,Robbery,Downtown Central,District 1,37.782641,-122.422802,Transit Station,Reported Robbery at Transit Station
SYN-2025-03878,2025-09-09,22:27:43,Assault,Mission Commercial,District 3,37.763132,-122.420074,Bar / Restaurant,Reported Assault at Bar / Restaurant
SYN-2025-04292,2025-09-10,07:16:14,Theft / Larceny,Westside Arts,District 5,37.777442,-122.435018,Transit Station,Reported Theft / Larceny at Transit Station
SYN-2025-04201,2025-09-10,10:43:54,Robbery,Downtown Central,District 1,37.774655,-122.421695,Bar / Restaurant,Reported Robbery at Bar / Restaurant
SYN-2025-00845,2025-09-10,11:34:07,Motor Vehicle Theft,Westside Arts,District 5,37.772889,-122.432538,Parking Facility,Reported Motor Vehicle Theft at Parking Facility
SYN-2025-00541,2025-09-10,17:09:42,Vandalism,Mission Commercial,District 3,37.760219,-122.416483,Transit Station,Reported Vandalism at Transit Station
SYN-2025-02874,2025-09-10,18:14:37,Robbery,Waterfront Marina,District 2,37.801447,-122.435013,Alleyway,Reported Robbery at Alleyway
SYN-2025-03911,2025-09-10,19:11:35,Motor Vehicle Theft,Westside Arts,District 5,37.7801,-122.434657,Street / Sidewalk,Reported Motor Vehicle Theft at Street / Sidewalk
SYN-2025-03157,2025-09-10,22:15:44,Vandalism,Waterfront Marina,District 2,37.799233,-122.443464,Commercial Retail,Reported Vandalism at Commercial Retail
SYN-2025-03676,2025-09-10,22:30:59,Theft / Larceny,Westside Arts,District 5,37.771268,-122.436062,Park / Public Space,Reported Theft / Larceny at Park / Public Space
SYN-2025-03223,2025-09-11,00:54:21,Theft / Larceny,Westside Arts,District 5,37.780798,-122.440249,Alleyway,Reported Theft / Larceny at Alleyway
SYN-2025-01558,2025-09-11,08:30:00,Public Disorder,Downtown Central,District 1,37.781754,-122.420485,Park / Public Space,Reported Public Disorder at Park / Public Space
SYN-2025-00625,2025-09-11,09:39:39,Theft / Larceny,Downtown Central,District 1,37.781103,-122.410249,Alleyway,Reported Theft / Larceny at Alleyway
SYN-2025-01038,2025-09-11,10:50:26,Vandalism,Downtown Central,District 1,37.779334,-122.406489,Parking Facility,Reported Vandalism at Parking Facility
SYN-2025-04164,2025-09-11,11:01:59,Burglary,Downtown Central,District 1,37.782161,-122.40652,Commercial Retail,Reported Burglary at Commercial Retail
SYN-2025-02142,2025-09-11,11:21:14,Theft / Larceny,Mission Commercial,District 3,37.763658,-122.415531,Street / Sidewalk,Reported Theft / Larceny at Street / Sidewalk
SYN-2025-02021,2025-09-11,14:10:48,Assault,Mission Commercial,District 3,37.753325,-122.422275,Bar / Restaurant,Reported Assault at Bar / Restaurant
SYN-2025-01343,2025-09-11,14:23:50,Burglary,Westside Arts,District 5,37.778202,-122.432473,Commercial Retail,Reported Burglary at Commercial Retail
SYN-2025-02385,2025-09-11,15:08:06,Narcotics,Mission Commercial,District 3,37.757429,-122.417632,Transit Station,Reported Narcotics at Transit Station
SYN-2025-01282,2025-09-11,15:46:43,Public Disorder,Mission Commercial,District 3,37.762486,-122.418901,Street / Sidewalk,Reported Public Disorder at Street / Sidewalk
SYN-2025-04257,2025-09-11,17:24:20,Vandalism,Mission Commercial,District 3,37.760129,-122.414822,Parking Facility,Reported Vandalism at Parking Facility
SYN-2025-03678,2025-09-11,19:59:06,Burglary,Downtown Central,District 1,37.779617,-122.417241,Residential Apartment,Reported Burglary at Residential Apartment
SYN-2025-04162,2025-09-12,13:37:42,Theft / Larceny,Westside Arts,District 5,37.779893,-122.429615,Parking Facility,Reported Theft / Larceny at Parking Facility
SYN-2025-01540,2025-09-12,18:32:35,Theft / Larceny,Westside Arts,District 5,37.765788,-122.435436,Alleyway,Reported Theft / Larceny at Alleyway
SYN-2025-04419,2025-09-13,09:28:03,Public Disorder,Downtown Central,District 1,37.777357,-122.426485,Park / Public Space,Reported Public Disorder at Park / Public Space
SYN-2025-00015,2025-09-13,10:34:48,Theft / Larceny,Westside Arts,District 5,37.773355,-122.438068,Transit Station,Reported Theft / Larceny at Transit Station
SYN-2025-03152,2025-09-13,11:49:23,Theft / Larceny,Westside Arts,District 5,37.775234,-122.431873,Bar / Restaurant,Reported Theft / Larceny at Bar / Restaurant
SYN-2025-01857,2025-09-13,14:29:58,Theft / Larceny,Mission Commercial,District 3,37.757053,-122.419625,Bar / Restaurant,Reported Theft / Larceny at Bar / Restaurant
SYN-2025-03038,2025-09-13,14:58:14,Burglary,Mission Commercial,District 3,37.768629,-122.416491,Commercial Retail,Reported Burglary at Commercial Retail
SYN-2025-01139,2025-09-13,16:01:28,Assault,Mission Commercial,District 3,37.763037,-122.424666,Street / Sidewalk,Reported Assault at Street / Sidewalk
SYN-2025-03594,2025-09-13,16:33:47,Assault,Downtown Central,District 1,37.774893,-122.409551,Park / Public Space,Reported Assault at Park / Public Space
SYN-2025-02119,2025-09-14,15:02:58,Public Disorder,Westside Arts,District 5,37.771898,-122.44363,Street / Sidewalk,Reported Public Disorder at Street / Sidewalk
SYN-2025-01034,2025-09-15,12:45:49,Vandalism,Westside Arts,District 5,37.771554,-122.431717,Park / Public Space,Reported Vandalism at Park / Public Space
SYN-2025-04268,2025-09-15,14:42:38,Assault,Downtown Central,District 1,37.78094,-122.409828,Park / Public Space,Reported Assault at Park / Public Space
SYN-2025-01897,2025-09-15,18:40:53,Public Disorder,Downtown Central,District 1,37.772291,-122.425037,Park / Public Space,Reported Public Disorder at Park / Public Space
SYN-2025-02261,2025-09-15,19:50:42,Theft / Larceny,Downtown Central,District 1,37.776779,-122.417001,Residential Apartment,Reported Theft / Larceny at Residential Apartment
SYN-2025-03001,2025-09-15,21:12:03,Assault,Downtown Central,District 1,37.771338,-122.416775,Park / Public Space,Reported Assault at Park / Public Space
SYN-2025-00911,2025-09-15,22:21:28,Public Disorder,Waterfront Marina,District 2,37.80317,-122.437462,Street / Sidewalk,Reported Public Disorder at Street / Sidewalk
SYN-2025-03170,2025-09-16,02:31:22,Vandalism,Downtown Central,District 1,37.778143,-122.421905,Transit Station,Reported Vandalism at Transit Station
SYN-2025-02849,2025-09-16,04:48:51,Narcotics,Downtown Central,District 1,37.773939,-122.418294,Transit Station,Reported Narcotics at Transit Station
SYN-2025-01199,2025-09-16,10:03:25,Robbery,Downtown Central,District 1,37.776456,-122.416481,Bar / Restaurant,Reported Robbery at Bar / Restaurant
SYN-2025-04093,2025-09-16,16:10:16,Theft / Larceny,Downtown Central,District 1,37.775346,-122.415298,Commercial Retail,Reported Theft / Larceny at Commercial Retail
SYN-2025-02095,2025-09-16,19:00:08,Vandalism,South Rail Corridor,District 4,37.7556,-122.401782,Bar / Restaurant,Reported Vandalism at Bar / Restaurant
SYN-2025-03858,2025-09-17,08:12:57,Burglary,Mission Commercial,District 3,37.754876,-122.421687,Commercial Retail,Reported Burglary at Commercial Retail
SYN-2025-01543,2025-09-17,13:09:54,Fraud,Westside Arts,District 5,37.778874,-122.429383,Alleyway,Reported Fraud at Alleyway
SYN-2025-01693,2025-09-17,15:51:06,Burglary,South Rail Corridor,District 4,37.759077,-122.386388,Commercial Retail,Reported Burglary at Commercial Retail
SYN-2025-02473,2025-09-17,17:11:44,Vandalism,Downtown Central,District 1,37.789315,-122.420662,Residential Apartment,Reported Vandalism at Residential Apartment
SYN-2025-00694,2025-09-17,17:54:06,Theft / Larceny,Waterfront Marina,District 2,37.8042,-122.434984,Commercial Retail,Reported Theft / Larceny at Commercial Retail
SYN-2025-02493,2025-09-17,18:33:27,Assault,Mission Commercial,District 3,37.756049,-122.417905,Park / Public Space,Reported Assault at Park / Public Space
SYN-2025-04037,2025-09-17,22:26:16,Burglary,Westside Arts,District 5,37.778959,-122.441001,Commercial Retail,Reported Burglary at Commercial Retail
SYN-2025-03289,2025-09-18,15:12:56,Fraud,South Rail Corridor,District 4,37.763726,-122.387044,Transit Station,Reported Fraud at Transit Station
SYN-2025-00504,2025-09-18,16:40:33,Narcotics,South Rail Corridor,District 4,37.751504,-122.395548,Transit Station,Reported Narcotics at Transit Station
SYN-2025-04315,2025-09-18,19:41:25,Fraud,Downtown Central,District 1,37.778939,-122.424579,Alleyway,Reported Fraud at Alleyway
SYN-2025-03112,2025-09-19,00:51:47,Theft / Larceny,Mission Commercial,District 3,37.762544,-122.418159,Bar / Restaurant,Reported Theft / Larceny at Bar / Restaurant
SYN-2025-03731,2025-09-19,18:25:44,Motor Vehicle Theft,Downtown Central,District 1,37.781493,-122.406835,Street / Sidewalk,Reported Motor Vehicle Theft at Street / Sidewalk
SYN-2025-00979,2025-09-19,19:36:50,Assault,Waterfront Marina,District 2,37.806005,-122.431691,Street / Sidewalk,Reported Assault at Street / Sidewalk
SYN-2025-00993,2025-09-19,20:39:07,Motor Vehicle Theft,Mission Commercial,District 3,37.759737,-122.424025,Street / Sidewalk,Reported Motor Vehicle Theft at Street / Sidewalk
SYN-2025-02840,2025-09-19,20:50:27,Theft / Larceny,Waterfront Marina,District 2,37.80695,-122.432624,Alleyway,Reported Theft / Larceny at Alleyway
SYN-2025-03545,2025-09-19,23:37:52,Motor Vehicle Theft,Westside Arts,District 5,37.776279,-122.439595,Street / Sidewalk,Reported Motor Vehicle Theft at Street / Sidewalk
SYN-2025-01188,2025-09-20,07:31:47,Burglary,Waterfront Marina,District 2,37.809203,-122.429348,Residential Apartment,Reported Burglary at Residential Apartment
SYN-2025-04170,2025-09-20,08:16:24,Vandalism,Waterfront Marina,District 2,37.803028,-122.437402,Parking Facility,Reported Vandalism at Parking Facility
SYN-2025-01061,2025-09-20,08:34:01,Motor Vehicle Theft,South Rail Corridor,District 4,37.745534,-122.403857,Parking Facility,Reported Motor Vehicle Theft at Parking Facility
SYN-2025-02335,2025-09-20,14:49:13,Robbery,Downtown Central,District 1,37.781798,-122.435907,Parking Facility,Reported Robbery at Parking Facility
SYN-2025-02550,2025-09-20,17:15:04,Theft / Larceny,Downtown Central,District 1,37.786628,-122.409081,Street / Sidewalk,Reported Theft / Larceny at Street / Sidewalk
SYN-2025-02864,2025-09-20,17:45:38,Vandalism,Mission Commercial,District 3,37.76656,-122.429238,Parking Facility,Reported Vandalism at Parking Facility
SYN-2025-00392,2025-09-20,19:08:28,Robbery,Downtown Central,District 1,37.774499,-122.416532,Parking Facility,Reported Robbery at Parking Facility
SYN-2025-00732,2025-09-20,19:14:14,Motor Vehicle Theft,South Rail Corridor,District 4,37.747976,-122.395696,Parking Facility,Reported Motor Vehicle Theft at Parking Facility
SYN-2025-02736,2025-09-20,20:15:06,Theft / Larceny,South Rail Corridor,District 4,37.74789,-122.395052,Transit Station,Reported Theft / Larceny at Transit Station
SYN-2025-01451,2025-09-20,21:58:11,Burglary,Westside Arts,District 5,37.773307,-122.439249,Residential Apartment,Reported Burglary at Residential Apartment
SYN-2025-02725,2025-09-21,09:40:25,Motor Vehicle Theft,South Rail Corridor,District 4,37.745105,-122.399274,Parking Facility,Reported Motor Vehicle Theft at Parking Facility
SYN-2025-04176,2025-09-21,12:39:16,Vandalism,Mission Commercial,District 3,37.753369,-122.416961,Transit Station,Reported Vandalism at Transit Station
SYN-2025-03757,2025-09-21,13:12:04,Assault,Downtown Central,District 1,37.773454,-122.419333,Park / Public Space,Reported Assault at Park / Public Space
SYN-2025-04233,2025-09-21,17:03:43,Theft / Larceny,Mission Commercial,District 3,37.761812,-122.41905,Commercial Retail,Reported Theft / Larceny at Commercial Retail
SYN-2025-02163,2025-09-21,17:50:19,Assault,Downtown Central,District 1,37.773598,-122.423556,Park / Public Space,Reported Assault at Park / Public Space
SYN-2025-00634,2025-09-21,23:12:31,Burglary,Westside Arts,District 5,37.786494,-122.431461,Residential Apartment,Reported Burglary at Residential Apartment
SYN-2025-01850,2025-09-22,09:49:36,Theft / Larceny,Waterfront Marina,District 2,37.801147,-122.439492,Alleyway,Reported Theft / Larceny at Alleyway
SYN-2025-04183,2025-09-22,12:09:01,Assault,Downtown Central,District 1,37.780957,-122.417461,Street / Sidewalk,Reported Assault at Street / Sidewalk
SYN-2025-04290,2025-09-22,14:56:29,Burglary,Westside Arts,District 5,37.77421,-122.438415,Residential Apartment,Reported Burglary at Residential Apartment
SYN-2025-03471,2025-09-22,18:14:27,Motor Vehicle Theft,Mission Commercial,District 3,37.759611,-122.427721,Parking Facility,Reported Motor Vehicle Theft at Parking Facility
SYN-2025-01081,2025-09-22,18:30:13,Motor Vehicle Theft,Downtown Central,District 1,37.779889,-122.419551,Street / Sidewalk,Reported Motor Vehicle Theft at Street / Sidewalk
SYN-2025-01985,2025-09-22,20:08:57,Robbery,Downtown Central,District 1,37.776571,-122.416853,Bar / Restaurant,Reported Robbery at Bar / Restaurant
SYN-2025-01768,2025-09-22,21:42:43,Public Disorder,Downtown Central,District 1,37.775922,-122.425259,Bar / Restaurant,Reported Public Disorder at Bar / Restaurant
SYN-2025-01355,2025-09-23,11:17:59,Assault,Downtown Central,District 1,37.782808,-122.418886,Park / Public Space,Reported Assault at Park / Public Space
SYN-2025-03885,2025-09-23,12:28:24,Public Disorder,Westside Arts,District 5,37.781028,-122.441734,Bar / Restaurant,Reported Public Disorder at Bar / Restaurant
SYN-2025-04275,2025-09-23,12:52:57,Motor Vehicle Theft,Westside Arts,District 5,37.773659,-122.439329,Parking Facility,Reported Motor Vehicle Theft at Parking Facility
SYN-2025-03773,2025-09-23,16:46:12,Motor Vehicle Theft,Downtown Central,District 1,37.782041,-122.415382,Street / Sidewalk,Reported Motor Vehicle Theft at Street / Sidewalk
SYN-2025-04219,2025-09-24,18:37:53,Motor Vehicle Theft,Westside Arts,District 5,37.76817,-122.436751,Parking Facility,Reported Motor Vehicle Theft at Parking Facility
SYN-2025-00904,2025-09-25,13:52:47,Theft / Larceny,South Rail Corridor,District 4,37.744241,-122.391044,Commercial Retail,Reported Theft / Larceny at Commercial Retail
SYN-2025-02059,2025-09-26,09:19:44,Robbery,Downtown Central,District 1,37.775441,-122.415726,Transit Station,Reported Robbery at Transit Station
SYN-2025-02122,2025-09-26,13:38:42,Vandalism,Downtown Central,District 1,37.782932,-122.416933,Alleyway,Reported Vandalism at Alleyway
SYN-2025-01827,2025-09-26,18:11:38,Motor Vehicle Theft,Downtown Central,District 1,37.783702,-122.407699,Parking Facility,Reported Motor Vehicle Theft at Parking Facility
SYN-2025-03294,2025-09-27,09:00:52,Narcotics,South Rail Corridor,District 4,37.756647,-122.400816,Street / Sidewalk,Reported Narcotics at Street / Sidewalk
SYN-2025-00745,2025-09-27,11:51:02,Assault,Downtown Central,District 1,37.776384,-122.420683,Street / Sidewalk,Reported Assault at Street / Sidewalk
SYN-2025-02036,2025-09-27,14:49:14,Robbery,Downtown Central,District 1,37.78652,-122.424118,Parking Facility,Reported Robbery at Parking Facility
SYN-2025-01234,2025-09-27,16:22:06,Fraud,Waterfront Marina,District 2,37.807347,-122.441343,Park / Public Space,Reported Fraud at Park / Public Space
SYN-2025-03700,2025-09-27,16:36:53,Vandalism,Mission Commercial,District 3,37.756207,-122.42578,Alleyway,Reported Vandalism at Alleyway
SYN-2025-01019,2025-09-28,06:58:08,Burglary,Waterfront Marina,District 2,37.803036,-122.432881,Commercial Retail,Reported Burglary at Commercial Retail
SYN-2025-01928,2025-09-28,10:24:33,Burglary,Mission Commercial,District 3,37.73108,-122.416308,Residential Apartment,Reported Burglary at Residential Apartment
SYN-2025-02116,2025-09-28,16:46:04,Assault,Mission Commercial,District 3,37.763259,-122.418156,Bar / Restaurant,Reported Assault at Bar / Restaurant
SYN-2025-02472,2025-09-28,17:44:42,Robbery,Downtown Central,District 1,37.777663,-122.409355,Alleyway,Reported Robbery at Alleyway
SYN-2025-02381,2025-09-28,18:03:59,Public Disorder,Downtown Central,District 1,37.779237,-122.412015,Street / Sidewalk,Reported Public Disorder at Street / Sidewalk
SYN-2025-00690,2025-09-28,18:05:42,Assault,Mission Commercial,District 3,37.762584,-122.428221,Park / Public Space,Reported Assault at Park / Public Space
SYN-2025-00948,2025-09-29,07:24:27,Assault,Downtown Central,District 1,37.769431,-122.413851,Park / Public Space,Reported Assault at Park / Public Space
SYN-2025-03917,2025-09-29,08:28:57,Theft / Larceny,Mission Commercial,District 3,37.752662,-122.422597,Bar / Restaurant,Reported Theft / Larceny at Bar / Restaurant
SYN-2025-04148,2025-09-29,09:30:50,Vandalism,Mission Commercial,District 3,37.768697,-122.415174,Park / Public Space,Reported Vandalism at Park / Public Space
SYN-2025-03155,2025-09-29,09:57:43,Vandalism,Waterfront Marina,District 2,37.798049,-122.441081,Residential Apartment,Reported Vandalism at Residential Apartment
SYN-2025-03497,2025-09-29,11:34:38,Assault,Downtown Central,District 1,37.773289,-122.417191,Park / Public Space,Reported Assault at Park / Public Space
SYN-2025-04245,2025-09-29,20:16:16,Narcotics,South Rail Corridor,District 4,37.750727,-122.394384,Park / Public Space,Reported Narcotics at Park / Public Space
SYN-2025-01263,2025-09-30,14:12:13,Robbery,Downtown Central,District 1,37.768544,-122.412222,Bar / Restaurant,Reported Robbery at Bar / Restaurant
SYN-2025-00980,2025-09-30,16:10:19,Theft / Larceny,Mission Commercial,District 3,37.733686,-122.437359,Transit Station,Reported Theft / Larceny at Transit Station
SYN-2025-00991,2025-09-30,18:07:04,Robbery,Downtown Central,District 1,37.779039,-122.414755,Commercial Retail,Reported Robbery at Commercial Retail
SYN-2025-01078,2025-10-01,09:22:40,Motor Vehicle Theft,Mission Commercial,District 3,37.758859,-122.411672,Street / Sidewalk,Reported Motor Vehicle Theft at Street / Sidewalk
SYN-2025-00786,2025-10-01,16:27:07,Theft / Larceny,Downtown Central,District 1,37.775581,-122.414586,Park / Public Space,Reported Theft / Larceny at Park / Public Space
SYN-2025-00635,2025-10-01,19:05:45,Theft / Larceny,Waterfront Marina,District 2,37.79705,-122.439195,Park / Public Space,Reported Theft / Larceny at Park / Public Space
SYN-2025-03933,2025-10-01,19:35:36,Theft / Larceny,Waterfront Marina,District 2,37.796089,-122.435697,Alleyway,Reported Theft / Larceny at Alleyway
SYN-2025-03694,2025-10-01,21:36:27,Theft / Larceny,Downtown Central,District 1,37.775488,-122.416708,Park / Public Space,Reported Theft / Larceny at Park / Public Space
SYN-2025-02417,2025-10-02,06:14:20,Vandalism,Downtown Central,District 1,37.773961,-122.410709,Transit Station,Reported Vandalism at Transit Station
SYN-2025-00450,2025-10-02,13:09:44,Theft / Larceny,Mission Commercial,District 3,37.767005,-122.41981,Alleyway,Reported Theft / Larceny at Alleyway
SYN-2025-02259,2025-10-02,16:14:20,Fraud,Downtown Central,District 1,37.77522,-122.40997,Transit Station,Reported Fraud at Transit Station
SYN-2025-00258,2025-10-02,18:14:27,Assault,Westside Arts,District 5,37.779264,-122.432727,Bar / Restaurant,Reported Assault at Bar / Restaurant
SYN-2025-00910,2025-10-02,18:56:13,Burglary,Waterfront Marina,District 2,37.788278,-122.43714,Residential Apartment,Reported Burglary at Residential Apartment
SYN-2025-04472,2025-10-02,23:41:29,Burglary,South Rail Corridor,District 4,37.747352,-122.387633,Residential Apartment,Reported Burglary at Residential Apartment
SYN-2025-03242,2025-10-03,07:56:31,Burglary,Waterfront Marina,District 2,37.811982,-122.429152,Residential Apartment,Reported Burglary at Residential Apartment
SYN-2025-02396,2025-10-03,10:01:49,Public Disorder,Downtown Central,District 1,37.782136,-122.420051,Bar / Restaurant,Reported Public Disorder at Bar / Restaurant
SYN-2025-01638,2025-10-03,11:27:39,Theft / Larceny,Westside Arts,District 5,37.770159,-122.437732,Residential Apartment,Reported Theft / Larceny at Residential Apartment
SYN-2025-04398,2025-10-03,12:44:14,Burglary,Waterfront Marina,District 2,37.808033,-122.441091,Residential Apartment,Reported Burglary at Residential Apartment
SYN-2025-02900,2025-10-03,13:03:19,Assault,South Rail Corridor,District 4,37.751004,-122.393249,Park / Public Space,Reported Assault at Park / Public Space
SYN-2025-04055,2025-10-03,13:10:09,Narcotics,Downtown Central,District 1,37.780225,-122.42597,Residential Apartment,Reported Narcotics at Residential Apartment
SYN-2025-03125,2025-10-03,13:50:37,Public Disorder,Westside Arts,District 5,37.773973,-122.426089,Park / Public Space,Reported Public Disorder at Park / Public Space
SYN-2025-01240,2025-10-03,14:05:31,Theft / Larceny,Downtown Central,District 1,37.773849,-122.402942,Alleyway,Reported Theft / Larceny at Alleyway
SYN-2025-03428,2025-10-03,19:58:19,Theft / Larceny,Westside Arts,District 5,37.766024,-122.434497,Commercial Retail,Reported Theft / Larceny at Commercial Retail
SYN-2025-04494,2025-10-04,04:56:52,Burglary,Waterfront Marina,District 2,37.808644,-122.434348,Commercial Retail,Reported Burglary at Commercial Retail
SYN-2025-01962,2025-10-04,12:08:01,Theft / Larceny,Westside Arts,District 5,37.796189,-122.425182,Park / Public Space,Reported Theft / Larceny at Park / Public Space
SYN-2025-03187,2025-10-04,16:23:28,Vandalism,South Rail Corridor,District 4,37.750713,-122.393459,Transit Station,Reported Vandalism at Transit Station
SYN-2025-03897,2025-10-04,20:09:30,Vandalism,Mission Commercial,District 3,37.764639,-122.419551,Transit Station,Reported Vandalism at Transit Station
SYN-2025-02319,2025-10-04,21:34:49,Public Disorder,Downtown Central,District 1,37.781727,-122.421428,Street / Sidewalk,Reported Public Disorder at Street / Sidewalk
SYN-2025-03429,2025-10-05,12:27:04,Vandalism,Waterfront Marina,District 2,37.804095,-122.436882,Commercial Retail,Reported Vandalism at Commercial Retail
SYN-2025-00777,2025-10-05,18:04:44,Fraud,Westside Arts,District 5,37.763853,-122.438842,Bar / Restaurant,Reported Fraud at Bar / Restaurant
SYN-2025-02040,2025-10-05,19:20:44,Theft / Larceny,South Rail Corridor,District 4,37.74271,-122.393731,Street / Sidewalk,Reported Theft / Larceny at Street / Sidewalk
SYN-2025-01211,2025-10-05,19:27:42,Assault,South Rail Corridor,District 4,37.746783,-122.387905,Bar / Restaurant,Reported Assault at Bar / Restaurant
SYN-2025-01453,2025-10-05,20:38:36,Public Disorder,Mission Commercial,District 3,37.760039,-122.417776,Park / Public Space,Reported Public Disorder at Park / Public Space
SYN-2025-01553,2025-10-05,20:57:32,Assault,Waterfront Marina,District 2,37.803496,-122.434478,Street / Sidewalk,Reported Assault at Street / Sidewalk
SYN-2025-03673,2025-10-06,12:56:25,Theft / Larceny,Downtown Central,District 1,37.785701,-122.408351,Bar / Restaurant,Reported Theft / Larceny at Bar / Restaurant
SYN-2025-04253,2025-10-06,16:52:41,Vandalism,Downtown Central,District 1,37.786511,-122.417794,Transit Station,Reported Vandalism at Transit Station
SYN-2025-02756,2025-10-06,18:34:27,Public Disorder,Mission Commercial,District 3,37.800484,-122.442195,Bar / Restaurant,Reported Public Disorder at Bar / Restaurant
SYN-2025-02668,2025-10-06,23:58:06,Theft / Larceny,Westside Arts,District 5,37.773532,-122.440831,Residential Apartment,Reported Theft / Larceny at Residential Apartment
SYN-2025-03864,2025-10-07,11:58:17,Narcotics,South Rail Corridor,District 4,37.744678,-122.38488,Park / Public Space,Reported Narcotics at Park / Public Space
SYN-2025-03516,2025-10-07,15:15:54,Assault,Mission Commercial,District 3,37.765335,-122.417898,Park / Public Space,Reported Assault at Park / Public Space
SYN-2025-00857,2025-10-08,10:19:59,Burglary,South Rail Corridor,District 4,37.757488,-122.398801,Residential Apartment,Reported Burglary at Residential Apartment
SYN-2025-01484,2025-10-08,13:48:23,Robbery,Westside Arts,District 5,37.776384,-122.440584,Street / Sidewalk,Reported Robbery at Street / Sidewalk
SYN-2025-03738,2025-10-08,15:50:28,Robbery,Downtown Central,District 1,37.776083,-122.412197,Residential Apartment,Reported Robbery at Residential Apartment
SYN-2025-01055,2025-10-08,17:30:33,Theft / Larceny,Westside Arts,District 5,37.778781,-122.438779,Transit Station,Reported Theft / Larceny at Transit Station
SYN-2025-02942,2025-10-09,11:21:59,Theft / Larceny,Downtown Central,District 1,37.780497,-122.414525,Street / Sidewalk,Reported Theft / Larceny at Street / Sidewalk
SYN-2025-01290,2025-10-09,13:27:50,Fraud,Waterfront Marina,District 2,37.802792,-122.435203,Parking Facility,Reported Fraud at Parking Facility
SYN-2025-03427,2025-10-09,14:27:26,Theft / Larceny,Westside Arts,District 5,37.769823,-122.429991,Commercial Retail,Reported Theft / Larceny at Commercial Retail
SYN-2025-01561,2025-10-09,17:23:50,Vandalism,Waterfront Marina,District 2,37.80964,-122.428976,Transit Station,Reported Vandalism at Transit Station
SYN-2025-01647,2025-10-10,09:26:21,Burglary,Westside Arts,District 5,37.772357,-122.437015,Commercial Retail,Reported Burglary at Commercial Retail
SYN-2025-01915,2025-10-10,11:07:33,Theft / Larceny,Westside Arts,District 5,37.779219,-122.437098,Park / Public Space,Reported Theft / Larceny at Park / Public Space
SYN-2025-03373,2025-10-10,16:50:11,Assault,Mission Commercial,District 3,37.761897,-122.420153,Bar / Restaurant,Reported Assault at Bar / Restaurant
SYN-2025-00369,2025-10-10,18:41:23,Theft / Larceny,Westside Arts,District 5,37.777402,-122.430103,Residential Apartment,Reported Theft / Larceny at Residential Apartment
SYN-2025-02870,2025-10-10,20:48:40,Motor Vehicle Theft,Westside Arts,District 5,37.776814,-122.435539,Parking Facility,Reported Motor Vehicle Theft at Parking Facility
SYN-2025-03644,2025-10-11,02:59:06,Public Disorder,Downtown Central,District 1,37.750742,-122.439974,Street / Sidewalk,Reported Public Disorder at Street / Sidewalk
SYN-2025-01171,2025-10-11,05:05:35,Burglary,Waterfront Marina,District 2,37.795748,-122.435744,Residential Apartment,Reported Burglary at Residential Apartment
SYN-2025-01833,2025-10-11,09:56:38,Motor Vehicle Theft,Westside Arts,District 5,37.778593,-122.436938,Parking Facility,Reported Motor Vehicle Theft at Parking Facility
SYN-2025-00939,2025-10-11,13:15:41,Public Disorder,Waterfront Marina,District 2,37.800816,-122.444894,Park / Public Space,Reported Public Disorder at Park / Public Space
SYN-2025-01153,2025-10-11,15:28:05,Theft / Larceny,Mission Commercial,District 3,37.759828,-122.418471,Residential Apartment,Reported Theft / Larceny at Residential Apartment
SYN-2025-03232,2025-10-11,16:41:50,Theft / Larceny,Westside Arts,District 5,37.77178,-122.437549,Commercial Retail,Reported Theft / Larceny at Commercial Retail
SYN-2025-00882,2025-10-11,17:13:52,Vandalism,Mission Commercial,District 3,37.762373,-122.425253,Residential Apartment,Reported Vandalism at Residential Apartment
SYN-2025-01707,2025-10-11,18:23:58,Fraud,Downtown Central,District 1,37.789147,-122.417114,Commercial Retail,Reported Fraud at Commercial Retail
SYN-2025-00382,2025-10-11,18:58:50,Narcotics,Waterfront Marina,District 2,37.799877,-122.437765,Street / Sidewalk,Reported Narcotics at Street / Sidewalk
SYN-2025-03245,2025-10-12,05:22:12,Theft / Larceny,Mission Commercial,District 3,37.810579,-122.431277,Parking Facility,Reported Theft / Larceny at Parking Facility
SYN-2025-04340,2025-10-12,11:40:06,Motor Vehicle Theft,Waterfront Marina,District 2,37.8049,-122.439928,Street / Sidewalk,Reported Motor Vehicle Theft at Street / Sidewalk
SYN-2025-01213,2025-10-12,19:13:35,Public Disorder,Waterfront Marina,District 2,37.802523,-122.439653,Street / Sidewalk,Reported Public Disorder at Street / Sidewalk
SYN-2025-00057,2025-10-12,21:29:45,Theft / Larceny,Downtown Central,District 1,37.786252,-122.421009,Transit Station,Reported Theft / Larceny at Transit Station
SYN-2025-00755,2025-10-13,02:39:37,Robbery,Downtown Central,District 1,37.787079,-122.414191,Parking Facility,Reported Robbery at Parking Facility
SYN-2025-03839,2025-10-13,06:57:58,Burglary,Mission Commercial,District 3,37.760956,-122.422103,Commercial Retail,Reported Burglary at Commercial Retail
SYN-2025-03118,2025-10-13,09:41:04,Assault,Mission Commercial,District 3,37.76418,-122.420283,Park / Public Space,Reported Assault at Park / Public Space
SYN-2025-02325,2025-10-13,11:32:23,Robbery,Mission Commercial,District 3,37.763093,-122.423501,Commercial Retail,Reported Robbery at Commercial Retail
SYN-2025-02674,2025-10-13,12:29:26,Public Disorder,Downtown Central,District 1,37.773694,-122.415335,Street / Sidewalk,Reported Public Disorder at Street / Sidewalk
SYN-2025-01982,2025-10-13,15:33:21,Fraud,Waterfront Marina,District 2,37.816238,-122.432742,Commercial Retail,Reported Fraud at Commercial Retail
SYN-2025-03869,2025-10-13,15:43:56,Robbery,Downtown Central,District 1,37.777952,-122.415739,Transit Station,Reported Robbery at Transit Station
SYN-2025-04293,2025-10-13,15:44:33,Motor Vehicle Theft,Mission Commercial,District 3,37.758821,-122.420285,Parking Facility,Reported Motor Vehicle Theft at Parking Facility
SYN-2025-03817,2025-10-13,17:03:06,Assault,Downtown Central,District 1,37.777659,-122.419691,Street / Sidewalk,Reported Assault at Street / Sidewalk
SYN-2025-03957,2025-10-13,17:28:12,Theft / Larceny,Westside Arts,District 5,37.778002,-122.4322,Parking Facility,Reported Theft / Larceny at Parking Facility
SYN-2025-03433,2025-10-13,19:28:32,Vandalism,Waterfront Marina,District 2,37.801205,-122.433537,Street / Sidewalk,Reported Vandalism at Street / Sidewalk
SYN-2025-00895,2025-10-13,19:41:58,Vandalism,Downtown Central,District 1,37.773056,-122.416723,Alleyway,Reported Vandalism at Alleyway
SYN-2025-03807,2025-10-13,20:50:24,Vandalism,Downtown Central,District 1,37.771334,-122.4186,Street / Sidewalk,Reported Vandalism at Street / Sidewalk
SYN-2025-01258,2025-10-13,21:09:29,Vandalism,Mission Commercial,District 3,37.758775,-122.4292,Parking Facility,Reported Vandalism at Parking Facility
SYN-2025-04471,2025-10-14,06:10:45,Narcotics,Downtown Central,District 1,37.770389,-122.414484,Street / Sidewalk,Reported Narcotics at Street / Sidewalk
SYN-2025-01972,2025-10-14,11:47:48,Vandalism,Mission Commercial,District 3,37.76597,-122.404723,Parking Facility,Reported Vandalism at Parking Facility
SYN-2025-03243,2025-10-14,17:46:08,Robbery,Downtown Central,District 1,37.779686,-122.423316,Transit Station,Reported Robbery at Transit Station
SYN-2025-03260,2025-10-14,17:58:57,Public Disorder,Downtown Central,District 1,37.739221,-122.40104,Street / Sidewalk,Reported Public Disorder at Street / Sidewalk
SYN-2025-03780,2025-10-14,19:14:23,Theft / Larceny,Mission Commercial,District 3,37.760797,-122.417247,Bar / Restaurant,Reported Theft / Larceny at Bar / Restaurant
SYN-2025-01145,2025-10-14,20:37:19,Theft / Larceny,Downtown Central,District 1,37.778544,-122.432987,Park / Public Space,Reported Theft / Larceny at Park / Public Space
SYN-2025-02588,2025-10-15,00:01:29,Vandalism,Downtown Central,District 1,37.785392,-122.412596,Alleyway,Reported Vandalism at Alleyway
SYN-2025-01430,2025-10-15,12:52:27,Public Disorder,Downtown Central,District 1,37.770215,-122.431818,Bar / Restaurant,Reported Public Disorder at Bar / Restaurant
SYN-2025-00733,2025-10-15,13:55:17,Burglary,Mission Commercial,District 3,37.754451,-122.421431,Residential Apartment,Reported Burglary at Residential Apartment
SYN-2025-02541,2025-10-15,17:24:53,Vandalism,Westside Arts,District 5,37.74742,-122.438321,Parking Facility,Reported Vandalism at Parking Facility
SYN-2025-04225,2025-10-15,21:32:45,Burglary,Mission Commercial,District 3,37.75945,-122.418394,Residential Apartment,Reported Burglary at Residential Apartment
SYN-2025-03027,2025-10-16,12:04:57,Assault,Mission Commercial,District 3,37.756614,-122.420184,Park / Public Space,Reported Assault at Park / Public Space
SYN-2025-00241,2025-10-16,13:25:37,Assault,Downtown Central,District 1,37.781928,-122.423916,Street / Sidewalk,Reported Assault at Street / Sidewalk
SYN-2025-00458,2025-10-16,16:56:26,Vandalism,Waterfront Marina,District 2,37.801874,-122.435739,Street / Sidewalk,Reported Vandalism at Street / Sidewalk
SYN-2025-02255,2025-10-16,17:26:26,Assault,Downtown Central,District 1,37.773774,-122.413416,Street / Sidewalk,Reported Assault at Street / Sidewalk
SYN-2025-00001,2025-10-16,18:15:14,Theft / Larceny,Downtown Central,District 1,37.781087,-122.416578,Commercial Retail,Reported Theft / Larceny at Commercial Retail
SYN-2025-00001,2025-10-16,18:15:14,Theft / Larceny,Downtown Central,District 1,37.781087,-122.416578,Commercial Retail,Reported Theft / Larceny at Commercial Retail
SYN-2025-01999,2025-10-16,18:38:29,Assault,Downtown Central,District 1,37.780175,-122.421994,Bar / Restaurant,Reported Assault at Bar / Restaurant
SYN-2025-01488,2025-10-16,20:15:13,Burglary,South Rail Corridor,District 4,37.741652,-122.393221,Commercial Retail,Reported Burglary at Commercial Retail
SYN-2025-01380,2025-10-17,02:24:08,Vandalism,Downtown Central,District 1,37.774263,-122.413327,Alleyway,Reported Vandalism at Alleyway
SYN-2025-01244,2025-10-17,02:24:13,Motor Vehicle Theft,South Rail Corridor,District 4,37.751635,-122.394909,Parking Facility,Reported Motor Vehicle Theft at Parking Facility
SYN-2025-04189,2025-10-17,09:40:45,Narcotics,South Rail Corridor,District 4,37.745029,-122.397222,Bar / Restaurant,Reported Narcotics at Bar / Restaurant
SYN-2025-00007,2025-10-17,18:14:43,Theft / Larceny,Downtown Central,District 1,37.777555,-122.415966,Street / Sidewalk,Reported Theft / Larceny at Street / Sidewalk
SYN-2025-00007,2025-10-17,18:14:43,Theft / Larceny,Downtown Central,District 1,37.777555,-122.415966,Street / Sidewalk,Reported Theft / Larceny at Street / Sidewalk
SYN-2025-03751,2025-10-17,18:48:18,Theft / Larceny,Mission Commercial,District 3,37.754593,-122.423506,Transit Station,Reported Theft / Larceny at Transit Station
SYN-2025-03344,2025-10-17,22:36:38,Public Disorder,Waterfront Marina,District 2,37.813509,-122.443823,Street / Sidewalk,Reported Public Disorder at Street / Sidewalk
SYN-2025-01880,2025-10-17,23:31:10,Theft / Larceny,Mission Commercial,District 3,37.754068,-122.421165,Residential Apartment,Reported Theft / Larceny at Residential Apartment
SYN-2025-03265,2025-10-18,03:06:17,Theft / Larceny,Waterfront Marina,District 2,37.803173,-122.434382,Transit Station,Reported Theft / Larceny at Transit Station
SYN-2025-02084,2025-10-18,11:14:43,Robbery,Downtown Central,District 1,37.776856,-122.41997,Street / Sidewalk,Reported Robbery at Street / Sidewalk
SYN-2025-02828,2025-10-18,13:19:30,Theft / Larceny,South Rail Corridor,District 4,37.753561,-122.386169,Park / Public Space,Reported Theft / Larceny at Park / Public Space
SYN-2025-00652,2025-10-18,14:41:08,Public Disorder,Downtown Central,District 1,37.781446,-122.41561,Street / Sidewalk,Reported Public Disorder at Street / Sidewalk
SYN-2025-03770,2025-10-18,16:50:19,Vandalism,Mission Commercial,District 3,37.803259,-122.393508,Street / Sidewalk,Reported Vandalism at Street / Sidewalk
SYN-2025-03437,2025-10-18,16:53:13,Burglary,Mission Commercial,District 3,37.759192,-122.419816,Commercial Retail,Reported Burglary at Commercial Retail
SYN-2025-00783,2025-10-18,17:06:24,Fraud,Westside Arts,District 5,37.763966,-122.443861,Street / Sidewalk,Reported Fraud at Street / Sidewalk
SYN-2025-04281,2025-10-18,17:43:05,Vandalism,Mission Commercial,District 3,37.743858,-122.44442,Parking Facility,Reported Vandalism at Parking Facility
SYN-2025-02453,2025-10-18,18:44:53,Assault,Downtown Central,District 1,37.780384,-122.424392,Park / Public Space,Reported Assault at Park / Public Space
SYN-2025-03021,2025-10-18,19:17:55,Fraud,Downtown Central,District 1,37.778,-122.406588,Alleyway,Reported Fraud at Alleyway
SYN-2025-01442,2025-10-18,22:15:08,Assault,Westside Arts,District 5,37.736498,-122.428422,Park / Public Space,Reported Assault at Park / Public Space
SYN-2025-03642,2025-10-19,11:04:01,Theft / Larceny,Westside Arts,District 5,37.778147,-122.431904,Residential Apartment,Reported Theft / Larceny at Residential Apartment
SYN-2025-00905,2025-10-19,13:03:51,Burglary,Mission Commercial,District 3,37.764801,-122.416446,Commercial Retail,Reported Burglary at Commercial Retail
SYN-2025-04498,2025-10-19,17:06:40,Vandalism,Mission Commercial,District 3,37.752143,-122.418778,Commercial Retail,Reported Vandalism at Commercial Retail
SYN-2025-03068,2025-10-19,17:21:56,Vandalism,Downtown Central,District 1,37.779827,-122.417916,Park / Public Space,Reported Vandalism at Park / Public Space
SYN-2025-02961,2025-10-19,19:43:43,Robbery,Downtown Central,District 1,37.784478,-122.421325,Bar / Restaurant,Reported Robbery at Bar / Restaurant
SYN-2025-02113,2025-10-19,22:18:54,Public Disorder,Waterfront Marina,District 2,37.801062,-122.440733,Street / Sidewalk,Reported Public Disorder at Street / Sidewalk
SYN-2025-01925,2025-10-20,05:39:30,Motor Vehicle Theft,Westside Arts,District 5,37.773499,-122.426253,Street / Sidewalk,Reported Motor Vehicle Theft at Street / Sidewalk
SYN-2025-03342,2025-10-20,12:54:38,Public Disorder,Westside Arts,District 5,37.776007,-122.435791,Bar / Restaurant,Reported Public Disorder at Bar / Restaurant
SYN-2025-03985,2025-10-20,16:36:05,Public Disorder,Mission Commercial,District 3,37.760808,-122.413028,Park / Public Space,Reported Public Disorder at Park / Public Space
SYN-2025-00325,2025-10-20,21:54:22,Motor Vehicle Theft,Mission Commercial,District 3,37.761811,-122.422594,Parking Facility,Reported Motor Vehicle Theft at Parking Facility
SYN-2025-00650,2025-10-21,01:55:05,Fraud,Waterfront Marina,District 2,37.805543,-122.438764,Alleyway,Reported Fraud at Alleyway
SYN-2025-03180,2025-10-21,12:30:44,Motor Vehicle Theft,Westside Arts,District 5,37.777284,-122.427347,Street / Sidewalk,Reported Motor Vehicle Theft at Street / Sidewalk
SYN-2025-03183,2025-10-21,14:56:39,Public Disorder,Downtown Central,District 1,37.772543,-122.410748,Bar / Restaurant,Reported Public Disorder at Bar / Restaurant
SYN-2025-02211,2025-10-21,15:38:43,Vandalism,Waterfront Marina,District 2,37.801749,-122.435693,Transit Station,Reported Vandalism at Transit Station
SYN-2025-03646,2025-10-21,20:47:59,Public Disorder,Downtown Central,District 1,37.781359,-122.417914,Bar / Restaurant,Reported Public Disorder at Bar / Restaurant
SYN-2025-00886,2025-10-21,22:08:15,Vandalism,Waterfront Marina,District 2,37.80978,-122.43654,Street / Sidewalk,Reported Vandalism at Street / Sidewalk
SYN-2025-03043,2025-10-22,08:53:59,Public Disorder,Downtown Central,District 1,37.773654,-122.418272,Street / Sidewalk,Reported Public Disorder at Street / Sidewalk
SYN-2025-02614,2025-10-22,12:21:52,Burglary,Westside Arts,District 5,37.775973,-122.434046,Commercial Retail,Reported Burglary at Commercial Retail
SYN-2025-02526,2025-10-22,13:05:34,Assault,South Rail Corridor,District 4,37.758998,-122.397041,Street / Sidewalk,Reported Assault at Street / Sidewalk
SYN-2025-00101,2025-10-22,13:12:07,Public Disorder,South Rail Corridor,District 4,37.744249,-122.39787,Bar / Restaurant,Reported Public Disorder at Bar / Restaurant
SYN-2025-03267,2025-10-22,15:21:01,Narcotics,South Rail Corridor,District 4,37.747588,-122.398523,Street / Sidewalk,Reported Narcotics at Street / Sidewalk
SYN-2025-01373,2025-10-22,16:12:54,Vandalism,Downtown Central,District 1,37.788018,-122.411279,Street / Sidewalk,Reported Vandalism at Street / Sidewalk
SYN-2025-00589,2025-10-22,16:41:41,Burglary,Waterfront Marina,District 2,37.79342,-122.440858,Commercial Retail,Reported Burglary at Commercial Retail
SYN-2025-00757,2025-10-22,19:23:31,Motor Vehicle Theft,Mission Commercial,District 3,37.750066,-122.417954,Parking Facility,Reported Motor Vehicle Theft at Parking Facility
SYN-2025-03936,2025-10-22,23:04:36,Vandalism,Downtown Central,District 1,37.776032,-122.415619,Transit Station,Reported Vandalism at Transit Station
SYN-2025-00019,2025-10-23,13:21:51,Vandalism,Waterfront Marina,District 2,,,Residential Apartment,Reported Vandalism at Residential Apartment
SYN-2025-01111,2025-10-23,15:02:13,Theft / Larceny,Downtown Central,District 1,37.775489,-122.415231,Bar / Restaurant,Reported Theft / Larceny at Bar / Restaurant
SYN-2025-01669,2025-10-23,15:25:58,Fraud,Waterfront Marina,District 2,37.79674,-122.437567,Residential Apartment,Reported Fraud at Residential Apartment
SYN-2025-02434,2025-10-23,19:15:35,Assault,Mission Commercial,District 3,37.758649,-122.415568,Bar / Restaurant,Reported Assault at Bar / Restaurant
SYN-2025-01763,2025-10-23,20:59:48,Motor Vehicle Theft,Westside Arts,District 5,37.776182,-122.435534,Street / Sidewalk,Reported Motor Vehicle Theft at Street / Sidewalk
SYN-2025-04107,2025-10-24,00:00:54,Theft / Larceny,Mission Commercial,District 3,37.76186,-122.421197,Alleyway,Reported Theft / Larceny at Alleyway
SYN-2025-01232,2025-10-24,12:48:06,Theft / Larceny,Mission Commercial,District 3,37.763602,-122.417596,Street / Sidewalk,Reported Theft / Larceny at Street / Sidewalk
SYN-2025-02428,2025-10-24,14:39:23,Vandalism,Downtown Central,District 1,37.783374,-122.422585,Street / Sidewalk,Reported Vandalism at Street / Sidewalk
SYN-2025-04354,2025-10-25,08:33:14,Theft / Larceny,Downtown Central,District 1,37.761606,-122.438733,Bar / Restaurant,Reported Theft / Larceny at Bar / Restaurant
SYN-2025-01147,2025-10-25,16:11:30,Theft / Larceny,Waterfront Marina,District 2,37.800858,-122.434079,Commercial Retail,Reported Theft / Larceny at Commercial Retail
SYN-2025-02065,2025-10-25,18:18:14,Assault,Mission Commercial,District 3,37.766121,-122.416959,Street / Sidewalk,Reported Assault at Street / Sidewalk
SYN-2025-00550,2025-10-25,22:57:07,Public Disorder,Westside Arts,District 5,37.76976,-122.441237,Park / Public Space,Reported Public Disorder at Park / Public Space
SYN-2025-00098,2025-10-26,08:02:19,Motor Vehicle Theft,South Rail Corridor,District 4,37.753053,-122.387364,Street / Sidewalk,Reported Motor Vehicle Theft at Street / Sidewalk
SYN-2025-03089,2025-10-26,08:38:42,Motor Vehicle Theft,Westside Arts,District 5,37.784036,-122.388677,Street / Sidewalk,Reported Motor Vehicle Theft at Street / Sidewalk
SYN-2025-02818,2025-10-26,08:54:21,Vandalism,Downtown Central,District 1,37.77063,-122.412254,Parking Facility,Reported Vandalism at Parking Facility
SYN-2025-02585,2025-10-26,10:42:20,Public Disorder,Downtown Central,District 1,37.774752,-122.412638,Park / Public Space,Reported Public Disorder at Park / Public Space
SYN-2025-02407,2025-10-26,11:46:27,Assault,South Rail Corridor,District 4,37.73214,-122.402075,Park / Public Space,Reported Assault at Park / Public Space
SYN-2025-03246,2025-10-26,12:14:43,Assault,Downtown Central,District 1,37.784365,-122.419161,Bar / Restaurant,Reported Assault at Bar / Restaurant
SYN-2025-01428,2025-10-26,12:47:53,Assault,Downtown Central,District 1,37.782559,-122.42238,Street / Sidewalk,Reported Assault at Street / Sidewalk
SYN-2025-00479,2025-10-26,23:32:45,Theft / Larceny,Downtown Central,District 1,37.773688,-122.417022,Commercial Retail,Reported Theft / Larceny at Commercial Retail
SYN-2025-03772,2025-10-27,00:53:58,Public Disorder,Downtown Central,District 1,37.786869,-122.416325,Street / Sidewalk,Reported Public Disorder at Street / Sidewalk
SYN-2025-03261,2025-10-27,02:02:23,Vandalism,Waterfront Marina,District 2,37.799208,-122.440681,Transit Station,Reported Vandalism at Transit Station
SYN-2025-01512,2025-10-27,11:33:08,Fraud,Westside Arts,District 5,37.781706,-122.435807,Street / Sidewalk,Reported Fraud at Street / Sidewalk
SYN-2025-00524,2025-10-27,12:29:25,Motor Vehicle Theft,Mission Commercial,District 3,37.763883,-122.419643,Street / Sidewalk,Reported Motor Vehicle Theft at Street / Sidewalk
SYN-2025-00989,2025-10-27,17:52:18,Burglary,Mission Commercial,District 3,37.755877,-122.421425,Residential Apartment,Reported Burglary at Residential Apartment
SYN-2025-00683,2025-10-27,20:54:50,Theft / Larceny,Mission Commercial,District 3,37.758244,-122.418062,Alleyway,Reported Theft / Larceny at Alleyway
SYN-2025-00736,2025-10-27,22:27:54,Burglary,South Rail Corridor,District 4,37.74734,-122.392181,Commercial Retail,Reported Burglary at Commercial Retail
SYN-2025-04278,2025-10-28,08:44:17,Theft / Larceny,Waterfront Marina,District 2,37.797007,-122.436146,Park / Public Space,Reported Theft / Larceny at Park / Public Space
SYN-2025-03424,2025-10-28,16:54:17,Assault,Mission Commercial,District 3,37.769599,-122.415967,Park / Public Space,Reported Assault at Park / Public Space
SYN-2025-00566,2025-10-29,11:44:51,Burglary,Waterfront Marina,District 2,37.798582,-122.441122,Residential Apartment,Reported Burglary at Residential Apartment
SYN-2025-03832,2025-10-29,14:51:34,Robbery,Mission Commercial,District 3,37.764224,-122.421338,Street / Sidewalk,Reported Robbery at Street / Sidewalk
SYN-2025-02563,2025-10-29,17:31:27,Public Disorder,Downtown Central,District 1,37.779429,-122.418805,Park / Public Space,Reported Public Disorder at Park / Public Space
SYN-2025-04007,2025-10-29,17:42:12,Theft / Larceny,Mission Commercial,District 3,37.754413,-122.417058,Parking Facility,Reported Theft / Larceny at Parking Facility
SYN-2025-04211,2025-10-29,18:05:40,Vandalism,Waterfront Marina,District 2,37.812261,-122.437699,Commercial Retail,Reported Vandalism at Commercial Retail
SYN-2025-01313,2025-10-29,19:13:11,Vandalism,Downtown Central,District 1,37.781257,-122.419279,Commercial Retail,Reported Vandalism at Commercial Retail
SYN-2025-00946,2025-10-29,19:31:27,Burglary,Mission Commercial,District 3,37.762489,-122.411673,Residential Apartment,Reported Burglary at Residential Apartment
SYN-2025-03609,2025-10-29,20:36:17,Public Disorder,Downtown Central,District 1,37.773876,-122.417019,Bar / Restaurant,Reported Public Disorder at Bar / Restaurant
SYN-2025-01033,2025-10-29,22:18:39,Assault,Downtown Central,District 1,37.779929,-122.417574,Street / Sidewalk,Reported Assault at Street / Sidewalk
SYN-2025-00083,2025-10-29,23:31:02,Narcotics,Downtown Central,District 1,37.782638,-122.420675,Park / Public Space,Reported Narcotics at Park / Public Space
SYN-2025-03798,2025-10-30,10:43:18,Motor Vehicle Theft,Westside Arts,District 5,37.775024,-122.435556,Street / Sidewalk,Reported Motor Vehicle Theft at Street / Sidewalk
SYN-2025-02904,2025-10-30,14:14:04,Motor Vehicle Theft,Waterfront Marina,District 2,37.804866,-122.436526,Street / Sidewalk,Reported Motor Vehicle Theft at Street / Sidewalk
SYN-2025-01714,2025-10-31,12:39:39,Narcotics,Waterfront Marina,District 2,37.802003,-122.44664,Park / Public Space,Reported Narcotics at Park / Public Space
SYN-2025-00673,2025-10-31,12:51:27,Fraud,Westside Arts,District 5,37.777836,-122.433043,Parking Facility,Reported Fraud at Parking Facility
SYN-2025-01135,2025-10-31,13:32:55,Robbery,Downtown Central,District 1,37.781102,-122.419111,Alleyway,Reported Robbery at Alleyway
SYN-2025-03581,2025-10-31,15:17:48,Assault,Mission Commercial,District 3,37.75855,-122.418616,Park / Public Space,Reported Assault at Park / Public Space
SYN-2025-02443,2025-10-31,20:20:06,Robbery,Downtown Central,District 1,37.783694,-122.42129,Commercial Retail,Reported Robbery at Commercial Retail
SYN-2025-02610,2025-10-31,20:40:26,Assault,Downtown Central,District 1,37.773279,-122.417853,Bar / Restaurant,Reported Assault at Bar / Restaurant
SYN-2025-02837,2025-10-31,22:40:14,Theft / Larceny,Waterfront Marina,District 2,37.801794,-122.429568,Alleyway,Reported Theft / Larceny at Alleyway
SYN-2025-01964,2025-11-01,08:28:26,Public Disorder,South Rail Corridor,District 4,37.751606,-122.392559,Street / Sidewalk,Reported Public Disorder at Street / Sidewalk
SYN-2025-00413,2025-11-01,09:17:49,Burglary,Mission Commercial,District 3,37.753504,-122.419727,Commercial Retail,Reported Burglary at Commercial Retail
SYN-2025-02901,2025-11-01,16:36:05,Robbery,Westside Arts,District 5,37.771879,-122.42848,Alleyway,Reported Robbery at Alleyway
SYN-2025-00893,2025-11-02,09:28:46,Narcotics,Waterfront Marina,District 2,37.795636,-122.43388,Commercial Retail,Reported Narcotics at Commercial Retail
SYN-2025-00386,2025-11-02,11:04:57,Vandalism,Downtown Central,District 1,37.776821,-122.411026,Park / Public Space,Reported Vandalism at Park / Public Space
SYN-2025-03808,2025-11-02,15:12:05,Vandalism,Waterfront Marina,District 2,37.796808,-122.439964,Commercial Retail,Reported Vandalism at Commercial Retail
SYN-2025-01065,2025-11-02,20:56:17,Theft / Larceny,Waterfront Marina,District 2,37.796839,-122.416664,Bar / Restaurant,Reported Theft / Larceny at Bar / Restaurant
SYN-2025-02336,2025-11-03,00:09:50,Robbery,Downtown Central,District 1,37.78599,-122.425777,Alleyway,Reported Robbery at Alleyway
SYN-2025-01124,2025-11-03,08:17:29,Narcotics,Mission Commercial,District 3,37.76099,-122.412793,Park / Public Space,Reported Narcotics at Park / Public Space
SYN-2025-02574,2025-11-03,11:01:43,Vandalism,Mission Commercial,District 3,37.761991,-122.417748,Park / Public Space,Reported Vandalism at Park / Public Space
SYN-2025-03679,2025-11-03,11:49:44,Vandalism,Waterfront Marina,District 2,37.797533,-122.439168,Parking Facility,Reported Vandalism at Parking Facility
SYN-2025-03332,2025-11-03,12:25:27,Narcotics,South Rail Corridor,District 4,37.752104,-122.38172,Residential Apartment,Reported Narcotics at Residential Apartment
SYN-2025-01346,2025-11-03,14:35:02,Public Disorder,Downtown Central,District 1,37.77542,-122.414065,Bar / Restaurant,Reported Public Disorder at Bar / Restaurant
SYN-2025-01507,2025-11-03,16:38:48,Motor Vehicle Theft,Westside Arts,District 5,37.773003,-122.435281,Parking Facility,Reported Motor Vehicle Theft at Parking Facility
SYN-2025-00549,2025-11-03,21:13:38,Assault,Westside Arts,District 5,37.772233,-122.437137,Bar / Restaurant,Reported Assault at Bar / Restaurant
SYN-2025-00689,2025-11-03,21:46:45,Burglary,Mission Commercial,District 3,37.762374,-122.426344,Commercial Retail,Reported Burglary at Commercial Retail
SYN-2025-01542,2025-11-03,22:28:17,Theft / Larceny,Mission Commercial,District 3,37.757703,-122.422811,Commercial Retail,Reported Theft / Larceny at Commercial Retail
SYN-2025-01017,2025-11-04,06:16:34,Burglary,Downtown Central,District 1,37.782281,-122.42103,Commercial Retail,Reported Burglary at Commercial Retail
SYN-2025-02085,2025-11-04,08:54:41,Vandalism,Mission Commercial,District 3,37.760305,-122.420948,Residential Apartment,Reported Vandalism at Residential Apartment
SYN-2025-02425,2025-11-04,09:09:23,Theft / Larceny,Westside Arts,District 5,37.776274,-122.436559,Transit Station,Reported Theft / Larceny at Transit Station
SYN-2025-00025,2025-11-04,16:59:16,Assault,Downtown Central,District 1,37.783704,-122.411935,Bar / Restaurant,Reported Assault at Bar / Restaurant
SYN-2025-01760,2025-11-04,21:27:56,Vandalism,South Rail Corridor,District 4,37.744006,-122.402661,Transit Station,Reported Vandalism at Transit Station
SYN-2025-01435,2025-11-04,21:48:59,Fraud,Downtown Central,District 1,37.775057,-122.410165,Bar / Restaurant,Reported Fraud at Bar / Restaurant
SYN-2025-04270,2025-11-05,02:29:38,Burglary,Waterfront Marina,District 2,37.807885,-122.445013,Residential Apartment,Reported Burglary at Residential Apartment
SYN-2025-00998,2025-11-05,13:58:53,Motor Vehicle Theft,Westside Arts,District 5,37.777395,-122.42988,Parking Facility,Reported Motor Vehicle Theft at Parking Facility
SYN-2025-03057,2025-11-05,17:05:21,Narcotics,South Rail Corridor,District 4,37.743468,-122.396761,Street / Sidewalk,Reported Narcotics at Street / Sidewalk
SYN-2025-01844,2025-11-05,17:45:59,Motor Vehicle Theft,Mission Commercial,District 3,37.766088,-122.418343,Street / Sidewalk,Reported Motor Vehicle Theft at Street / Sidewalk
SYN-2025-00940,2025-11-06,02:05:59,Theft / Larceny,Downtown Central,District 1,37.781203,-122.418085,Commercial Retail,Reported Theft / Larceny at Commercial Retail
SYN-2025-01640,2025-11-06,08:08:46,Motor Vehicle Theft,Mission Commercial,District 3,37.760208,-122.409808,Parking Facility,Reported Motor Vehicle Theft at Parking Facility
SYN-2025-04152,2025-11-06,12:05:28,Theft / Larceny,Mission Commercial,District 3,37.758651,-122.422647,Parking Facility,Reported Theft / Larceny at Parking Facility
SYN-2025-00035,2025-11-06,12:55:04,Burglary,South Rail Corridor,District 4,37.751788,-122.396178,,Reported Burglary at Commercial Retail
SYN-2025-01536,2025-11-06,19:34:28,Assault,South Rail Corridor,District 4,37.748252,-122.398771,Street / Sidewalk,Reported Assault at Street / Sidewalk
SYN-2025-01183,2025-11-07,11:39:26,Public Disorder,Waterfront Marina,District 2,37.809071,-122.438567,Bar / Restaurant,Reported Public Disorder at Bar / Restaurant
SYN-2025-01889,2025-11-07,12:14:30,Vandalism,Waterfront Marina,District 2,37.800073,-122.437827,Street / Sidewalk,Reported Vandalism at Street / Sidewalk
SYN-2025-00149,2025-11-07,14:45:27,Vandalism,Downtown Central,District 1,37.808303,-122.431795,Alleyway,Reported Vandalism at Alleyway
SYN-2025-02994,2025-11-07,15:34:00,Theft / Larceny,Westside Arts,District 5,37.775612,-122.432942,Parking Facility,Reported Theft / Larceny at Parking Facility
SYN-2025-00543,2025-11-07,17:13:36,Motor Vehicle Theft,Westside Arts,District 5,37.776627,-122.433548,Parking Facility,Reported Motor Vehicle Theft at Parking Facility
SYN-2025-04216,2025-11-07,17:53:34,Motor Vehicle Theft,Westside Arts,District 5,37.774416,-122.441121,Street / Sidewalk,Reported Motor Vehicle Theft at Street / Sidewalk
SYN-2025-02821,2025-11-07,18:47:01,Burglary,South Rail Corridor,District 4,37.748524,-122.383279,Residential Apartment,Reported Burglary at Residential Apartment
SYN-2025-03889,2025-11-08,06:56:07,Fraud,Westside Arts,District 5,37.779951,-122.442451,Park / Public Space,Reported Fraud at Park / Public Space
SYN-2025-00631,2025-11-08,10:19:37,Burglary,Downtown Central,District 1,37.781883,-122.411774,Commercial Retail,Reported Burglary at Commercial Retail
SYN-2025-04115,2025-11-08,11:02:04,Theft / Larceny,Downtown Central,District 1,37.78293,-122.414996,Transit Station,Reported Theft / Larceny at Transit Station
SYN-2025-02253,2025-11-08,17:23:11,Public Disorder,Westside Arts,District 5,37.775496,-122.438211,Street / Sidewalk,Reported Public Disorder at Street / Sidewalk
SYN-2025-02646,2025-11-08,19:36:33,Theft / Larceny,Waterfront Marina,District 2,37.802516,-122.438675,Alleyway,Reported Theft / Larceny at Alleyway
SYN-2025-03203,2025-11-08,21:20:38,Vandalism,South Rail Corridor,District 4,37.732456,-122.400655,Transit Station,Reported Vandalism at Transit Station
SYN-2025-01398,2025-11-09,12:56:03,Vandalism,Mission Commercial,District 3,37.763572,-122.419489,Parking Facility,Reported Vandalism at Parking Facility
SYN-2025-02567,2025-11-09,15:26:35,Theft / Larceny,Downtown Central,District 1,37.774892,-122.428222,Transit Station,Reported Theft / Larceny at Transit Station
SYN-2025-02497,2025-11-09,16:46:43,Assault,Downtown Central,District 1,37.772226,-122.409596,Bar / Restaurant,Reported Assault at Bar / Restaurant
SYN-2025-01513,2025-11-10,08:09:57,Theft / Larceny,Westside Arts,District 5,37.802413,-122.397274,Park / Public Space,Reported Theft / Larceny at Park / Public Space
SYN-2025-00824,2025-11-10,10:25:00,Burglary,Mission Commercial,District 3,37.759185,-122.416309,Residential Apartment,Reported Burglary at Residential Apartment
SYN-2025-03111,2025-11-10,13:59:42,Narcotics,Mission Commercial,District 3,37.76699,-122.416534,Bar / Restaurant,Reported Narcotics at Bar / Restaurant
SYN-2025-03583,2025-11-10,18:01:21,Robbery,Mission Commercial,District 3,37.76307,-122.423287,Bar / Restaurant,Reported Robbery at Bar / Restaurant
SYN-2025-03994,2025-11-10,18:41:12,Burglary,Westside Arts,District 5,37.777246,-122.441173,Residential Apartment,Reported Burglary at Residential Apartment
SYN-2025-01280,2025-11-11,07:07:03,Theft / Larceny,Westside Arts,District 5,37.774687,-122.436547,Commercial Retail,Reported Theft / Larceny at Commercial Retail
SYN-2025-01405,2025-11-11,09:30:51,Fraud,Mission Commercial,District 3,37.758886,-122.422894,Transit Station,Reported Fraud at Transit Station
SYN-2025-03397,2025-11-11,14:50:20,Assault,Downtown Central,District 1,37.776172,-122.406325,Street / Sidewalk,Reported Assault at Street / Sidewalk
SYN-2025-02889,2025-11-11,17:48:39,Burglary,Waterfront Marina,District 2,37.802374,-122.439401,Residential Apartment,Reported Burglary at Residential Apartment
SYN-2025-01131,2025-11-11,21:40:48,Fraud,Westside Arts,District 5,37.770015,-122.431565,Bar / Restaurant,Reported Fraud at Bar / Restaurant
SYN-2025-02080,2025-11-11,21:43:49,Assault,Downtown Central,District 1,37.778239,-122.417564,Park / Public Space,Reported Assault at Park / Public Space
SYN-2025-03409,2025-11-12,00:45:22,Vandalism,South Rail Corridor,District 4,37.746277,-122.396124,Parking Facility,Reported Vandalism at Parking Facility
SYN-2025-02517,2025-11-12,13:26:04,Burglary,Downtown Central,District 1,37.781043,-122.417082,Commercial Retail,Reported Burglary at Commercial Retail
SYN-2025-01909,2025-11-12,17:55:24,Vandalism,Waterfront Marina,District 2,37.797157,-122.430921,Alleyway,Reported Vandalism at Alleyway
SYN-2025-01708,2025-11-13,14:20:50,Burglary,Waterfront Marina,District 2,37.807394,-122.399236,Residential Apartment,Reported Burglary at Residential Apartment
SYN-2025-04150,2025-11-13,19:00:50,Theft / Larceny,Downtown Central,District 1,37.773208,-122.416226,Park / Public Space,Reported Theft / Larceny at Park / Public Space
SYN-2025-03720,2025-11-13,22:30:30,Fraud,Mission Commercial,District 3,37.760361,-122.410147,Park / Public Space,Reported Fraud at Park / Public Space
SYN-2025-02598,2025-11-14,02:29:43,Vandalism,Westside Arts,District 5,37.773072,-122.435773,Bar / Restaurant,Reported Vandalism at Bar / Restaurant
SYN-2025-00155,2025-11-14,04:34:18,Public Disorder,Waterfront Marina,District 2,37.801163,-122.439589,Park / Public Space,Reported Public Disorder at Park / Public Space
SYN-2025-03650,2025-11-14,11:21:57,Assault,Westside Arts,District 5,37.775114,-122.429689,Park / Public Space,Reported Assault at Park / Public Space
SYN-2025-04234,2025-11-14,17:14:09,Theft / Larceny,Downtown Central,District 1,37.783451,-122.410797,Alleyway,Reported Theft / Larceny at Alleyway
SYN-2025-00748,2025-11-14,18:29:38,Fraud,Westside Arts,District 5,37.773131,-122.433953,Park / Public Space,Reported Fraud at Park / Public Space
SYN-2025-01676,2025-11-15,13:17:05,Robbery,Downtown Central,District 1,37.77838,-122.415054,Bar / Restaurant,Reported Robbery at Bar / Restaurant
SYN-2025-00477,2025-11-15,16:42:33,Public Disorder,Downtown Central,District 1,37.777741,-122.420605,Street / Sidewalk,Reported Public Disorder at Street / Sidewalk
SYN-2025-01184,2025-11-15,20:07:50,Assault,Downtown Central,District 1,37.782638,-122.42262,Park / Public Space,Reported Assault at Park / Public Space
SYN-2025-02941,2025-11-16,11:43:53,Narcotics,South Rail Corridor,District 4,37.780429,-122.389012,Street / Sidewalk,Reported Narcotics at Street / Sidewalk
SYN-2025-03181,2025-11-16,12:20:13,Robbery,Downtown Central,District 1,37.759738,-122.431863,Commercial Retail,Reported Robbery at Commercial Retail
SYN-2025-04203,2025-11-16,19:40:29,Assault,Downtown Central,District 1,37.772308,-122.418465,Street / Sidewalk,Reported Assault at Street / Sidewalk
SYN-2025-03634,2025-11-16,20:23:52,Burglary,Waterfront Marina,District 2,37.807354,-122.432062,Commercial Retail,Reported Burglary at Commercial Retail
SYN-2025-00820,2025-11-17,08:34:40,Burglary,Westside Arts,District 5,37.780583,-122.437551,Commercial Retail,Reported Burglary at Commercial Retail
SYN-2025-00038,2025-11-17,14:42:58,Assault,Downtown Central,District 1,37.777716,-122.413075,,Reported Assault at Bar / Restaurant
SYN-2025-03214,2025-11-17,17:49:53,Theft / Larceny,Mission Commercial,District 3,37.768913,-122.41991,Street / Sidewalk,Reported Theft / Larceny at Street / Sidewalk
SYN-2025-00301,2025-11-17,17:56:21,Vandalism,Mission Commercial,District 3,37.755848,-122.413321,Residential Apartment,Reported Vandalism at Residential Apartment
SYN-2025-01114,2025-11-17,19:19:27,Theft / Larceny,Downtown Central,District 1,37.780466,-122.424431,Alleyway,Reported Theft / Larceny at Alleyway
SYN-2025-00661,2025-11-17,22:38:45,Burglary,Westside Arts,District 5,37.76773,-122.428253,Commercial Retail,Reported Burglary at Commercial Retail
SYN-2025-00952,2025-11-18,05:57:41,Motor Vehicle Theft,Mission Commercial,District 3,37.760409,-122.41779,Parking Facility,Reported Motor Vehicle Theft at Parking Facility
SYN-2025-00517,2025-11-18,09:17:07,Robbery,Downtown Central,District 1,37.776522,-122.413604,Commercial Retail,Reported Robbery at Commercial Retail
SYN-2025-03368,2025-11-18,09:38:40,Theft / Larceny,Mission Commercial,District 3,37.764087,-122.422058,Transit Station,Reported Theft / Larceny at Transit Station
SYN-2025-00330,2025-11-18,12:10:53,Fraud,Westside Arts,District 5,37.776933,-122.432994,Transit Station,Reported Fraud at Transit Station
SYN-2025-01271,2025-11-18,16:56:21,Robbery,South Rail Corridor,District 4,37.743008,-122.39792,Commercial Retail,Reported Robbery at Commercial Retail
SYN-2025-00643,2025-11-18,17:05:25,Motor Vehicle Theft,South Rail Corridor,District 4,37.743049,-122.394845,Street / Sidewalk,Reported Motor Vehicle Theft at Street / Sidewalk
SYN-2025-02516,2025-11-18,19:55:02,Theft / Larceny,Downtown Central,District 1,37.796205,-122.394805,Commercial Retail,Reported Theft / Larceny at Commercial Retail
SYN-2025-00662,2025-11-18,22:35:02,Vandalism,Mission Commercial,District 3,37.761532,-122.420477,Alleyway,Reported Vandalism at Alleyway
SYN-2025-01393,2025-11-19,06:29:51,Theft / Larceny,Waterfront Marina,District 2,37.805269,-122.437935,Park / Public Space,Reported Theft / Larceny at Park / Public Space
SYN-2025-03949,2025-11-19,12:59:01,Motor Vehicle Theft,Mission Commercial,District 3,37.761813,-122.416267,Parking Facility,Reported Motor Vehicle Theft at Parking Facility
SYN-2025-01276,2025-11-19,13:23:51,Narcotics,Mission Commercial,District 3,37.754764,-122.410988,Bar / Restaurant,Reported Narcotics at Bar / Restaurant
SYN-2025-04103,2025-11-19,20:34:48,Vandalism,Mission Commercial,District 3,37.767751,-122.420757,Commercial Retail,Reported Vandalism at Commercial Retail
SYN-2025-01473,2025-11-19,21:41:18,Theft / Larceny,Westside Arts,District 5,37.778199,-122.430715,Commercial Retail,Reported Theft / Larceny at Commercial Retail
SYN-2025-04371,2025-11-20,01:36:11,Assault,Westside Arts,District 5,37.768974,-122.434369,Street / Sidewalk,Reported Assault at Street / Sidewalk
SYN-2025-01588,2025-11-20,07:07:24,Motor Vehicle Theft,Mission Commercial,District 3,37.785576,-122.457447,Street / Sidewalk,Reported Motor Vehicle Theft at Street / Sidewalk
SYN-2025-03353,2025-11-20,09:53:59,Public Disorder,Westside Arts,District 5,37.7741,-122.435637,Park / Public Space,Reported Public Disorder at Park / Public Space
SYN-2025-01854,2025-11-20,15:14:22,Burglary,Waterfront Marina,District 2,37.797269,-122.427768,Residential Apartment,Reported Burglary at Residential Apartment
SYN-2025-01746,2025-11-20,18:54:32,Narcotics,Westside Arts,District 5,37.770443,-122.43806,Alleyway,Reported Narcotics at Alleyway
SYN-2025-00934,2025-11-20,21:26:02,Public Disorder,Downtown Central,District 1,37.771163,-122.417938,Street / Sidewalk,Reported Public Disorder at Street / Sidewalk
SYN-2025-01039,2025-11-21,08:16:50,Assault,Downtown Central,District 1,37.776281,-122.417086,Bar / Restaurant,Reported Assault at Bar / Restaurant
SYN-2025-04116,2025-11-21,08:27:47,Burglary,Mission Commercial,District 3,37.764449,-122.419033,Residential Apartment,Reported Burglary at Residential Apartment
SYN-2025-04254,2025-11-21,14:04:08,Narcotics,Waterfront Marina,District 2,37.7981,-122.433569,Commercial Retail,Reported Narcotics at Commercial Retail
SYN-2025-04179,2025-11-21,17:52:01,Public Disorder,Mission Commercial,District 3,37.786969,-122.428049,Street / Sidewalk,Reported Public Disorder at Street / Sidewalk
SYN-2025-00097,2025-11-22,01:56:35,Robbery,Downtown Central,District 1,37.771728,-122.415339,Commercial Retail,Reported Robbery at Commercial Retail
SYN-2025-01751,2025-11-22,12:29:25,Robbery,Mission Commercial,District 3,37.768337,-122.422136,Transit Station,Reported Robbery at Transit Station
SYN-2025-02763,2025-11-22,13:59:29,Assault,Downtown Central,District 1,37.771588,-122.407462,Street / Sidewalk,Reported Assault at Street / Sidewalk
SYN-2025-02376,2025-11-22,17:01:34,Theft / Larceny,Mission Commercial,District 3,37.759462,-122.418476,Transit Station,Reported Theft / Larceny at Transit Station
SYN-2025-00803,2025-11-23,01:42:41,Robbery,Downtown Central,District 1,37.769532,-122.424076,Parking Facility,Reported Robbery at Parking Facility
SYN-2025-01266,2025-11-23,07:04:05,Fraud,Downtown Central,District 1,37.788388,-122.411047,Street / Sidewalk,Reported Fraud at Street / Sidewalk
SYN-2025-01075,2025-11-23,11:20:39,Burglary,Waterfront Marina,District 2,37.799056,-122.437433,Residential Apartment,Reported Burglary at Residential Apartment
SYN-2025-00252,2025-11-23,13:09:36,Burglary,Westside Arts,District 5,37.770049,-122.44052,Commercial Retail,Reported Burglary at Commercial Retail
SYN-2025-02781,2025-11-23,13:49:06,Robbery,Downtown Central,District 1,37.775917,-122.410378,Parking Facility,Reported Robbery at Parking Facility
SYN-2025-02664,2025-11-23,17:53:10,Fraud,Westside Arts,District 5,37.774315,-122.435148,Residential Apartment,Reported Fraud at Residential Apartment
SYN-2025-03620,2025-11-23,23:00:06,Public Disorder,Downtown Central,District 1,37.774553,-122.420941,Park / Public Space,Reported Public Disorder at Park / Public Space
SYN-2025-04056,2025-11-23,23:37:36,Assault,Westside Arts,District 5,37.736765,-122.405778,Park / Public Space,Reported Assault at Park / Public Space
SYN-2025-00742,2025-11-24,02:54:24,Assault,Mission Commercial,District 3,37.755239,-122.42244,Street / Sidewalk,Reported Assault at Street / Sidewalk
SYN-2025-03455,2025-11-24,15:23:18,Robbery,Downtown Central,District 1,37.773486,-122.424866,Transit Station,Reported Robbery at Transit Station
SYN-2025-04412,2025-11-24,17:58:27,Burglary,Waterfront Marina,District 2,37.806861,-122.438112,Residential Apartment,Reported Burglary at Residential Apartment
SYN-2025-01156,2025-11-25,12:28:07,Fraud,South Rail Corridor,District 4,37.810403,-122.419236,Alleyway,Reported Fraud at Alleyway
SYN-2025-02016,2025-11-25,15:04:03,Theft / Larceny,Mission Commercial,District 3,37.765024,-122.423512,Commercial Retail,Reported Theft / Larceny at Commercial Retail
SYN-2025-00351,2025-11-25,19:46:36,Fraud,Downtown Central,District 1,37.77648,-122.423166,Park / Public Space,Reported Fraud at Park / Public Space
SYN-2025-00735,2025-11-25,23:43:34,Assault,Westside Arts,District 5,37.76844,-122.406152,Street / Sidewalk,Reported Assault at Street / Sidewalk
SYN-2025-03236,2025-11-26,10:22:27,Narcotics,Westside Arts,District 5,37.778017,-122.433213,Alleyway,Reported Narcotics at Alleyway
SYN-2025-03254,2025-11-26,10:49:03,Narcotics,Downtown Central,District 1,37.772967,-122.414712,Commercial Retail,Reported Narcotics at Commercial Retail
SYN-2025-00978,2025-11-26,12:37:26,Burglary,South Rail Corridor,District 4,37.776807,-122.432538,Residential Apartment,Reported Burglary at Residential Apartment
SYN-2025-01967,2025-11-26,14:11:25,Theft / Larceny,Mission Commercial,District 3,37.758862,-122.422793,Bar / Restaurant,Reported Theft / Larceny at Bar / Restaurant
SYN-2025-04047,2025-11-26,15:11:23,Fraud,Westside Arts,District 5,37.779024,-122.439434,Parking Facility,Reported Fraud at Parking Facility
SYN-2025-01870,2025-11-26,17:55:49,Theft / Larceny,Mission Commercial,District 3,37.763769,-122.420216,Street / Sidewalk,Reported Theft / Larceny at Street / Sidewalk
SYN-2025-01829,2025-11-26,19:37:56,Public Disorder,Westside Arts,District 5,37.774988,-122.435197,Bar / Restaurant,Reported Public Disorder at Bar / Restaurant
SYN-2025-00128,2025-11-26,19:41:21,Theft / Larceny,Downtown Central,District 1,37.777847,-122.423922,Bar / Restaurant,Reported Theft / Larceny at Bar / Restaurant
SYN-2025-03566,2025-11-26,20:30:41,Vandalism,Mission Commercial,District 3,37.759212,-122.425687,Transit Station,Reported Vandalism at Transit Station
SYN-2025-04264,2025-11-26,21:29:46,Theft / Larceny,Downtown Central,District 1,37.785439,-122.419924,Transit Station,Reported Theft / Larceny at Transit Station
SYN-2025-03256,2025-11-27,07:27:49,Burglary,South Rail Corridor,District 4,37.748528,-122.386756,Residential Apartment,Reported Burglary at Residential Apartment
SYN-2025-04202,2025-11-27,13:50:40,Burglary,Westside Arts,District 5,37.772959,-122.431848,Commercial Retail,Reported Burglary at Commercial Retail
SYN-2025-00825,2025-11-27,17:09:47,Vandalism,Westside Arts,District 5,37.771034,-122.424776,Street / Sidewalk,Reported Vandalism at Street / Sidewalk
SYN-2025-03697,2025-11-27,17:23:28,Theft / Larceny,Downtown Central,District 1,37.778255,-122.408518,Transit Station,Reported Theft / Larceny at Transit Station
SYN-2025-03024,2025-11-28,09:19:10,Vandalism,South Rail Corridor,District 4,37.741464,-122.398776,Alleyway,Reported Vandalism at Alleyway
SYN-2025-00333,2025-11-28,12:03:55,Theft / Larceny,Waterfront Marina,District 2,37.811269,-122.437748,Residential Apartment,Reported Theft / Larceny at Residential Apartment
SYN-2025-04197,2025-11-28,13:45:23,Fraud,Westside Arts,District 5,37.777327,-122.436972,Bar / Restaurant,Reported Fraud at Bar / Restaurant
SYN-2025-01032,2025-11-28,14:41:27,Vandalism,Waterfront Marina,District 2,37.794361,-122.4278,Park / Public Space,Reported Vandalism at Park / Public Space
SYN-2025-01644,2025-11-29,20:50:57,Fraud,Westside Arts,District 5,37.773211,-122.431589,Alleyway,Reported Fraud at Alleyway
SYN-2025-00324,2025-11-29,21:41:11,Public Disorder,Westside Arts,District 5,37.771789,-122.426161,Park / Public Space,Reported Public Disorder at Park / Public Space
SYN-2025-03348,2025-11-30,10:49:36,Burglary,Westside Arts,District 5,37.773217,-122.441565,Commercial Retail,Reported Burglary at Commercial Retail
SYN-2025-01285,2025-11-30,11:48:10,Theft / Larceny,Downtown Central,District 1,37.786485,-122.414015,Park / Public Space,Reported Theft / Larceny at Park / Public Space
SYN-2025-03924,2025-11-30,13:50:00,Vandalism,Downtown Central,District 1,37.786531,-122.419594,Street / Sidewalk,Reported Vandalism at Street / Sidewalk
SYN-2025-03091,2025-11-30,15:59:10,Public Disorder,Downtown Central,District 1,37.780339,-122.411011,Park / Public Space,Reported Public Disorder at Park / Public Space
SYN-2025-01548,2025-11-30,16:17:50,Public Disorder,Mission Commercial,District 3,37.764248,-122.422025,Bar / Restaurant,Reported Public Disorder at Bar / Restaurant
SYN-2025-02787,2025-11-30,23:00:35,Vandalism,Mission Commercial,District 3,37.766523,-122.41737,Alleyway,Reported Vandalism at Alleyway
SYN-2025-03687,2025-12-01,02:34:03,Narcotics,South Rail Corridor,District 4,37.7546,-122.404132,Bar / Restaurant,Reported Narcotics at Bar / Restaurant
SYN-2025-01738,2025-12-01,09:38:05,Robbery,Mission Commercial,District 3,37.756053,-122.415205,Commercial Retail,Reported Robbery at Commercial Retail
SYN-2025-02413,2025-12-01,10:14:48,Public Disorder,Mission Commercial,District 3,37.761889,-122.425142,Street / Sidewalk,Reported Public Disorder at Street / Sidewalk
SYN-2025-02510,2025-12-01,11:15:18,Assault,Waterfront Marina,District 2,37.804773,-122.440897,Bar / Restaurant,Reported Assault at Bar / Restaurant
SYN-2025-01030,2025-12-01,14:20:02,Motor Vehicle Theft,Mission Commercial,District 3,37.767683,-122.418219,Parking Facility,Reported Motor Vehicle Theft at Parking Facility
SYN-2025-03815,2025-12-01,15:51:45,Motor Vehicle Theft,Westside Arts,District 5,37.771772,-122.434178,Street / Sidewalk,Reported Motor Vehicle Theft at Street / Sidewalk
SYN-2025-02450,2025-12-01,17:06:23,Robbery,Downtown Central,District 1,37.786832,-122.417475,Commercial Retail,Reported Robbery at Commercial Retail
SYN-2025-04224,2025-12-02,11:01:34,Theft / Larceny,Waterfront Marina,District 2,37.809954,-122.438343,Transit Station,Reported Theft / Larceny at Transit Station
SYN-2025-02693,2025-12-02,14:38:02,Burglary,South Rail Corridor,District 4,37.743213,-122.38781,Commercial Retail,Reported Burglary at Commercial Retail
SYN-2025-01255,2025-12-02,15:01:39,Motor Vehicle Theft,Westside Arts,District 5,37.776046,-122.433678,Parking Facility,Reported Motor Vehicle Theft at Parking Facility
SYN-2025-04156,2025-12-02,15:20:33,Vandalism,Mission Commercial,District 3,37.763953,-122.408445,Transit Station,Reported Vandalism at Transit Station
SYN-2025-04011,2025-12-03,00:05:46,Assault,Downtown Central,District 1,37.780975,-122.416982,Bar / Restaurant,Reported Assault at Bar / Restaurant
SYN-2025-02814,2025-12-03,03:28:23,Assault,South Rail Corridor,District 4,37.749224,-122.393524,Street / Sidewalk,Reported Assault at Street / Sidewalk
SYN-2025-03327,2025-12-03,03:51:30,Vandalism,Downtown Central,District 1,37.781777,-122.416335,Bar / Restaurant,Reported Vandalism at Bar / Restaurant
SYN-2025-02455,2025-12-03,08:06:05,Motor Vehicle Theft,Mission Commercial,District 3,37.761861,-122.417161,Street / Sidewalk,Reported Motor Vehicle Theft at Street / Sidewalk
SYN-2025-01715,2025-12-03,08:23:24,Theft / Larceny,Downtown Central,District 1,37.772904,-122.420233,Alleyway,Reported Theft / Larceny at Alleyway
SYN-2025-00483,2025-12-03,11:09:27,Fraud,South Rail Corridor,District 4,37.754507,-122.386003,Park / Public Space,Reported Fraud at Park / Public Space
SYN-2025-03189,2025-12-04,09:11:19,Public Disorder,Waterfront Marina,District 2,37.802354,-122.437024,Street / Sidewalk,Reported Public Disorder at Street / Sidewalk
SYN-2025-03872,2025-12-04,09:38:11,Theft / Larceny,Downtown Central,District 1,37.774527,-122.420847,Commercial Retail,Reported Theft / Larceny at Commercial Retail
SYN-2025-04138,2025-12-04,12:04:45,Robbery,Downtown Central,District 1,37.779564,-122.420947,Street / Sidewalk,Reported Robbery at Street / Sidewalk
SYN-2025-01363,2025-12-04,14:02:57,Burglary,Westside Arts,District 5,37.772941,-122.437043,Residential Apartment,Reported Burglary at Residential Apartment
SYN-2025-03630,2025-12-04,18:55:07,Motor Vehicle Theft,Westside Arts,District 5,37.779444,-122.437479,Parking Facility,Reported Motor Vehicle Theft at Parking Facility
SYN-2025-01341,2025-12-04,20:12:30,Theft / Larceny,Mission Commercial,District 3,37.762445,-122.418308,Parking Facility,Reported Theft / Larceny at Parking Facility
SYN-2025-02239,2025-12-05,00:20:18,Vandalism,Downtown Central,District 1,37.777441,-122.417136,Bar / Restaurant,Reported Vandalism at Bar / Restaurant
SYN-2025-02702,2025-12-05,07:50:10,Theft / Larceny,Waterfront Marina,District 2,37.801675,-122.437621,Transit Station,Reported Theft / Larceny at Transit Station
SYN-2025-02759,2025-12-05,09:45:46,Vandalism,Downtown Central,District 1,37.781243,-122.414992,Residential Apartment,Reported Vandalism at Residential Apartment
SYN-2025-03603,2025-12-05,12:32:35,Fraud,Westside Arts,District 5,37.779744,-122.429585,Bar / Restaurant,Reported Fraud at Bar / Restaurant
SYN-2025-03746,2025-12-05,13:04:53,Burglary,Downtown Central,District 1,37.783646,-122.421902,Commercial Retail,Reported Burglary at Commercial Retail
SYN-2025-00235,2025-12-05,14:25:29,Theft / Larceny,Waterfront Marina,District 2,37.804043,-122.436682,Parking Facility,Reported Theft / Larceny at Parking Facility
SYN-2025-03635,2025-12-05,15:36:15,Narcotics,Downtown Central,District 1,37.771688,-122.425137,Residential Apartment,Reported Narcotics at Residential Apartment
SYN-2025-00558,2025-12-06,06:40:28,Burglary,Westside Arts,District 5,37.819675,-122.440921,Residential Apartment,Reported Burglary at Residential Apartment
SYN-2025-03259,2025-12-06,13:20:05,Assault,Waterfront Marina,District 2,37.803478,-122.44006,Bar / Restaurant,Reported Assault at Bar / Restaurant
SYN-2025-03793,2025-12-06,22:45:53,Public Disorder,Downtown Central,District 1,37.772783,-122.426646,Street / Sidewalk,Reported Public Disorder at Street / Sidewalk
SYN-2025-02685,2025-12-06,22:59:48,Robbery,South Rail Corridor,District 4,37.739589,-122.391835,Commercial Retail,Reported Robbery at Commercial Retail
SYN-2025-00063,2025-12-07,09:13:47,Assault,Mission Commercial,District 3,37.767507,-122.419924,Park / Public Space,Reported Assault at Park / Public Space
SYN-2025-03401,2025-12-07,10:00:23,Motor Vehicle Theft,Downtown Central,District 1,37.778821,-122.411936,Street / Sidewalk,Reported Motor Vehicle Theft at Street / Sidewalk
SYN-2025-04299,2025-12-07,16:19:06,Public Disorder,Downtown Central,District 1,37.77542,-122.410268,Park / Public Space,Reported Public Disorder at Park / Public Space
SYN-2025-02401,2025-12-07,17:17:19,Theft / Larceny,Mission Commercial,District 3,37.756192,-122.426872,Park / Public Space,Reported Theft / Larceny at Park / Public Space
SYN-2025-04046,2025-12-08,12:33:02,Vandalism,South Rail Corridor,District 4,37.747316,-122.385861,Parking Facility,Reported Vandalism at Parking Facility
SYN-2025-01471,2025-12-08,19:01:05,Motor Vehicle Theft,Downtown Central,District 1,37.783342,-122.405949,Street / Sidewalk,Reported Motor Vehicle Theft at Street / Sidewalk
SYN-2025-01321,2025-12-09,04:43:24,Vandalism,Downtown Central,District 1,37.785203,-122.418066,Alleyway,Reported Vandalism at Alleyway
SYN-2025-01539,2025-12-09,18:42:53,Narcotics,Mission Commercial,District 3,37.759451,-122.416962,Transit Station,Reported Narcotics at Transit Station
SYN-2025-00551,2025-12-09,21:49:49,Public Disorder,Downtown Central,District 1,37.7834,-122.415181,Bar / Restaurant,Reported Public Disorder at Bar / Restaurant
SYN-2025-00231,2025-12-10,04:54:50,Assault,Waterfront Marina,District 2,37.802323,-122.430557,Bar / Restaurant,Reported Assault at Bar / Restaurant
SYN-2025-00085,2025-12-10,06:21:54,Fraud,Westside Arts,District 5,37.778166,-122.437706,Park / Public Space,Reported Fraud at Park / Public Space
SYN-2025-03334,2025-12-10,08:39:47,Theft / Larceny,Mission Commercial,District 3,37.765981,-122.426165,Bar / Restaurant,Reported Theft / Larceny at Bar / Restaurant
SYN-2025-01562,2025-12-10,14:21:01,Public Disorder,Downtown Central,District 1,37.802146,-122.4302,Bar / Restaurant,Reported Public Disorder at Bar / Restaurant
SYN-2025-01858,2025-12-10,17:11:47,Narcotics,Westside Arts,District 5,37.771026,-122.431118,Parking Facility,Reported Narcotics at Parking Facility
SYN-2025-01582,2025-12-10,18:45:56,Assault,Mission Commercial,District 3,37.751131,-122.420982,Bar / Restaurant,Reported Assault at Bar / Restaurant
SYN-2025-02185,2025-12-11,02:39:47,Theft / Larceny,Mission Commercial,District 3,37.761383,-122.413224,Transit Station,Reported Theft / Larceny at Transit Station
SYN-2025-04059,2025-12-11,15:44:31,Theft / Larceny,Waterfront Marina,District 2,37.798363,-122.442068,Street / Sidewalk,Reported Theft / Larceny at Street / Sidewalk
SYN-2025-04459,2025-12-11,19:31:28,Burglary,Westside Arts,District 5,37.782923,-122.435885,Commercial Retail,Reported Burglary at Commercial Retail
SYN-2025-01505,2025-12-11,20:32:23,Theft / Larceny,South Rail Corridor,District 4,37.74821,-122.388542,Commercial Retail,Reported Theft / Larceny at Commercial Retail
SYN-2025-03588,2025-12-11,20:35:09,Theft / Larceny,Waterfront Marina,District 2,37.796355,-122.436664,Commercial Retail,Reported Theft / Larceny at Commercial Retail
SYN-2025-02800,2025-12-11,23:41:42,Burglary,Downtown Central,District 1,37.771464,-122.410599,Commercial Retail,Reported Burglary at Commercial Retail
SYN-2025-01641,2025-12-12,08:30:05,Assault,Mission Commercial,District 3,37.753322,-122.420617,Bar / Restaurant,Reported Assault at Bar / Restaurant
SYN-2025-01249,2025-12-12,13:34:18,Robbery,Downtown Central,District 1,37.771106,-122.410869,Commercial Retail,Reported Robbery at Commercial Retail
SYN-2025-03407,2025-12-12,14:57:04,Vandalism,Mission Commercial,District 3,37.759862,-122.420796,Transit Station,Reported Vandalism at Transit Station
SYN-2025-01354,2025-12-12,18:38:42,Public Disorder,Waterfront Marina,District 2,37.807362,-122.437841,Bar / Restaurant,Reported Public Disorder at Bar / Restaurant
SYN-2025-02052,2025-12-12,22:59:33,Theft / Larceny,Downtown Central,District 1,37.784596,-122.412317,Bar / Restaurant,Reported Theft / Larceny at Bar / Restaurant
SYN-2025-01217,2025-12-13,07:45:38,Burglary,South Rail Corridor,District 4,37.746191,-122.387584,Commercial Retail,Reported Burglary at Commercial Retail
SYN-2025-01431,2025-12-13,13:09:17,Vandalism,Downtown Central,District 1,37.775304,-122.412743,Commercial Retail,Reported Vandalism at Commercial Retail
SYN-2025-00534,2025-12-13,17:27:39,Robbery,Downtown Central,District 1,37.779766,-122.412011,Alleyway,Reported Robbery at Alleyway
SYN-2025-02855,2025-12-13,18:04:44,Assault,Mission Commercial,District 3,37.765876,-122.414084,Park / Public Space,Reported Assault at Park / Public Space
SYN-2025-00794,2025-12-13,18:38:55,Public Disorder,Mission Commercial,District 3,37.808288,-122.454401,Park / Public Space,Reported Public Disorder at Park / Public Space
SYN-2025-00318,2025-12-13,18:55:14,Vandalism,Downtown Central,District 1,37.773011,-122.413547,Park / Public Space,Reported Vandalism at Park / Public Space
SYN-2025-01735,2025-12-13,20:08:45,Assault,Mission Commercial,District 3,37.760252,-122.412642,Park / Public Space,Reported Assault at Park / Public Space
SYN-2025-00237,2025-12-14,04:02:51,Burglary,Westside Arts,District 5,37.774047,-122.436935,Commercial Retail,Reported Burglary at Commercial Retail
SYN-2025-03330,2025-12-14,09:25:06,Assault,Downtown Central,District 1,37.783078,-122.418722,Street / Sidewalk,Reported Assault at Street / Sidewalk
SYN-2025-03804,2025-12-14,17:47:39,Assault,Mission Commercial,District 3,37.75794,-122.422123,Street / Sidewalk,Reported Assault at Street / Sidewalk
SYN-2025-03838,2025-12-14,18:49:05,Public Disorder,Waterfront Marina,District 2,37.758313,-122.455557,Bar / Restaurant,Reported Public Disorder at Bar / Restaurant
SYN-2025-00789,2025-12-14,21:49:44,Theft / Larceny,Downtown Central,District 1,37.7781,-122.418553,Park / Public Space,Reported Theft / Larceny at Park / Public Space
SYN-2025-00099,2025-12-14,22:26:37,Public Disorder,Westside Arts,District 5,37.771321,-122.434753,Park / Public Space,Reported Public Disorder at Park / Public Space
SYN-2025-03542,2025-12-14,22:54:25,Theft / Larceny,Downtown Central,District 1,37.783691,-122.413821,Transit Station,Reported Theft / Larceny at Transit Station
SYN-2025-00082,2025-12-15,10:24:14,Public Disorder,Waterfront Marina,District 2,37.799769,-122.444721,Street / Sidewalk,Reported Public Disorder at Street / Sidewalk
SYN-2025-04436,2025-12-15,12:54:38,Robbery,Downtown Central,District 1,37.779657,-122.425042,Park / Public Space,Reported Robbery at Park / Public Space
SYN-2025-00766,2025-12-15,14:54:35,Public Disorder,Downtown Central,District 1,37.778568,-122.422633,Bar / Restaurant,Reported Public Disorder at Bar / Restaurant
SYN-2025-04139,2025-12-15,16:41:14,Vandalism,South Rail Corridor,District 4,37.738506,-122.39038,Residential Apartment,Reported Vandalism at Residential Apartment
SYN-2025-02720,2025-12-15,18:10:20,Fraud,Westside Arts,District 5,37.770952,-122.433697,Street / Sidewalk,Reported Fraud at Street / Sidewalk
SYN-2025-03530,2025-12-15,18:19:20,Assault,Downtown Central,District 1,37.776523,-122.429632,Bar / Restaurant,Reported Assault at Bar / Restaurant
SYN-2025-03472,2025-12-15,19:19:42,Vandalism,Downtown Central,District 1,37.775195,-122.416887,Street / Sidewalk,Reported Vandalism at Street / Sidewalk
SYN-2025-02069,2025-12-15,20:35:24,Narcotics,Downtown Central,District 1,37.779922,-122.417841,Park / Public Space,Reported Narcotics at Park / Public Space
SYN-2025-02337,2025-12-16,00:58:22,Motor Vehicle Theft,South Rail Corridor,District 4,37.750815,-122.38989,Parking Facility,Reported Motor Vehicle Theft at Parking Facility
SYN-2025-01241,2025-12-16,03:53:02,Theft / Larceny,Downtown Central,District 1,37.7786,-122.422921,Parking Facility,Reported Theft / Larceny at Parking Facility
SYN-2025-02666,2025-12-16,10:26:08,Public Disorder,Downtown Central,District 1,37.787914,-122.418758,Street / Sidewalk,Reported Public Disorder at Street / Sidewalk
SYN-2025-04358,2025-12-16,10:57:04,Theft / Larceny,Downtown Central,District 1,37.785798,-122.415622,Parking Facility,Reported Theft / Larceny at Parking Facility
SYN-2025-01108,2025-12-16,15:24:53,Motor Vehicle Theft,Mission Commercial,District 3,37.756103,-122.410491,Street / Sidewalk,Reported Motor Vehicle Theft at Street / Sidewalk
SYN-2025-04066,2025-12-16,19:30:36,Vandalism,South Rail Corridor,District 4,37.749806,-122.395396,Bar / Restaurant,Reported Vandalism at Bar / Restaurant
SYN-2025-03904,2025-12-17,02:21:52,Vandalism,Downtown Central,District 1,37.78264,-122.420334,Bar / Restaurant,Reported Vandalism at Bar / Restaurant
SYN-2025-03153,2025-12-17,12:29:44,Theft / Larceny,Waterfront Marina,District 2,37.802454,-122.440412,Transit Station,Reported Theft / Larceny at Transit Station
SYN-2025-01402,2025-12-17,13:36:05,Robbery,Downtown Central,District 1,37.780989,-122.417046,Park / Public Space,Reported Robbery at Park / Public Space
SYN-2025-04301,2025-12-17,15:49:13,Robbery,Downtown Central,District 1,37.774076,-122.417444,Transit Station,Reported Robbery at Transit Station
SYN-2025-01534,2025-12-17,20:31:15,Narcotics,South Rail Corridor,District 4,37.758479,-122.391076,Parking Facility,Reported Narcotics at Parking Facility
SYN-2025-00175,2025-12-18,00:20:26,Burglary,Downtown Central,District 1,37.774855,-122.420495,Commercial Retail,Reported Burglary at Commercial Retail
SYN-2025-03598,2025-12-18,12:37:47,Motor Vehicle Theft,Westside Arts,District 5,37.773529,-122.438946,Street / Sidewalk,Reported Motor Vehicle Theft at Street / Sidewalk
SYN-2025-02357,2025-12-18,16:04:43,Vandalism,Downtown Central,District 1,37.769366,-122.416082,Bar / Restaurant,Reported Vandalism at Bar / Restaurant
SYN-2025-01855,2025-12-18,22:30:31,Theft / Larceny,Mission Commercial,District 3,37.758754,-122.42637,Bar / Restaurant,Reported Theft / Larceny at Bar / Restaurant
SYN-2025-00270,2025-12-19,00:31:22,Motor Vehicle Theft,Mission Commercial,District 3,37.76487,-122.41401,Parking Facility,Reported Motor Vehicle Theft at Parking Facility
SYN-2025-00034,2025-12-19,20:54:30,Vandalism,Downtown Central,District 1,37.781354,-122.419466,,Reported Vandalism at Transit Station
SYN-2025-02831,2025-12-20,00:32:49,Motor Vehicle Theft,Westside Arts,District 5,37.778917,-122.43401,Street / Sidewalk,Reported Motor Vehicle Theft at Street / Sidewalk
SYN-2025-04227,2025-12-20,07:36:33,Narcotics,Waterfront Marina,District 2,37.811639,-122.443976,Alleyway,Reported Narcotics at Alleyway
SYN-2025-01223,2025-12-20,16:08:06,Vandalism,South Rail Corridor,District 4,37.757287,-122.385588,Alleyway,Reported Vandalism at Alleyway
SYN-2025-00584,2025-12-20,19:14:20,Theft / Larceny,Mission Commercial,District 3,37.763393,-122.417573,Bar / Restaurant,Reported Theft / Larceny at Bar / Restaurant
SYN-2025-04063,2025-12-21,11:26:32,Theft / Larceny,Downtown Central,District 1,37.77941,-122.420265,Transit Station,Reported Theft / Larceny at Transit Station
SYN-2025-01268,2025-12-21,12:51:35,Robbery,Downtown Central,District 1,37.772475,-122.418343,Parking Facility,Reported Robbery at Parking Facility
SYN-2025-01567,2025-12-21,13:13:04,Vandalism,Mission Commercial,District 3,37.760671,-122.420769,Parking Facility,Reported Vandalism at Parking Facility
SYN-2025-00899,2025-12-21,18:44:27,Theft / Larceny,Mission Commercial,District 3,37.75805,-122.420306,Commercial Retail,Reported Theft / Larceny at Commercial Retail
SYN-2025-00580,2025-12-21,19:23:40,Public Disorder,Mission Commercial,District 3,37.75821,-122.423585,Bar / Restaurant,Reported Public Disorder at Bar / Restaurant
SYN-2025-01554,2025-12-22,10:50:02,Assault,Downtown Central,District 1,37.776597,-122.412301,Street / Sidewalk,Reported Assault at Street / Sidewalk
SYN-2025-00005,2025-12-22,17:49:18,Public Disorder,South Rail Corridor,District 4,37.738837,-122.388937,Bar / Restaurant,Reported Public Disorder at Bar / Restaurant
SYN-2025-00005,2025-12-22,17:49:18,Public Disorder,South Rail Corridor,District 4,37.738837,-122.388937,Bar / Restaurant,Reported Public Disorder at Bar / Restaurant
SYN-2025-00583,2025-12-22,18:13:08,Burglary,South Rail Corridor,District 4,37.748259,-122.401326,Residential Apartment,Reported Burglary at Residential Apartment
SYN-2025-00305,2025-12-22,22:10:38,Vandalism,Waterfront Marina,District 2,37.806456,-122.437723,Commercial Retail,Reported Vandalism at Commercial Retail
SYN-2025-03524,2025-12-23,00:24:48,Assault,Mission Commercial,District 3,37.75801,-122.416196,Bar / Restaurant,Reported Assault at Bar / Restaurant
SYN-2025-03451,2025-12-23,09:18:26,Public Disorder,Downtown Central,District 1,37.780666,-122.416771,Street / Sidewalk,Reported Public Disorder at Street / Sidewalk
SYN-2025-02675,2025-12-23,11:03:45,Burglary,South Rail Corridor,District 4,37.743459,-122.397154,Residential Apartment,Reported Burglary at Residential Apartment
SYN-2025-04361,2025-12-23,20:49:03,Robbery,Downtown Central,District 1,37.777694,-122.423589,Commercial Retail,Reported Robbery at Commercial Retail
SYN-2025-01848,2025-12-24,00:59:12,Fraud,Westside Arts,District 5,37.77561,-122.433499,Residential Apartment,Reported Fraud at Residential Apartment
SYN-2025-00047,2025-12-24,10:26:26,Vandalism,Downtown Central,District 1,37.769872,-122.411993,Street / Sidewalk,Reported Vandalism at Street / Sidewalk
SYN-2025-01165,2025-12-24,11:38:37,Theft / Larceny,Mission Commercial,District 3,37.753813,-122.412365,Park / Public Space,Reported Theft / Larceny at Park / Public Space
SYN-2025-00850,2025-12-24,14:22:51,Vandalism,Mission Commercial,District 3,37.758213,-122.427899,Bar / Restaurant,Reported Vandalism at Bar / Restaurant
SYN-2025-00997,2025-12-24,15:11:41,Theft / Larceny,Downtown Central,District 1,37.780664,-122.419046,Park / Public Space,Reported Theft / Larceny at Park / Public Space
SYN-2025-03774,2025-12-24,15:18:12,Theft / Larceny,Downtown Central,District 1,37.77571,-122.418827,Park / Public Space,Reported Theft / Larceny at Park / Public Space
SYN-2025-01441,2025-12-24,17:31:00,Vandalism,South Rail Corridor,District 4,37.746353,-122.398848,Residential Apartment,Reported Vandalism at Residential Apartment
SYN-2025-02460,2025-12-24,20:06:26,Theft / Larceny,Downtown Central,District 1,37.776009,-122.413672,Alleyway,Reported Theft / Larceny at Alleyway
SYN-2025-00372,2025-12-25,10:11:33,Robbery,Downtown Central,District 1,37.775344,-122.414462,Bar / Restaurant,Reported Robbery at Bar / Restaurant
SYN-2025-03221,2025-12-25,12:04:22,Robbery,Downtown Central,District 1,37.772409,-122.408435,Residential Apartment,Reported Robbery at Residential Apartment
SYN-2025-02978,2025-12-25,17:23:40,Motor Vehicle Theft,South Rail Corridor,District 4,37.74479,-122.391757,Parking Facility,Reported Motor Vehicle Theft at Parking Facility
SYN-2025-04362,2025-12-25,19:08:42,Vandalism,Westside Arts,District 5,37.767713,-122.432503,Parking Facility,Reported Vandalism at Parking Facility
SYN-2025-02537,2025-12-25,19:19:20,Vandalism,South Rail Corridor,District 4,37.753665,-122.388687,Parking Facility,Reported Vandalism at Parking Facility
SYN-2025-02499,2025-12-25,22:31:21,Public Disorder,Downtown Central,District 1,37.77873,-122.414007,Park / Public Space,Reported Public Disorder at Park / Public Space
SYN-2025-01489,2025-12-26,18:51:09,Theft / Larceny,Waterfront Marina,District 2,37.800609,-122.444617,Alleyway,Reported Theft / Larceny at Alleyway
SYN-2025-02580,2025-12-26,20:14:49,Burglary,Mission Commercial,District 3,37.760776,-122.421354,Commercial Retail,Reported Burglary at Commercial Retail
SYN-2025-02748,2025-12-26,20:54:25,Assault,Mission Commercial,District 3,37.789878,-122.417662,Bar / Restaurant,Reported Assault at Bar / Restaurant
SYN-2025-03487,2025-12-27,01:54:47,Public Disorder,Downtown Central,District 1,37.776898,-122.411544,Bar / Restaurant,Reported Public Disorder at Bar / Restaurant
SYN-2025-02561,2025-12-27,12:40:10,Assault,South Rail Corridor,District 4,37.745259,-122.406033,Street / Sidewalk,Reported Assault at Street / Sidewalk
SYN-2025-00830,2025-12-27,12:41:10,Burglary,Mission Commercial,District 3,37.761722,-122.416785,Commercial Retail,Reported Burglary at Commercial Retail
SYN-2025-02774,2025-12-27,13:07:27,Vandalism,Waterfront Marina,District 2,37.795501,-122.435813,Bar / Restaurant,Reported Vandalism at Bar / Restaurant
SYN-2025-03521,2025-12-27,14:29:24,Theft / Larceny,Waterfront Marina,District 2,37.804915,-122.441496,Bar / Restaurant,Reported Theft / Larceny at Bar / Restaurant
SYN-2025-04465,2025-12-27,15:02:00,Assault,Downtown Central,District 1,37.77476,-122.423426,Street / Sidewalk,Reported Assault at Street / Sidewalk
SYN-2025-04017,2025-12-27,17:53:26,Public Disorder,Downtown Central,District 1,37.775785,-122.413897,Park / Public Space,Reported Public Disorder at Park / Public Space
SYN-2025-03488,2025-12-27,20:24:13,Theft / Larceny,Westside Arts,District 5,37.775785,-122.436253,Residential Apartment,Reported Theft / Larceny at Residential Apartment
SYN-2025-03792,2025-12-27,21:28:35,Public Disorder,Waterfront Marina,District 2,37.804046,-122.439176,Bar / Restaurant,Reported Public Disorder at Bar / Restaurant
SYN-2025-04369,2025-12-28,09:05:28,Fraud,Waterfront Marina,District 2,37.800145,-122.440893,Park / Public Space,Reported Fraud at Park / Public Space
SYN-2025-03732,2025-12-28,11:55:57,Robbery,Westside Arts,District 5,37.776586,-122.432291,Bar / Restaurant,Reported Robbery at Bar / Restaurant
SYN-2025-02771,2025-12-28,14:11:13,Burglary,Westside Arts,District 5,37.770662,-122.44968,Commercial Retail,Reported Burglary at Commercial Retail
SYN-2025-02282,2025-12-28,21:13:21,Vandalism,Downtown Central,District 1,37.775946,-122.414967,Parking Facility,Reported Vandalism at Parking Facility
SYN-2025-02124,2025-12-29,09:51:34,Public Disorder,Downtown Central,District 1,37.785078,-122.407381,Street / Sidewalk,Reported Public Disorder at Street / Sidewalk
SYN-2025-02802,2025-12-29,11:15:57,Robbery,Downtown Central,District 1,37.772152,-122.419433,Park / Public Space,Reported Robbery at Park / Public Space
SYN-2025-04400,2025-12-29,12:14:11,Assault,Westside Arts,District 5,37.770281,-122.428014,Bar / Restaurant,Reported Assault at Bar / Restaurant
SYN-2025-02321,2025-12-29,14:03:22,Vandalism,Downtown Central,District 1,37.732385,-122.41396,Bar / Restaurant,Reported Vandalism at Bar / Restaurant
SYN-2025-00707,2025-12-29,14:05:03,Motor Vehicle Theft,Mission Commercial,District 3,37.756669,-122.415421,Street / Sidewalk,Reported Motor Vehicle Theft at Street / Sidewalk
SYN-2025-02980,2025-12-29,15:36:01,Motor Vehicle Theft,Westside Arts,District 5,37.776998,-122.433769,Parking Facility,Reported Motor Vehicle Theft at Parking Facility
SYN-2025-00526,2025-12-29,15:37:38,Assault,Mission Commercial,District 3,37.761461,-122.419416,Street / Sidewalk,Reported Assault at Street / Sidewalk
SYN-2025-00591,2025-12-29,16:11:11,Assault,Waterfront Marina,District 2,37.803161,-122.435138,Park / Public Space,Reported Assault at Park / Public Space
SYN-2025-03649,2025-12-29,16:37:52,Motor Vehicle Theft,Mission Commercial,District 3,37.756639,-122.419116,Parking Facility,Reported Motor Vehicle Theft at Parking Facility
SYN-2025-03020,2025-12-29,17:56:09,Theft / Larceny,South Rail Corridor,District 4,37.7494,-122.389339,Transit Station,Reported Theft / Larceny at Transit Station
SYN-2025-04345,2025-12-29,19:02:38,Burglary,Downtown Central,District 1,37.778305,-122.417963,Commercial Retail,Reported Burglary at Commercial Retail
SYN-2025-00775,2025-12-29,19:25:39,Public Disorder,Waterfront Marina,District 2,37.807786,-122.441206,Street / Sidewalk,Reported Public Disorder at Street / Sidewalk
SYN-2025-00480,2025-12-30,11:33:19,Vandalism,Downtown Central,District 1,37.791588,-122.43157,Parking Facility,Reported Vandalism at Parking Facility
SYN-2025-03608,2025-12-30,14:25:20,Theft / Larceny,Downtown Central,District 1,37.780213,-122.414473,Residential Apartment,Reported Theft / Larceny at Residential Apartment
SYN-2025-03012,2025-12-30,15:37:58,Narcotics,Downtown Central,District 1,37.7832,-122.4283,Bar / Restaurant,Reported Narcotics at Bar / Restaurant
SYN-2025-00849,2025-12-31,08:24:36,Burglary,Westside Arts,District 5,37.775028,-122.430069,Commercial Retail,Reported Burglary at Commercial Retail
SYN-2025-02367,2025-12-31,09:52:53,Public Disorder,Downtown Central,District 1,37.778262,-122.420086,Park / Public Space,Reported Public Disorder at Park / Public Space
SYN-2025-00660,2025-12-31,13:27:47,Theft / Larceny,Mission Commercial,District 3,37.813796,-122.422325,Street / Sidewalk,Reported Theft / Larceny at Street / Sidewalk
SYN-2025-03843,2025-12-31,20:16:39,Assault,Mission Commercial,District 3,37.767138,-122.420466,Bar / Restaurant,Reported Assault at Bar / Restaurant
SYN-2025-03684,2025-12-31,21:51:15,Motor Vehicle Theft,Mission Commercial,District 3,37.756125,-122.418948,Parking Facility,Reported Motor Vehicle Theft at Parking Facility
